# Blender 5.0.1
# www.blender.org
mtllib Bee.mtl
o leg_low001
v 8.651519 74.941940 -36.298477
v 3.805202 73.168282 -32.848129
v 13.155012 58.942440 -28.185474
v 7.371170 60.429436 -26.542912
v 16.213547 78.369827 -29.896877
v 20.877262 64.497162 -22.163977
v 16.229797 49.123245 -18.324335
v 21.412487 53.546017 -14.778870
v 17.400635 47.365906 -13.905253
v 21.427238 51.011513 -11.555458
v 11.880558 63.434193 -30.903740
v 10.291130 68.968964 -33.633926
v 4.362719 68.644226 -30.934149
v 5.712762 63.879089 -28.582598
v 19.776707 69.565208 -24.958277
v 18.406189 74.269867 -27.315145
v 15.144320 53.159935 -23.479395
v 21.263952 58.431984 -18.803968
v 13.636997 76.914345 -34.940781
v 18.424870 61.064354 -26.685301
v 19.819860 51.098034 -17.297070
v 19.872725 48.505825 -13.188627
v 17.247787 65.836319 -29.489946
v 15.683505 71.277283 -32.164211
v 19.522034 55.252190 -22.428585
v 6.569927 76.859848 -30.472874
v 2.278325 73.490868 -29.994934
v 10.847919 61.482658 -22.850859
v 5.714921 61.560699 -24.167088
v 16.291725 79.343071 -26.123795
v 20.868935 66.102066 -19.226357
v 14.784403 51.016029 -15.216180
v 21.872154 55.075951 -13.147978
v 16.575994 48.284111 -11.739309
v 21.365166 51.387066 -10.709028
v 9.579637 65.955971 -25.557646
v 7.996842 71.467636 -28.276432
v 2.760533 69.419289 -28.375938
v 4.087538 64.803841 -26.107740
v 19.623144 71.339439 -21.687519
v 18.331055 75.841621 -23.912731
v 13.530736 54.973869 -19.118189
v 21.700079 60.073166 -16.582672
v 11.558740 78.829376 -29.101444
v 16.028811 63.567394 -21.375269
v 18.562860 52.442902 -14.032839
v 19.025898 49.415596 -11.026547
v 14.855517 68.318947 -24.168694
v 13.297747 73.737259 -26.831827
v 17.833748 57.033272 -18.087543
v 8.225889 67.664474 -23.199425
v 5.591244 77.014587 -27.223442
v 10.613937 79.022049 -25.843176
v 13.493057 70.006935 -21.806734
v 5.535737 75.006683 -24.348797
v 6.592022 71.157990 -22.601210
v 11.882389 73.424484 -21.185925
v 10.707466 77.179451 -22.967781
vn 0.0043 -0.4174 -0.9087
vn 0.0257 -0.4813 -0.8762
vn -0.6070 -0.5387 -0.5843
vn -0.6372 -0.4302 -0.6395
vn 0.6651 -0.1350 -0.7345
vn 0.6756 -0.2036 -0.7086
vn 0.7409 -0.5242 -0.4199
vn 0.9573 -0.2119 -0.1966
vn 0.9609 -0.2338 -0.1483
vn 0.7360 -0.5685 -0.3675
vn -0.6046 -0.3917 -0.6936
vn 0.0310 -0.3888 -0.9208
vn -0.5504 -0.5951 -0.5856
vn 0.1974 -0.5079 -0.8385
vn 0.7017 -0.2838 -0.6535
vn 0.8998 0.2254 -0.3737
vn 0.9296 0.1996 -0.3098
vn 0.6231 -0.1350 -0.7704
vn 0.4528 -0.5703 -0.6854
vn 0.7284 -0.4076 -0.5507
vn 0.4964 -0.6916 -0.5247
vn 0.9648 -0.1060 -0.2405
vn 0.9662 0.0161 -0.2574
vn 0.9532 0.0974 -0.2861
vn 0.5072 -0.7361 -0.4482
vn -0.1839 0.4191 0.8891
vn -0.2572 0.4157 0.8724
vn -0.1646 0.3670 0.9155
vn -0.1658 0.3712 0.9136
vn -0.2688 0.0323 0.9627
vn -0.2679 0.0299 0.9630
vn 0.0105 -0.5299 0.8480
vn 0.0080 -0.5259 0.8505
vn -0.5626 0.5229 0.6404
vn -0.5788 0.4847 0.6558
vn -0.5083 0.5369 0.6733
vn -0.4993 0.5593 0.6617
vn -0.1575 0.3418 0.9265
vn -0.1984 0.4500 0.8707
vn -0.3342 0.3909 0.8576
vn -0.5025 0.3037 0.8095
vn -0.4594 0.3226 0.8276
vn -0.5514 0.2077 0.8080
vn -0.5531 0.2128 0.8055
vn -0.5440 0.1873 0.8179
vn -0.4854 0.4165 0.7687
vn -0.4078 0.4477 0.7958
vn -0.4395 0.5696 0.6946
vn -0.5488 0.3526 0.7580
vn -0.5313 0.2794 0.7998
vn -0.5526 0.2562 0.7931
vn -0.4466 0.5862 0.6760
vn -0.4203 0.5436 0.7265
vn -0.4205 0.5447 0.7256
vn -0.4111 0.8908 0.1934
vn -0.4107 0.8915 0.1910
vn -0.8034 -0.4886 -0.3403
vn -0.8399 -0.3545 -0.4110
vn 0.5591 -0.6879 0.4628
vn 0.4217 -0.7767 0.4678
vn 0.3783 -0.7993 0.4669
vn 0.9878 -0.1067 -0.1131
vn 0.9897 -0.1311 -0.0580
vn -0.5755 0.7015 -0.4204
vn -0.3980 0.8571 -0.3270
vn -0.3701 0.8377 -0.4017
vn -0.8541 -0.2827 -0.4365
vn -0.1205 -0.9189 0.3756
vn -0.7788 -0.5556 -0.2913
vn -0.1529 0.9236 -0.3514
vn -0.1689 0.9470 -0.2734
vn 0.0471 0.9593 -0.2784
vn 0.9006 0.4096 -0.1456
vn 0.9400 0.3213 -0.1150
vn -0.8633 -0.4931 -0.1070
vn -0.8493 -0.5207 -0.0868
vn -0.8864 -0.4367 -0.1538
vn -0.8853 -0.4385 -0.1548
vn 0.9887 0.1185 -0.0923
vn 0.9910 -0.0164 -0.1327
vn 0.9739 0.2120 -0.0806
vn -0.8067 -0.5900 -0.0328
vn 0.2589 -0.8499 0.4590
vn -0.8823 -0.4436 -0.1576
vn -0.8944 -0.3764 -0.2416
vn -0.8979 -0.3677 -0.2421
vn -0.8998 -0.3593 -0.2475
vn -0.9028 -0.3500 -0.2500
vn -0.9036 -0.3432 -0.2564
vn 0.8841 0.4056 0.2318
vn 0.8853 0.3998 0.2376
vn 0.8882 0.3918 0.2398
vn 0.8901 0.3845 0.2446
vn 0.8932 0.3770 0.2451
vn 0.1674 -0.7520 0.6375
vt 0.583691 0.379853
vt 0.587194 0.356201
vt 0.613302 0.364478
vt 0.608211 0.387046
vt 0.562261 0.378031
vt 0.563678 0.354801
vt 0.562472 0.279010
vt 0.546666 0.277375
vt 0.546882 0.259609
vt 0.560751 0.260151
vt 0.600093 0.407415
vt 0.578537 0.399756
vt 0.614980 0.345378
vt 0.589531 0.333334
vt 0.564642 0.332673
vt 0.543604 0.400008
vt 0.538667 0.378452
vt 0.564286 0.397888
vt 0.583131 0.301896
vt 0.564317 0.304233
vt 0.578505 0.277172
vt 0.543730 0.303735
vt 0.539481 0.332260
vt 0.538395 0.356481
vt 0.572432 0.258154
vt 0.708631 0.286839
vt 0.682801 0.284106
vt 0.682955 0.313177
vt 0.708636 0.311298
vt 0.657053 0.316182
vt 0.681503 0.316102
vt 0.681535 0.300002
vt 0.657073 0.300388
vt 0.643585 0.180149
vt 0.637855 0.199982
vt 0.657351 0.195600
vt 0.657157 0.175751
vt 0.705407 0.331339
vt 0.681965 0.340615
vt 0.705459 0.268151
vt 0.682698 0.259321
vt 0.655413 0.284322
vt 0.656103 0.258352
vt 0.654450 0.312969
vt 0.626278 0.309054
vt 0.630471 0.329974
vt 0.654472 0.339812
vt 0.657058 0.223817
vt 0.679400 0.222806
vt 0.676799 0.196575
vt 0.633820 0.227744
vt 0.629025 0.257950
vt 0.627006 0.285161
vt 0.670101 0.175479
vt 0.681101 0.334071
vt 0.657269 0.333999
vt 0.657548 0.348090
vt 0.680573 0.348529
vt 0.626669 0.367514
vt 0.621286 0.390694
vt 0.544069 0.256554
vt 0.556540 0.250732
vt 0.536809 0.276313
vt 0.543273 0.257611
vt 0.607302 0.422366
vt 0.579393 0.423924
vt 0.614872 0.409805
vt 0.615981 0.321854
vt 0.628769 0.342271
vt 0.628899 0.348769
vt 0.554685 0.418743
vt 0.529948 0.411549
vt 0.526780 0.398622
vt 0.523158 0.379053
vt 0.591185 0.267603
vt 0.601167 0.290940
vt 0.525232 0.330975
vt 0.531825 0.302599
vt 0.522703 0.356712
vt 0.579620 0.249580
vt 0.568832 0.247213
vt 0.615771 0.321589
vt 0.685922 0.236119
vt 0.700396 0.233032
vt 0.711393 0.218808
vt 0.687282 0.207079
vt 0.712668 0.198785
vt 0.704490 0.184851
vt 0.689699 0.179730
vt 0.680218 0.362539
vt 0.657383 0.362107
vt 0.686862 0.234797
vt 0.702156 0.231209
vt 0.711631 0.218574
vt 0.687245 0.207957
vt 0.712359 0.198627
vt 0.702796 0.183734
vt 0.688639 0.179327
vt 0.656911 0.287159
vt 0.681435 0.286754
s 1
usemtl 03_-_Default
f 12/1/1 11/2/2 14/3/3 13/4/4
f 11/2/2 12/1/1 24/5/5 23/6/6
f 21/7/7 8/8/8 10/9/9 22/10/10
f 12/1/1 13/4/4 2/11/11 1/12/12
f 4/13/13 14/3/3 11/2/2 3/14/14
f 3/14/14 11/2/2 23/6/6 20/15/15
f 5/16/16 16/17/17 24/5/5 19/18/18
f 17/19/19 25/20/20 21/7/7 7/21/21
f 18/22/22 25/20/20 20/15/15 6/23/23
f 23/6/6 24/5/5 16/17/17 15/24/24
f 7/21/21 21/7/7 22/10/10 9/25/25
f 6/23/23 20/15/15 23/6/6 15/24/24
f 19/18/18 24/5/5 12/1/1 1/12/12
f 8/8/8 21/7/7 25/20/20 18/22/22
f 3/14/14 20/15/15 25/20/20 17/19/19
f 39/26/26 36/27/27 37/28/28 38/29/29
f 57/30/30 56/31/31 51/32/32 54/33/33
f 35/34/34 33/35/35 46/36/36 47/37/37
f 27/38/38 38/29/29 37/28/28 26/39/38
f 36/27/27 39/26/26 29/40/39 28/41/40
f 48/42/41 36/27/27 28/41/40 45/43/42
f 49/44/43 41/45/44 30/46/45 44/47/45
f 46/36/36 50/48/46 42/49/47 32/50/48
f 45/43/42 50/48/46 43/51/49 31/52/50
f 41/45/44 49/44/43 48/42/41 40/53/51
f 47/37/37 46/36/36 32/50/48 34/54/52
f 48/42/41 45/43/42 31/52/50 40/53/51
f 55/55/53 58/56/54 53/57/55 52/58/56
f 50/48/46 46/36/36 33/35/35 43/51/49
f 50/48/46 45/43/42 28/41/40 42/49/47
f 14/3/3 39/59/57 38/60/58 13/4/4
f 10/9/59 35/61/59 47/62/60 22/10/61
f 8/8/8 33/63/62 35/64/63 10/9/9
f 2/11/64 27/65/64 26/66/65 1/12/66
f 13/4/4 38/60/58 27/67/67 2/11/11
f 3/14/68 28/68/68 29/69/68 4/13/68
f 4/13/13 29/70/69 39/59/57 14/3/3
f 19/18/70 44/71/71 30/72/72 5/16/72
f 5/16/16 30/73/73 41/74/74 16/17/17
f 7/21/75 32/75/76 42/76/77 17/19/78
f 6/23/23 31/77/79 43/78/80 18/22/22
f 16/17/17 41/74/74 40/79/81 15/24/24
f 9/25/82 34/80/82 32/75/76 7/21/75
f 22/10/61 47/62/60 34/81/83 9/25/83
f 15/24/24 40/79/81 31/77/79 6/23/23
f 1/12/66 26/66/65 44/71/71 19/18/70
f 18/22/22 43/78/80 33/63/62 8/8/8
f 17/19/78 42/76/77 28/82/84 3/14/84
f 36/83/85 51/84/85 56/85/86 37/86/87
f 37/86/87 55/87/88 52/88/89 26/89/89
f 26/90/65 52/58/56 53/57/55 44/91/71
f 44/92/90 53/93/90 58/94/91 49/95/92
f 49/95/92 57/96/93 54/97/94 48/98/94
f 48/99/95 54/33/33 51/32/32 36/100/95
f 37/86/87 56/85/86 55/87/88
f 49/95/92 58/94/91 57/96/93
f 56/31/31 57/30/30 58/56/54 55/55/53
o thigh_low001
v 15.828002 72.245697 -25.180265
v 15.808566 73.135376 -26.536816
v 15.303286 74.536232 -27.180592
v 14.505169 75.913177 -26.865690
v 13.719067 76.740273 -25.712399
v 13.245240 76.701591 -24.161224
v 13.264676 75.811913 -22.804674
v 13.769955 74.411057 -22.160900
v 14.568072 73.034111 -22.475801
v 15.354177 72.207024 -23.629097
v 7.058886 67.800804 -27.969746
v 7.039450 68.690483 -29.326298
v 6.534170 70.091339 -29.970074
v 5.736052 71.468277 -29.655167
v 4.949944 72.295372 -28.501873
v 4.476124 72.256699 -26.950705
v 4.495559 71.367020 -25.594154
v 5.000837 69.966171 -24.950378
v 5.798956 68.589218 -25.265282
v 6.585062 67.762123 -26.418575
v 8.555118 68.559219 -27.493790
v 14.331773 71.487289 -25.656223
v 14.312334 72.376968 -27.012772
v 8.535678 69.448898 -28.850342
v 13.807057 73.777817 -27.656548
v 8.030402 70.849747 -29.494118
v 13.008938 75.154762 -27.341642
v 7.232284 72.226692 -29.179211
v 12.222837 75.981865 -26.188351
v 6.446180 73.053787 -28.025921
v 11.749008 75.943176 -24.637177
v 5.972355 73.015106 -26.474749
v 11.768446 75.053505 -23.280628
v 5.991791 72.125427 -25.118198
v 12.273726 73.652649 -22.636856
v 6.497067 70.724579 -24.474424
v 13.071840 72.275703 -22.951756
v 7.295188 69.347633 -24.789326
v 13.857946 71.448608 -24.105051
v 8.081293 68.520538 -25.942623
v 4.465238 69.021523 -21.761431
v 3.163312 70.296722 -20.603142
v 5.090173 71.246582 -20.049192
v 5.961461 69.779938 -21.285469
v 6.838994 68.265984 -21.631704
v 7.841286 66.497017 -21.153130
v 5.959515 65.497665 -21.718761
v 5.342765 67.507568 -22.107672
v 12.363056 74.933083 -17.735678
v 13.234335 73.466408 -18.971975
v 14.111883 71.952446 -19.318186
v 15.114177 70.183517 -18.839603
v 13.232407 69.184174 -19.405231
v 12.615664 71.194046 -19.794119
v 11.738124 72.707993 -19.447905
v 10.436192 73.983215 -18.289621
v 2.482365 70.556274 -19.490110
v 4.689061 71.674805 -18.788162
v 8.241652 65.545731 -20.189850
v 6.034954 64.427200 -20.891806
v 11.961926 75.361313 -16.474644
v 15.514534 69.232231 -17.876310
v 13.307835 68.113708 -18.578266
v 9.755234 74.242783 -17.176590
v 2.157436 69.039207 -15.800007
v 4.235158 70.146065 -15.157293
v 7.330486 64.716942 -16.296743
v 5.213571 63.729961 -16.863914
v 11.508017 73.832596 -12.843771
v 14.603360 68.403473 -13.983199
v 12.486440 67.416496 -14.550363
v 9.430300 72.725731 -13.486475
v 2.056639 70.224648 -17.517317
v 4.212254 71.323830 -16.833599
v 8.067299 64.667236 -18.352255
v 5.907649 63.582283 -19.030014
v 11.485121 75.010345 -14.520080
v 15.340178 68.353752 -16.038706
v 13.180526 67.268799 -16.716465
v 9.329504 73.911156 -15.203788
v 3.027948 67.174965 -14.741173
v 4.730550 68.037979 -14.199564
v 6.102461 65.671112 -14.740858
v 4.399854 64.808098 -15.282464
v 12.003417 71.724518 -11.886043
v 13.375332 69.357651 -12.427326
v 11.672724 68.494629 -12.968921
v 10.300814 70.861496 -12.427633
vn 0.8581 0.4349 0.2730
vn 0.4919 -0.8487 -0.1941
vn 0.4845 -0.5098 -0.7109
vn 0.2921 0.0238 -0.9561
vn -0.0120 0.5484 -0.8361
vn -0.3114 0.8635 -0.3968
vn -0.4919 0.8487 0.1941
vn -0.5109 0.6936 0.5079
vn -0.5109 0.6937 0.5077
vn -0.0358 -0.4796 0.8768
vn -0.0357 -0.4795 0.8768
vn -0.2517 -0.1075 0.9618
vn -0.2515 -0.1074 0.9619
vn 0.4123 -0.8996 0.1441
vn 0.4124 -0.8996 0.1438
vn -0.8457 -0.4522 -0.2834
vn -0.8581 -0.4349 -0.2730
vn -0.8678 -0.4141 -0.2745
vn -0.8730 -0.4026 -0.2753
vn -0.8388 -0.4615 -0.2890
vn 0.8692 0.4186 0.2630
vn 0.8752 0.4095 0.2575
vn 0.8431 0.4648 0.2704
vn 0.8485 0.4542 0.2714
vn -0.4998 0.8210 0.2762
vn -0.4998 0.8209 0.2764
vn 0.4800 -0.8704 -0.1096
vn 0.4800 -0.8704 -0.1094
vn -0.8066 -0.4086 -0.4271
vn -0.8203 -0.4090 -0.3998
vn -0.3941 0.9005 -0.1836
vn -0.3964 0.9009 -0.1767
vn 0.8937 0.3796 0.2393
vn 0.8799 0.4547 0.1380
vn 0.8852 0.4507 0.1151
vn 0.8246 0.4987 0.2671
vn 0.8556 0.5018 0.1268
vn 0.8604 0.4882 0.1460
vn 0.5139 -0.6703 -0.5354
vn 0.5134 -0.6661 -0.5410
vn -0.8408 -0.3739 -0.3914
vn -0.8384 -0.3538 -0.4146
vn -0.8888 -0.3647 -0.2777
vn -0.8150 -0.4913 -0.3071
vn 0.4883 -0.8557 -0.1715
vn -0.1472 -0.3008 0.9422
vn -0.4953 0.8413 0.2166
vn -0.0358 -0.4796 0.8767
vn 0.1472 0.3008 -0.9422
vn -0.4027 0.8995 -0.1695
vn -0.4029 0.8995 -0.1689
vn 0.8645 0.4493 0.2256
vn 0.8645 0.4493 0.2254
vn 0.5107 -0.6799 -0.5262
vn 0.5107 -0.6795 -0.5268
vn 0.8644 0.4493 0.2256
vn -0.5069 0.8150 0.2808
vn -0.4894 0.5167 0.7025
vn -0.4906 0.5221 0.6976
vn -0.5069 0.8151 0.2805
vn 0.8556 0.4291 0.2895
vn 0.8490 0.4168 0.3248
vn 0.8487 0.4164 0.3260
vn 0.8556 0.4291 0.2894
vn 0.4645 -0.8816 -0.0845
vn 0.3058 -0.8671 0.3932
vn 0.2998 -0.8629 0.4069
vn 0.4643 -0.8817 -0.0839
vn -0.8604 -0.4413 -0.2549
vn -0.8647 -0.4530 -0.2168
vn -0.8646 -0.4525 -0.2185
vn -0.8604 -0.4414 -0.2548
vn 0.4644 -0.8816 -0.0845
vn 0.2998 -0.8629 0.4070
vn -0.8502 -0.4207 -0.3163
vn -0.8502 -0.4207 -0.3165
vn -0.3052 0.0044 0.9523
vn 0.0281 -0.5705 0.8208
vn -0.8705 -0.4764 -0.1231
vn 0.8248 0.3829 0.4162
vt 0.750836 0.255413
vt 0.738762 0.259335
vt 0.738760 0.292570
vt 0.750833 0.296494
vt 0.822849 0.184442
vt 0.822953 0.229556
vt 0.833825 0.229531
vt 0.833722 0.184417
vt 0.844697 0.229506
vt 0.844594 0.184392
vt 0.855569 0.229481
vt 0.855467 0.184368
vt 0.866441 0.229456
vt 0.866339 0.184343
vt 0.877313 0.229432
vt 0.877211 0.184318
vt 0.888185 0.229408
vt 0.888084 0.184294
vt 0.899057 0.229384
vt 0.898956 0.184269
vt 0.909930 0.229359
vt 0.909828 0.184245
vt 0.801104 0.184492
vt 0.801208 0.229606
vt 0.812080 0.229581
vt 0.811976 0.184467
vt 0.896629 0.257569
vt 0.884547 0.253661
vt 0.884603 0.294756
vt 0.896676 0.290815
vt 0.904078 0.280535
vt 0.904063 0.267825
vt 0.872474 0.257602
vt 0.865024 0.267886
vt 0.865042 0.280585
vt 0.872520 0.290849
vt 0.731299 0.269605
vt 0.731299 0.282299
vt 0.762906 0.292572
vt 0.770322 0.282310
vt 0.770331 0.269604
vt 0.762909 0.259337
vt 0.822980 0.241241
vt 0.833852 0.241216
vt 0.833695 0.172731
vt 0.822822 0.172756
vt 0.844724 0.241190
vt 0.844568 0.172707
vt 0.855596 0.241165
vt 0.855440 0.172682
vt 0.866467 0.241141
vt 0.866313 0.172658
vt 0.877339 0.241117
vt 0.877185 0.172633
vt 0.888210 0.241093
vt 0.888057 0.172609
vt 0.812108 0.241267
vt 0.811949 0.172781
vt 0.930248 0.267242
vt 0.937388 0.252038
vt 0.923525 0.242672
vt 0.923149 0.227810
vt 0.793608 0.226599
vt 0.776943 0.219708
vt 0.781506 0.211638
vt 0.793514 0.221493
vt 0.793077 0.191936
vt 0.780372 0.200777
vt 0.776157 0.193056
vt 0.793505 0.186870
vt 0.777225 0.228180
vt 0.776934 0.242952
vt 0.937326 0.296125
vt 0.930292 0.281042
vt 0.803297 0.297786
vt 0.796520 0.282860
vt 0.796546 0.269049
vt 0.803194 0.254209
vt 0.777091 0.171380
vt 0.776801 0.186153
vt 0.919723 0.226872
vt 0.936443 0.219302
vt 0.931744 0.211679
vt 0.919676 0.221936
vt 0.919060 0.192791
vt 0.930384 0.201559
vt 0.934654 0.193799
vt 0.918832 0.188037
vt 0.923402 0.185866
vt 0.923023 0.171004
vt 0.915326 0.197053
vt 0.923560 0.204266
vt 0.915665 0.226086
vt 0.915215 0.217625
vt 0.911205 0.221775
vt 0.923543 0.209008
vt 0.789077 0.208884
vt 0.797724 0.217017
vt 0.796560 0.188839
vt 0.799888 0.192583
vt 0.796405 0.195680
vt 0.789192 0.203500
vt 0.932367 0.243805
vt 0.932386 0.226572
vt 0.771671 0.223718
vt 0.770551 0.189344
vt 0.767844 0.226939
vt 0.767937 0.244174
vt 0.812117 0.304063
vt 0.812158 0.247854
vt 0.767710 0.170139
vt 0.767803 0.187376
vt 0.932246 0.186997
vt 0.932260 0.169763
vt 0.946071 0.243626
vt 0.960068 0.243390
vt 0.959796 0.227040
vt 0.946070 0.226777
vt 0.762117 0.225536
vt 0.752820 0.222572
vt 0.751339 0.192355
vt 0.760881 0.188215
vt 0.754147 0.227214
vt 0.739515 0.227652
vt 0.738934 0.243751
vt 0.754208 0.244037
vt 0.961715 0.304465
vt 0.978040 0.297525
vt 0.976806 0.249153
vt 0.961538 0.243564
vt 0.827820 0.306534
vt 0.842852 0.301210
vt 0.843699 0.251772
vt 0.827895 0.245505
vt 0.754011 0.170414
vt 0.739378 0.170854
vt 0.738797 0.186954
vt 0.754073 0.187239
vt 0.950895 0.223115
vt 0.960050 0.218425
vt 0.957333 0.190498
vt 0.948270 0.187897
vt 0.945951 0.186815
vt 0.959949 0.186575
vt 0.959673 0.170224
vt 0.945945 0.169965
vt 0.945812 0.246017
vt 0.945931 0.302217
vt 0.939276 0.189968
vt 0.941673 0.222469
vt 0.975508 0.241965
vt 0.975579 0.228669
vt 0.724862 0.229287
vt 0.725044 0.242584
vt 0.988144 0.284881
vt 0.988102 0.263178
vt 0.724724 0.172489
vt 0.724906 0.185788
vt 0.965370 0.210693
vt 0.964447 0.198142
vt 0.975390 0.185145
vt 0.975458 0.171848
vt 0.994266 0.228769
vt 0.994195 0.242065
vt 0.994079 0.185240
vt 0.994146 0.171943
vt 0.854406 0.265134
vt 0.854393 0.286841
vt 0.745052 0.200735
vt 0.745482 0.214010
s 1
usemtl 03_-_Default
f 59/101/96 60/102/96 63/103/96 64/104/96
f 80/105/97 79/106/97 82/107/98 81/108/98
f 81/108/98 82/107/98 84/109/99 83/110/99
f 83/110/99 84/109/99 86/111/100 85/112/100
f 85/112/100 86/111/100 88/113/101 87/114/101
f 87/114/101 88/113/101 90/115/102 89/116/102
f 89/116/102 90/115/102 92/117/103 91/118/104
f 91/118/104 92/117/103 94/119/105 93/120/106
f 93/120/106 94/119/105 96/121/107 95/122/108
f 95/123/108 96/124/107 98/125/109 97/126/110
f 97/126/110 98/125/109 79/106/97 80/105/97
f 75/127/111 74/128/112 69/129/112 78/130/113
f 78/130/113 77/131/114 76/132/115 75/127/111
f 73/133/112 72/134/112 71/135/112 70/136/112
f 70/136/112 69/129/112 74/128/112 73/133/112
f 60/102/96 61/137/96 62/138/96 63/103/96
f 65/139/116 66/140/117 67/141/118 68/142/119
f 68/142/119 59/101/96 64/104/96 65/139/116
f 79/106/97 69/143/97 70/144/98 82/107/98
f 81/108/98 60/145/98 59/146/97 80/105/97
f 82/107/98 70/144/98 71/147/99 84/109/99
f 83/110/99 61/148/99 60/145/98 81/108/98
f 84/109/99 71/147/99 72/149/100 86/111/100
f 85/112/100 62/150/100 61/148/99 83/110/99
f 86/111/100 72/149/100 73/151/101 88/113/101
f 87/114/101 63/152/101 62/150/100 85/112/100
f 88/113/101 73/151/101 74/153/102 90/115/102
f 89/116/102 64/154/102 63/152/101 87/114/101
f 90/115/102 74/153/102 75/155/120 92/117/103
f 91/118/104 65/156/121 64/154/102 89/116/102
f 98/125/109 78/157/122 69/143/97 79/106/97
f 80/105/97 59/146/97 68/158/123 97/126/110
f 76/132/115 99/159/124 100/160/125 75/127/111
f 75/155/120 100/161/126 101/162/127 92/117/103
f 92/163/128 101/164/129 102/165/130 94/166/128
f 96/167/131 103/168/132 104/169/133 98/170/131
f 98/125/109 104/171/134 105/172/135 78/157/122
f 78/130/113 105/173/136 106/174/137 77/131/114
f 65/139/116 107/175/129 108/176/130 66/140/117
f 67/141/118 109/177/132 110/178/133 68/142/119
f 68/158/123 110/179/134 111/180/135 97/126/110
f 97/181/138 111/182/136 112/183/137 95/184/138
f 93/185/139 113/186/124 114/187/125 91/188/139
f 91/118/104 114/189/126 107/190/127 65/156/121
f 66/191/140 108/192/140 113/186/140 93/185/105
f 93/193/141 95/184/141 67/194/141 66/195/141
f 95/184/108 112/183/142 109/196/142 67/194/142
f 94/166/143 102/165/140 99/197/140 76/198/140
f 96/167/141 94/199/141 76/200/141 77/201/141
f 77/201/142 106/202/142 103/168/142 96/167/108
f 113/186/144 108/192/144 109/196/144 112/183/144
f 99/197/144 102/165/144 103/168/144 106/202/144
f 100/161/126 115/203/145 116/204/146 101/162/127
f 116/205/147 117/206/148 104/169/133 101/164/129
f 104/171/134 117/207/149 118/208/150 105/172/135
f 100/160/125 99/159/124 106/174/137 105/173/136
f 119/209/151 120/210/148 110/178/133 107/175/129
f 110/179/134 120/211/149 121/212/150 111/180/135
f 114/187/125 113/186/124 112/183/137 111/182/136
f 114/189/126 122/213/145 119/214/146 107/190/127
f 131/215/152 123/216/153 124/217/154 132/218/155
f 132/219/156 124/220/157 125/221/158 133/222/159
f 133/223/160 125/224/161 126/225/162 134/226/163
f 134/227/164 126/228/165 123/229/166 131/230/167
f 135/231/156 127/232/157 128/233/158 136/234/159
f 136/235/168 128/236/161 129/237/169 137/238/163
f 137/239/164 129/240/165 130/241/166 138/242/167
f 138/243/152 130/244/153 127/245/154 135/246/155
f 116/204/146 115/203/145 131/215/152 132/218/155
f 117/206/148 116/205/147 132/219/156 133/222/159
f 118/208/150 117/207/149 133/223/160 134/226/163
f 115/247/170 118/248/171 134/227/164 131/230/167
f 120/210/148 119/209/151 135/231/156 136/234/159
f 121/212/150 120/211/149 136/235/168 137/238/163
f 122/249/170 121/250/171 137/239/164 138/242/167
f 119/214/146 122/213/145 138/243/152 135/246/155
f 123/216/153 139/251/172 140/252/172 124/217/154
f 125/224/161 141/253/173 142/254/173 126/225/162
f 142/255/174 139/256/174 123/229/166 126/228/165
f 128/236/161 144/257/173 145/258/173 129/237/169
f 145/259/174 146/260/174 130/241/166 129/240/165
f 130/244/153 146/261/172 143/262/172 127/245/154
f 141/263/173 140/252/172 139/251/172 142/264/173
f 146/261/172 145/265/173 144/266/173 143/262/172
f 104/169/133 103/168/132 102/165/130 101/164/129
f 110/178/133 109/177/132 108/176/130 107/175/129
f 144/267/175 128/233/158 127/232/157 143/268/175
f 141/269/175 125/221/158 124/220/157 140/270/175
f 111/182/136 121/250/171 122/249/170 114/187/125
f 105/173/136 118/248/171 115/247/170 100/160/125
o hips_low
v -22.257349 69.792465 -17.040539
v -16.997452 60.812515 -15.299109
v -27.173939 66.096985 10.189534
v -22.838175 58.725159 10.140047
v -24.428564 66.409187 17.511402
v -20.551777 59.633827 17.333138
v -20.282269 67.581573 23.081543
v -16.632353 61.364273 22.826313
v -14.222206 69.874130 27.684841
v -11.057580 63.999184 27.090721
v -6.364148 73.211578 30.253311
v -3.693888 67.514442 29.406364
v 1.628459 76.680672 30.282993
v 3.810241 70.990784 29.342922
v -9.767731 52.547119 -12.180458
v -5.652522 52.533623 -6.618438
v -12.206682 51.843151 -7.779255
v -8.289333 51.721855 -2.315056
v -10.804300 51.066154 3.216597
v -15.441282 52.050407 10.140054
v -11.423628 51.268410 9.884169
v -13.752563 53.110233 16.544441
v -9.403894 52.641987 15.525654
v -10.356008 55.110016 21.548977
v -6.644683 54.253716 19.576862
v -5.900044 57.587502 25.182396
v -2.989361 56.287086 22.635883
v 0.194506 60.769783 27.267750
v 2.666321 59.227531 24.430622
v 6.852161 63.999870 27.175762
v 8.210495 61.906181 24.227314
v -24.102356 74.795990 -16.594166
v -28.165960 72.864487 -7.887573
v -29.665918 71.943481 -1.855113
v -29.019367 71.101280 10.448235
v -26.581274 71.308380 17.585848
v -22.408606 72.464775 23.339001
v -16.501148 74.680779 27.994740
v -8.357235 78.138382 30.744846
v -0.159804 81.695534 30.737236
v -5.261750 55.751842 -5.775823
v -7.873052 54.958748 -1.749725
v -10.472204 54.288933 3.520122
v -10.906862 54.643688 9.697907
v -9.406263 55.803955 15.168400
v -6.789248 57.389832 18.938679
v -3.263421 59.399658 21.741867
v 2.174851 62.272427 23.295055
v 7.738810 64.982819 22.942867
v -13.965332 51.464912 1.798622
v -14.641500 51.725986 6.069156
v -12.722045 51.785152 -2.906333
v -19.309620 59.969337 -11.050943
v -26.449257 67.653755 -7.513336
v -23.767452 66.661377 -11.503282
v -15.822695 53.500584 -4.885059
v -15.210789 55.372726 -9.366119
v -27.926497 67.416519 -2.180003
v -23.267902 58.556110 4.341007
v -15.794223 51.700352 6.344294
v -13.775557 51.785931 -3.814859
v -21.599165 66.819923 -10.075001
v -17.183546 61.068588 -9.635021
v -14.292374 57.020954 -8.313786
v -15.034260 55.117859 -4.250880
v -20.534063 59.552979 4.878235
v -25.482277 66.450455 2.762478
v -25.830915 67.281319 -1.708155
v -24.282204 67.581673 -6.836432
v -23.094517 68.544151 -1.433455
v -21.949518 68.715607 -5.265795
v -18.712044 59.825390 -5.719371
v -17.247843 61.879238 -4.277590
v -20.501148 59.731964 -0.261386
v -18.550201 61.857651 -0.256075
v -27.922943 66.244064 2.415749
v -29.717527 71.503868 3.091642
v -10.849312 63.223175 -21.433060
v 11.033245 74.165779 27.135746
v -1.322748 54.126038 -10.910796
v 13.133934 66.834557 25.375088
v 12.881075 63.997124 22.736343
v 7.310845 84.888603 28.517532
v 11.277729 66.572624 21.765800
v -7.219015 76.068306 -25.229973
v -15.921465 72.489052 -23.646336
v -2.726127 66.768265 -23.070858
v 21.069918 85.396751 -7.265754
v 16.812881 84.453697 -13.764415
v 19.399458 76.351898 -12.861344
v 23.387806 77.970833 -6.595084
v 23.037384 85.659866 -0.509081
v 25.063210 78.764793 0.120113
v 22.964407 85.392960 7.434086
v 24.719633 78.929840 7.607484
v 20.144489 84.274246 15.817472
v 21.789484 78.149246 15.528857
v 15.321329 82.395020 22.826252
v 17.069048 76.523987 22.122562
v 1.672247 57.321289 -18.410336
v -4.798943 54.371872 -17.105766
v 4.317886 56.694504 -12.048031
v 6.208810 59.528362 -17.807796
v 8.914391 58.901363 -11.683703
v 24.059029 68.889877 -4.046655
v 20.525444 67.060158 -9.446383
v 19.333862 64.104218 -6.865469
v 22.005289 65.749763 -1.578879
v 25.407892 70.035118 2.072992
v 23.097761 66.665924 3.379989
v 25.089010 70.519951 8.306656
v 22.893681 67.088676 8.540726
v 22.634029 70.134315 15.047833
v 20.518669 66.677727 14.708747
v 18.336830 68.792686 20.921543
v 16.852707 65.512772 19.521019
v -9.064026 81.071831 -24.783604
v -17.752396 77.485680 -23.179405
v 2.558702 79.759445 -23.310226
v -0.057775 84.594681 -23.194473
v 5.472067 86.607376 -20.990238
v 7.174580 82.065002 -21.295033
v 19.119432 90.380333 -7.301432
v 14.828609 89.400055 -13.430106
v 21.222004 90.672836 -0.420967
v 21.286236 90.450325 7.416826
v 18.429760 89.317215 16.157421
v 13.455299 87.377434 23.322845
v 9.141778 79.891975 28.050602
v 2.974882 59.189178 -10.261252
v 7.346262 61.310120 -10.037724
v 14.288074 61.537785 -10.447980
v 12.564375 63.902630 -9.024930
v 17.094444 66.329277 -5.550792
v 19.947130 68.053802 -0.816607
v 20.897402 68.944107 3.861332
v 20.563831 69.343323 8.766236
v 18.126585 68.929459 14.608202
v 14.325230 67.731483 19.356091
v 14.149288 63.197792 -13.511785
v 10.035848 61.282547 -15.299623
v 1.730480 68.749855 -22.508774
v -0.798002 76.247055 -24.011772
v 8.712842 63.739830 -18.246399
v 4.111708 63.436455 -19.888592
v 9.741736 61.600239 -16.621696
v 1.390075 68.819786 -19.749672
v -0.610591 75.578934 -21.504765
v 3.625111 64.498337 -18.071125
v 7.980921 64.722626 -16.784279
v 10.284229 72.579414 -17.026211
v 17.407019 65.100571 -11.383536
v 14.203808 74.049896 -14.039002
v 18.040165 65.820221 -12.080931
v 15.355555 74.674576 -16.692207
v 11.242077 82.588524 -18.912384
v 10.503366 81.468094 -16.834255
v 6.846572 80.918388 -19.503368
v 2.321011 78.683807 -21.323769
v 2.001138 78.710770 -18.308628
v 5.348550 80.414101 -16.922729
v 5.545422 69.948593 -18.929283
v 4.920616 71.130646 -16.349888
v 8.379705 73.096123 -14.921319
v 9.403451 87.829956 -18.212505
v -1.708371 57.028160 -9.394920
vn -0.7105 -0.3590 -0.6052
vn -0.3893 -0.2308 -0.8917
vn -0.2693 -0.4593 -0.8465
vn -0.5745 -0.5726 -0.5849
vn -0.7851 -0.4051 0.4684
vn -0.8827 -0.4255 0.1997
vn -0.7645 -0.6135 0.1976
vn -0.6835 -0.5686 0.4576
vn -0.6109 -0.3463 0.7119
vn -0.5214 -0.4799 0.7056
vn -0.3674 -0.2583 0.8935
vn -0.2998 -0.3651 0.8814
vn -0.0907 -0.1566 0.9835
vn -0.0391 -0.2422 0.9694
vn 0.1702 -0.0617 0.9835
vn 0.2059 -0.1383 0.9688
vn 0.1711 -0.9763 -0.1322
vn 0.2843 -0.9383 -0.1970
vn 0.1567 -0.9799 -0.1230
vn 0.0790 -0.9943 -0.0718
vn 0.0292 -0.9963 -0.0814
vn -0.0666 -0.9528 0.2961
vn -0.1259 -0.9827 0.1358
vn -0.1278 -0.9824 0.1363
vn -0.0553 -0.9480 0.3134
vn 0.0216 -0.9000 0.4353
vn 0.0291 -0.8936 0.4478
vn 0.1252 -0.8241 0.5524
vn 0.1388 -0.8150 0.5626
vn 0.2593 -0.7342 0.6274
vn 0.2851 -0.7174 0.6356
vn 0.3982 -0.6510 0.6463
vn 0.4141 -0.6432 0.6441
vn -0.6627 -0.7227 0.1963
vn -0.5869 -0.6749 0.4473
vn -0.4353 -0.5725 0.6948
vn -0.2347 -0.4432 0.8652
vn 0.0035 -0.3050 0.9523
vn 0.2326 -0.1881 0.9542
vn 0.4999 -0.0715 0.8631
vn 0.4858 -0.0238 0.8738
vn -0.7709 -0.2408 -0.5897
vn -0.4493 -0.0839 -0.8894
vn -0.8728 -0.3209 -0.3678
vn -0.8776 -0.3075 -0.3678
vn -0.9291 -0.3302 -0.1667
vn -0.9293 -0.3303 -0.1653
vn -0.8125 -0.3554 0.4621
vn -0.9135 -0.3541 0.2003
vn -0.6300 -0.3140 0.7103
vn -0.3863 -0.2372 0.8914
vn -0.1006 -0.1329 0.9860
vn 0.1625 -0.0332 0.9862
vn 0.4608 0.0519 0.8860
vn 0.4501 0.0818 0.8892
vn 0.8743 -0.1854 0.4485
vn 0.7937 -0.2297 0.5633
vn 0.7881 -0.2314 0.5704
vn 0.8728 -0.1870 0.4509
vn 0.9564 -0.1461 0.2528
vn 0.9581 -0.1455 0.2467
vn 0.9894 -0.1165 -0.0865
vn 0.9875 -0.1147 -0.1084
vn 0.9114 -0.0854 -0.4026
vn 0.8984 -0.0819 -0.4314
vn 0.7688 -0.0972 -0.6321
vn 0.7488 -0.1053 -0.6543
vn 0.5606 -0.1831 -0.8076
vn 0.5200 -0.1991 -0.8306
vn 0.2828 -0.2905 -0.9141
vn 0.2399 -0.3070 -0.9210
vn 0.0289 -0.3729 -0.9274
vn -0.0201 -0.3845 -0.9229
vn -0.0842 -0.9952 -0.0506
vn -0.0178 -0.9986 -0.0502
vn -0.0983 -0.9945 -0.0353
vn -0.6507 -0.5972 -0.4691
vn -0.7656 -0.4468 -0.4627
vn -0.5951 -0.7363 -0.3219
vn -0.5858 -0.6966 -0.4143
vn -0.5897 -0.7154 -0.3748
vn -0.5019 -0.2234 0.8356
vn -0.5118 -0.2041 0.8345
vn -0.4728 -0.2772 0.8364
vn -0.5391 -0.1476 0.8292
vn -0.8960 0.4410 0.0529
vn -0.5781 -0.1126 0.8082
vn -0.7637 -0.6279 -0.1499
vn -0.7797 -0.6158 -0.1135
vn -0.7114 -0.6351 -0.3010
vn -0.7321 -0.6326 -0.2526
vn -0.7850 -0.6171 -0.0538
vn -0.7961 -0.6034 -0.0456
vn 0.0993 -0.1244 -0.9873
vn 0.1613 -0.1334 -0.9778
vn 0.1391 -0.1302 -0.9817
vn 0.1980 -0.1385 -0.9704
vn 0.0084 -0.9909 -0.1345
vn 0.1267 -0.9883 -0.0852
vn 0.0545 -0.9745 -0.2175
vn -0.0500 -0.9974 0.0517
vn 0.0726 -0.9944 0.0771
vn -0.0705 -0.9801 0.1855
vn 0.4043 -0.9117 0.0735
vn -0.4861 -0.2202 0.8457
vn -0.7149 0.6621 -0.2251
vn 0.1269 -0.0940 -0.9874
vn -0.6905 -0.6157 -0.3795
vn -0.7782 -0.5732 -0.2566
vn -0.6941 -0.5646 -0.4466
vn -0.6750 -0.5920 -0.4402
vn -0.8103 -0.5850 -0.0349
vn -0.6501 -0.6253 -0.4316
vn -0.5069 -0.6570 -0.5580
vn -0.9204 -0.3899 0.0296
vn -0.9413 -0.3374 0.0099
vn -0.1462 -0.9886 0.0369
vn -0.1394 -0.9889 0.0514
vn -0.7901 -0.6071 0.0846
vn -0.6769 -0.7299 0.0947
vn -0.0082 -0.9999 -0.0128
vn 0.5628 -0.5802 0.5888
vn -0.2135 -0.5457 -0.8103
vn 0.5546 -0.3347 0.7618
vn -0.2619 -0.4713 -0.8422
vn 0.0112 -0.0578 -0.9983
vn 0.0986 -0.2917 -0.9514
vn 0.8594 0.2812 -0.4271
vn 0.9076 0.0954 -0.4088
vn 0.7697 0.0268 -0.6379
vn 0.7070 0.2379 -0.6660
vn 0.9436 0.3024 -0.1346
vn 0.9825 0.1477 -0.1134
vn 0.9405 0.2875 0.1813
vn 0.9678 0.1639 0.1911
vn 0.8498 0.2359 0.4713
vn 0.8695 0.1369 0.4747
vn 0.7021 0.1602 0.6938
vn 0.7218 0.0770 0.6878
vn 0.3946 -0.8831 -0.2539
vn 0.4086 -0.8748 -0.2602
vn 0.4827 -0.8258 -0.2917
vn 0.4946 -0.8020 -0.3348
vn 0.7840 -0.5978 -0.1671
vn 0.7900 -0.5953 -0.1469
vn 0.7044 -0.6351 -0.3169
vn 0.7036 -0.6366 -0.3159
vn 0.8254 -0.5646 -0.0024
vn 0.8283 -0.5601 0.0126
vn 0.8317 -0.5293 0.1676
vn 0.8292 -0.5269 0.1866
vn 0.7880 -0.5136 0.3395
vn 0.7753 -0.5129 0.3687
vn 0.7047 -0.5231 0.4793
vn 0.6930 -0.5268 0.4922
vn 0.7940 -0.1148 -0.5970
vn 0.9255 -0.0437 -0.3763
vn 0.9961 0.0248 -0.0847
vn 0.9767 0.0624 0.2055
vn 0.8771 0.0596 0.4766
vn 0.7297 0.0194 0.6835
vn -0.0226 0.0715 -0.9972
vn 0.2180 0.1497 -0.9644
vn 0.2238 0.1368 -0.9650
vn 0.3983 0.2237 -0.8895
vn 0.3995 0.2242 -0.8889
vn 0.6780 0.3101 -0.6664
vn 0.8363 0.3327 -0.4358
vn 0.9309 0.3374 -0.1397
vn 0.9337 0.3136 0.1725
vn 0.8418 0.2603 0.4728
vn 0.6907 0.1872 0.6985
vn 0.1227 -0.4991 0.8578
vn 0.1259 -0.4986 0.8576
vn 0.2701 -0.4475 0.8525
vn 0.2619 -0.4517 0.8529
vn -0.0741 -0.5761 0.8140
vn -0.0795 -0.5785 0.8118
vn -0.3540 -0.6771 0.6451
vn -0.3705 -0.6814 0.6312
vn -0.5777 -0.7068 0.4084
vn -0.5963 -0.7057 0.3826
vn -0.6896 -0.7058 0.1621
vn -0.6943 -0.7076 0.1315
vn -0.6959 -0.7075 -0.1234
vn -0.6893 -0.7038 -0.1721
vn -0.6139 -0.6647 -0.4258
vn -0.5941 -0.6551 -0.4668
vn -0.4856 -0.5876 -0.6472
vn -0.4580 -0.5673 -0.6844
vn 0.5359 -0.7675 -0.3517
vn 0.5576 -0.7273 -0.4001
vn 0.5737 -0.7141 -0.4012
vn 0.1865 -0.0495 -0.9812
vn 0.2257 -0.2314 -0.9463
vn 0.3937 -0.3237 -0.8604
vn 0.3406 -0.3271 -0.8815
vn 0.2993 -0.3272 -0.8963
vn 0.9262 0.3726 0.0579
vn 0.9469 0.3153 0.0633
vn 0.9180 0.3926 0.0559
vn 0.8918 0.4496 0.0500
vn 0.1113 0.8614 -0.4956
vn 0.8704 0.4919 0.0194
vn 0.3935 -0.1740 -0.9027
vn 0.5460 -0.0626 -0.8355
vn 0.5202 -0.0921 -0.8491
vn 0.4354 -0.1454 -0.8884
vn 0.5929 -0.0420 -0.8042
vn 0.5952 -0.0228 -0.8033
vn -0.6963 -0.4564 -0.5540
vn -0.7032 -0.4817 -0.5230
vn -0.7065 -0.4956 -0.5052
vn -0.7113 -0.5179 -0.4752
vn 0.3724 -0.8419 -0.3906
vn 0.4522 -0.8524 -0.2625
vn 0.4597 -0.8025 -0.3803
vn 0.5953 -0.7762 -0.2075
vn 0.6223 -0.7168 -0.3144
vn 0.7190 -0.6506 -0.2444
vn 0.4263 -0.9025 0.0615
vn 0.9262 0.3692 0.0766
vn -0.2852 0.8414 -0.4591
vn -0.7236 -0.4489 -0.5243
vn 0.3169 -0.1953 -0.9281
vn 0.4153 -0.0751 -0.9066
vn 0.2529 -0.2048 -0.9456
vn 0.2395 -0.1750 -0.9550
vn 0.5978 0.0026 -0.8016
vn 0.2692 -0.2416 -0.9323
vn 0.1420 -0.3861 -0.9114
vn 0.5375 0.2798 -0.7955
vn 0.5744 0.2339 -0.7845
vn 0.6409 -0.6601 -0.3918
vn 0.6495 -0.6597 -0.3782
vn 0.7280 -0.1436 -0.6704
vn 0.6915 0.0112 -0.7222
vn 0.5609 -0.7624 -0.3227
vt 0.533488 0.465707
vt 0.532100 0.442870
vt 0.556732 0.442818
vt 0.558840 0.463774
vt 0.549501 0.557265
vt 0.545159 0.538065
vt 0.566475 0.536754
vt 0.568446 0.555095
vt 0.554196 0.574301
vt 0.571572 0.571416
vt 0.560339 0.593373
vt 0.576210 0.588735
vt 0.568605 0.614496
vt 0.583331 0.608140
vt 0.578334 0.634614
vt 0.592122 0.626937
vt 0.584791 0.458300
vt 0.581859 0.442765
vt 0.598682 0.442729
vt 0.601244 0.458601
vt 0.588734 0.469222
vt 0.605227 0.471064
vt 0.590964 0.554915
vt 0.591352 0.538355
vt 0.602000 0.540079
vt 0.602193 0.556376
vt 0.592794 0.570017
vt 0.603561 0.569896
vt 0.596075 0.584663
vt 0.606287 0.583312
vt 0.601930 0.601144
vt 0.612227 0.599897
vt 0.610042 0.617746
vt 0.619558 0.614718
vt 0.619619 0.633459
vt 0.602676 0.645225
vt 0.520199 0.467371
vt 0.518666 0.442897
vt 0.537772 0.492176
vt 0.523461 0.492476
vt 0.525921 0.508649
vt 0.538407 0.506582
vt 0.535958 0.559463
vt 0.531681 0.540290
vt 0.540888 0.577778
vt 0.547090 0.597656
vt 0.556104 0.620498
vt 0.566366 0.641665
vt 0.589122 0.653743
vt 0.577118 0.660896
vt 0.609409 0.455960
vt 0.613076 0.467891
vt 0.601155 0.494134
vt 0.602746 0.505321
vt 0.608755 0.504536
vt 0.607205 0.493829
vt 0.602318 0.481585
vt 0.608606 0.482410
vt 0.610812 0.541968
vt 0.610514 0.557350
vt 0.611957 0.570135
vt 0.614821 0.582817
vt 0.620781 0.598433
vt 0.628368 0.612960
vt 0.594693 0.495444
vt 0.594803 0.504181
vt 0.561266 0.475443
vt 0.541278 0.480083
vt 0.586028 0.481000
vt 0.577077 0.472282
vt 0.593001 0.478742
vt 0.571390 0.518758
vt 0.572556 0.514243
vt 0.560600 0.513402
vt 0.558201 0.516969
vt 0.582217 0.517819
vt 0.581350 0.514196
vt 0.584107 0.516679
vt 0.589633 0.509574
vt 0.586711 0.506907
vt 0.593985 0.506502
vt 0.574154 0.495335
vt 0.595081 0.487282
vt 0.576554 0.485889
vt 0.594011 0.485278
vt 0.575041 0.480501
vt 0.557505 0.481792
vt 0.559981 0.485825
vt 0.552367 0.493783
vt 0.556922 0.493795
vt 0.555616 0.484815
vt 0.553273 0.507242
vt 0.557538 0.506932
vt 0.556779 0.515087
vt 0.561881 0.502528
vt 0.562348 0.498653
vt 0.573969 0.506541
vt 0.570475 0.503255
vt 0.569757 0.498553
vt 0.542429 0.518261
vt 0.528186 0.521383
vt 0.595468 0.528291
vt 0.592309 0.528420
vt 0.566040 0.521927
vt 0.596492 0.478413
vt 0.627162 0.626717
vt 0.607065 0.442711
vt 0.634094 0.621981
vt 0.642013 0.466338
vt 0.667371 0.464513
vt 0.665352 0.443549
vt 0.640720 0.443497
vt 0.657579 0.557826
vt 0.676481 0.555750
vt 0.674602 0.537450
vt 0.653337 0.538658
vt 0.662183 0.574836
vt 0.679523 0.572039
vt 0.668220 0.593878
vt 0.684065 0.589329
vt 0.676363 0.614975
vt 0.691073 0.608708
vt 0.685966 0.635076
vt 0.699748 0.627489
vt 0.693345 0.459150
vt 0.709796 0.459521
vt 0.707302 0.443638
vt 0.690479 0.443602
vt 0.697241 0.470088
vt 0.713726 0.472001
vt 0.698937 0.555676
vt 0.710126 0.557187
vt 0.710013 0.540935
vt 0.699403 0.539165
vt 0.700689 0.570744
vt 0.711425 0.570675
vt 0.703890 0.585363
vt 0.714078 0.584065
vt 0.709649 0.601822
vt 0.719920 0.600629
vt 0.717656 0.618412
vt 0.727157 0.615439
vt 0.710181 0.645769
vt 0.727128 0.634122
vt 0.627286 0.443469
vt 0.628720 0.467947
vt 0.631879 0.493055
vt 0.646182 0.492817
vt 0.634270 0.509223
vt 0.646748 0.507214
vt 0.639883 0.540817
vt 0.644065 0.559957
vt 0.648899 0.578241
vt 0.654992 0.598087
vt 0.663873 0.620901
vt 0.674004 0.642048
vt 0.684630 0.661268
vt 0.696630 0.654194
vt 0.721588 0.468861
vt 0.717972 0.456914
vt 0.703183 0.503504
vt 0.709238 0.503683
vt 0.710564 0.492945
vt 0.704540 0.492286
vt 0.704607 0.516026
vt 0.710876 0.515070
vt 0.718419 0.558199
vt 0.718791 0.542862
vt 0.719796 0.570954
vt 0.722590 0.583613
vt 0.728455 0.599211
vt 0.735948 0.613729
vt 0.696622 0.493591
vt 0.696695 0.502328
vt 0.649740 0.480744
vt 0.669746 0.476192
vt 0.694484 0.481854
vt 0.701467 0.479626
vt 0.685571 0.473099
vt 0.672910 0.479506
vt 0.659762 0.481569
vt 0.662235 0.485085
vt 0.674170 0.483995
vt 0.683755 0.480219
vt 0.682964 0.483859
vt 0.685668 0.481318
vt 0.688475 0.491035
vt 0.691341 0.488307
vt 0.695757 0.491288
vt 0.676163 0.502866
vt 0.697253 0.510481
vt 0.678759 0.512260
vt 0.696225 0.512506
vt 0.677358 0.517678
vt 0.659799 0.516753
vt 0.662191 0.512670
vt 0.658966 0.504765
vt 0.654413 0.504872
vt 0.657848 0.513770
vt 0.659308 0.491618
vt 0.655038 0.491398
vt 0.658379 0.483481
vt 0.664290 0.499795
vt 0.663741 0.495930
vt 0.672319 0.495024
vt 0.675744 0.491666
vt 0.671699 0.499741
vt 0.636479 0.521942
vt 0.650706 0.518891
vt 0.703556 0.529149
vt 0.700406 0.529262
vt 0.674239 0.522660
vt 0.704959 0.479312
vt 0.734680 0.627437
vt 0.715685 0.443656
vt 0.741612 0.622749
s 1
usemtl 03_-_Default
f 147/271/176 232/272/177 224/273/178 148/274/179
f 151/275/180 149/276/181 150/277/182 152/278/183
f 153/279/184 151/275/180 152/278/183 154/280/185
f 155/281/186 153/279/184 154/280/185 156/282/187
f 157/283/188 155/281/186 156/282/187 158/284/189
f 159/285/190 157/283/188 158/284/189 160/286/191
f 161/287/192 247/288/193 226/289/193 162/290/194
f 163/291/195 161/287/192 162/290/194 164/292/196
f 168/293/197 166/294/198 167/295/199 169/296/200
f 170/297/201 168/293/197 169/296/200 171/298/202
f 172/299/203 170/297/201 171/298/202 173/300/204
f 174/301/205 172/299/203 173/300/204 175/302/206
f 176/303/207 174/301/205 175/302/206 177/304/208
f 166/294/209 168/293/210 152/278/183 150/277/182
f 168/293/210 170/297/211 154/280/185 152/278/183
f 170/297/211 172/299/212 156/282/187 154/280/185
f 172/299/212 174/301/213 158/284/189 156/282/187
f 174/301/213 176/303/214 160/286/191 158/284/189
f 227/305/215 225/306/216 160/286/191 176/303/214
f 147/271/176 178/307/217 264/308/218 232/272/177
f 147/271/176 200/309/219 179/310/220 178/307/217
f 180/311/221 179/310/220 200/309/219 204/312/222
f 149/276/181 151/275/180 182/313/223 181/314/224
f 151/275/180 153/279/184 183/315/225 182/313/223
f 153/279/184 155/281/186 184/316/226 183/315/225
f 155/281/186 157/283/188 185/317/227 184/316/226
f 157/283/188 159/285/190 186/318/228 185/317/227
f 159/285/190 275/319/229 229/320/230 186/318/228
f 164/292/231 162/290/232 187/321/233 188/322/234
f 165/323/235 164/324/231 188/325/234 189/326/236
f 167/327/237 165/323/235 189/326/236 190/328/238
f 169/296/239 167/295/237 190/329/238 191/330/240
f 171/298/241 169/296/239 191/330/240 192/331/242
f 173/300/243 171/298/241 192/331/242 193/332/244
f 175/302/245 173/300/243 193/332/244 194/333/246
f 177/304/247 175/302/245 194/333/246 195/334/248
f 196/335/249 198/336/250 164/324/196 165/323/251
f 148/274/179 199/337/252 201/338/253 147/271/176
f 202/339/254 203/340/255 163/291/256 207/341/254
f 199/342/257 209/343/258 208/344/259 201/345/259
f 203/346/260 210/347/260 209/343/258 199/342/257
f 203/348/261 202/349/261 211/350/261 210/347/261
f 198/336/262 211/350/262 202/349/262 207/351/262
f 196/335/263 220/352/264 211/350/265 198/336/266
f 197/353/267 212/354/268 220/352/264 196/335/263
f 206/355/269 205/356/270 212/354/271 197/353/269
f 222/357/272 213/358/272 212/354/271 205/356/270
f 204/359/273 214/360/274 213/358/275 222/361/275
f 204/359/273 200/362/276 215/363/277 214/360/274
f 200/362/276 201/364/278 208/344/278 215/363/277
f 215/363/277 217/365/279 216/366/279 214/360/274
f 218/367/280 219/368/280 217/365/280 215/363/280
f 220/352/281 221/369/281 219/368/281 218/367/281
f 214/360/282 216/366/282 221/369/282 220/352/282
f 218/367/283 211/350/265 220/352/264
f 216/366/284 217/365/284 219/368/284 221/369/284
f 208/344/285 209/343/286 218/367/283 215/363/285
f 220/352/264 212/354/268 213/358/287 214/360/287
f 218/367/283 209/343/286 210/347/288 211/350/265
f 161/287/289 163/291/256 203/340/255
f 204/312/222 222/370/290 223/371/291 180/311/221
f 197/372/292 167/295/199 166/294/198 206/373/293
f 205/374/294 206/373/295 166/294/209 150/277/182
f 198/375/250 207/341/296 163/291/195 164/292/196
f 222/370/290 149/276/181 181/314/224 223/371/291
f 197/353/292 196/335/249 165/323/251 167/327/199
f 149/276/181 222/370/290 205/374/294 150/277/182
f 201/338/253 200/309/219 147/271/176
f 203/340/255 199/337/252 148/274/179 161/287/289
f 159/285/190 160/286/191 225/306/216 275/319/229
f 227/305/297 176/303/207 177/304/208 228/376/297
f 247/288/298 161/287/289 148/274/179 224/273/178
f 187/321/233 162/290/232 226/289/299 312/377/299
f 228/376/300 177/304/247 195/334/248 230/378/300
f 231/379/301 233/380/302 224/381/178 232/382/177
f 234/383/303 237/384/304 236/385/305 235/386/306
f 238/387/307 239/388/308 237/384/304 234/383/303
f 240/389/309 241/390/310 239/388/308 238/387/307
f 242/391/311 243/392/312 241/390/310 240/389/309
f 244/393/313 245/394/314 243/392/312 242/391/311
f 246/395/315 248/396/316 226/397/193 247/398/193
f 249/399/317 250/400/318 248/396/316 246/395/315
f 251/401/319 254/402/320 253/403/321 252/404/322
f 255/405/323 256/406/324 254/402/320 251/401/319
f 257/407/325 258/408/326 256/406/324 255/405/323
f 259/409/327 260/410/328 258/408/326 257/407/325
f 261/411/329 262/412/330 260/410/328 259/409/327
f 252/404/331 236/385/305 237/384/304 251/401/332
f 251/401/332 237/384/304 239/388/308 255/405/333
f 255/405/333 239/388/308 241/390/310 257/407/334
f 257/407/334 241/390/310 243/392/312 259/409/335
f 259/409/335 243/392/312 245/394/314 261/411/336
f 245/394/314 225/413/216 227/414/215 261/411/336
f 231/379/301 232/382/177 264/415/218 263/416/337
f 231/379/301 263/416/337 266/417/338 265/418/339
f 267/419/340 268/420/341 265/418/339 266/417/338
f 235/386/306 270/421/342 269/422/343 234/383/303
f 234/383/303 269/422/343 271/423/344 238/387/307
f 238/387/307 271/423/344 272/424/345 240/389/309
f 240/389/309 272/424/345 273/425/346 242/391/311
f 242/391/311 273/425/346 274/426/347 244/393/313
f 244/393/313 274/426/347 229/427/230 275/428/229
f 250/400/348 277/429/349 276/430/350 248/396/351
f 278/431/352 279/432/353 277/433/349 250/434/348
f 253/435/354 280/436/355 279/432/353 278/431/352
f 254/402/356 281/437/357 280/438/355 253/403/354
f 256/406/358 282/439/359 281/437/357 254/402/356
f 258/408/360 283/440/361 282/439/359 256/406/358
f 260/410/362 284/441/363 283/440/361 258/408/360
f 262/412/364 285/442/365 284/441/363 260/410/362
f 250/434/318 287/443/366 286/444/367 278/431/368
f 289/445/369 288/446/370 233/380/302 231/379/301
f 290/447/371 292/448/371 249/399/372 291/449/373
f 288/450/374 289/451/375 294/452/375 293/453/376
f 291/454/377 288/450/374 293/453/376 295/455/377
f 291/456/378 295/455/378 296/457/378 290/458/378
f 290/458/379 296/457/379 287/443/379 292/459/379
f 296/457/380 297/460/381 286/444/382 287/443/383
f 298/461/384 286/444/382 297/460/381 299/462/385
f 300/463/386 298/461/386 299/462/387 301/464/388
f 302/465/389 301/464/388 299/462/387 303/466/389
f 303/466/390 304/467/391 268/468/392 302/469/390
f 268/468/392 304/467/391 305/470/393 265/471/394
f 265/471/394 305/470/393 294/452/395 289/472/395
f 307/473/396 306/474/396 305/470/393 304/467/391
f 306/474/397 309/475/397 308/476/397 305/470/397
f 309/475/398 310/477/398 297/460/398 308/476/398
f 310/477/399 307/473/399 304/467/399 297/460/399
f 308/476/400 297/460/381 296/457/380
f 309/475/401 306/474/401 307/473/401 310/477/401
f 308/476/400 293/453/402 294/452/403 305/470/403
f 303/466/404 299/462/385 297/460/381 304/467/404
f 295/455/405 293/453/402 308/476/400 296/457/380
f 246/395/406 291/449/373 249/399/372
f 268/420/341 267/419/340 311/478/407 302/479/408
f 298/480/409 300/481/410 252/404/322 253/403/321
f 252/404/331 300/481/411 301/482/412 236/385/305
f 287/483/366 250/400/318 249/399/317 292/448/413
f 302/479/408 311/478/407 270/421/342 235/386/306
f 298/461/409 253/435/321 278/431/368 286/444/367
f 235/386/306 236/385/305 301/482/412 302/479/408
f 289/445/369 231/379/301 265/418/339
f 291/449/373 246/395/406 233/380/302 288/446/370
f 225/413/216 245/394/314 244/393/313 275/428/229
f 227/414/297 228/484/297 262/412/330 261/411/329
f 247/398/298 224/381/178 233/380/302 246/395/406
f 226/397/299 248/396/351 276/430/350 312/485/299
f 228/484/300 230/486/300 285/442/365 262/412/364
o chest_low
v -33.294949 89.079033 -28.179792
v -37.461201 98.884911 -19.876192
v -26.551975 103.286186 -28.655190
v -44.631004 86.167686 -5.702596
v -43.501163 96.127541 -4.909974
v -45.508938 84.881432 3.127303
v -44.403046 95.334175 3.808686
v -45.118221 84.180336 11.499055
v -43.469944 96.052773 12.113172
v -31.236759 79.489380 36.035080
v -24.907356 85.200928 39.321598
v -29.387817 103.418243 34.026398
v -35.226593 76.727715 31.520658
v -32.986786 105.615265 29.176914
v -40.337006 76.614044 24.171633
v -36.519329 105.207932 23.635881
v -43.203293 79.101097 18.634127
v -40.641651 101.211754 19.284899
v -16.272346 87.008621 43.357452
v -8.365029 86.589851 44.822140
v -9.493272 101.290390 45.373039
v -16.994753 98.118401 42.959629
v -3.644871 116.499550 43.263752
v -7.255847 109.598831 44.213722
v -2.590051 71.643219 42.535294
v -5.796152 78.254501 44.102573
v 6.788221 60.061638 37.008442
v 8.829248 65.851051 34.150723
v 1.139804 65.592438 40.296352
v -27.880770 92.955276 30.721443
v -29.052349 96.256996 29.180403
v -30.785576 98.163246 26.350046
v -32.616032 98.163239 22.988762
v -34.053249 96.256989 19.997215
v -34.712124 92.955261 18.176979
v -34.416115 89.142761 18.015785
v -33.244537 85.841042 19.556828
v -31.511312 83.934792 22.387182
v -29.680859 83.934799 25.748463
v -28.243641 85.841049 28.740011
v -27.584763 89.142776 30.560247
v -37.456188 99.939529 25.061840
v -39.702160 97.587982 21.467525
v -41.144497 93.349617 19.290266
v -41.709164 87.912910 19.462093
v -40.994282 83.564323 21.903263
v -39.043346 81.098083 25.630960
v -35.964279 81.158371 29.983582
v -33.175625 83.709877 33.185402
v -31.064985 88.117371 34.727818
v -30.943953 93.536659 34.419182
v -32.463184 97.589401 32.472786
v -34.872589 99.920731 29.120878
v 6.150490 89.489304 38.248207
v -26.585030 102.776268 -16.721161
v -22.331696 103.962860 -20.654644
v -34.828716 99.600044 -0.928108
v -35.847683 98.963783 5.465962
v -35.306431 99.389786 12.286860
v -21.057663 100.835999 32.918926
v -25.264860 104.033112 30.003601
v -28.797129 105.743683 26.409786
v -31.661812 105.406647 21.880293
v -33.501366 103.313141 17.274195
v -8.645258 104.554810 40.331432
v -15.120066 100.924118 37.142265
v -3.444864 116.636688 39.322353
v -6.192091 110.588074 40.177063
v -27.084568 76.952545 31.712265
v -21.603615 81.898468 34.558228
v -30.539574 74.561081 27.802998
v -34.964939 74.462646 21.439100
v -14.404994 83.346451 38.117168
v -6.804626 82.927055 39.579441
v -2.387361 70.537285 37.389587
v -5.002161 76.717331 38.968723
v 5.474198 59.233505 32.165630
v 0.647995 64.724106 35.273861
v -28.996931 76.960800 -26.530594
v -40.853756 76.191864 -4.766248
v -40.957806 76.645622 3.988810
v -23.153055 78.041840 -31.770668
v -41.286060 77.381165 10.799672
v -38.129356 75.923683 16.112892
v -28.320292 103.676247 26.921352
v -27.640528 99.960983 27.494583
v -31.671015 103.403343 21.377712
v -31.909235 99.557648 20.719269
v -27.452349 98.622871 -10.181028
v -32.721825 96.832497 1.260750
v -33.714943 96.252464 6.278785
v -33.612068 95.815903 11.617382
v -19.076181 96.373367 31.734482
v -6.345083 99.665070 35.965092
v -13.269121 97.140022 34.776978
v -25.844919 95.747047 26.692595
v -30.626656 95.549881 20.237436
v 12.742849 64.723732 29.818727
v -19.798006 100.419350 -17.315428
v 1.103016 112.321373 37.509865
v -21.948765 97.092201 -15.183468
v -32.047413 94.134552 1.158797
v -33.021343 93.563988 6.100414
v -32.920044 93.134094 11.357465
v -18.523443 93.686218 31.281794
v -5.688453 96.595116 35.385487
v -12.778812 94.416153 34.292553
v -25.227320 93.065903 26.288219
v -29.963236 92.870628 19.894917
v -19.238354 97.693436 -17.298109
v -23.261131 72.082703 27.916756
v -18.474794 76.401817 30.402040
v -26.753134 70.503220 24.870668
v -30.142797 69.908356 18.945541
v -12.454754 77.598030 33.571972
v -4.435290 77.812431 35.301025
v -23.478643 68.337990 -22.542372
v -34.900475 70.191071 -2.793448
v -36.000282 71.618347 4.292801
v -35.662827 72.457001 9.654478
v -32.906181 71.184235 14.294336
v -20.277353 73.798279 23.900852
v -16.161182 75.706635 26.909975
v -23.451271 72.595055 20.576206
v -26.245491 71.757858 16.971012
v -10.943104 77.233589 29.852057
v -2.646744 78.189415 31.096083
v -25.293079 68.853043 -14.580935
v -29.683176 69.587860 -1.796813
v -30.038597 70.333153 4.352858
v -29.670303 70.852402 8.382236
v -28.296066 71.308556 13.222795
v -17.131355 69.677551 -23.813232
v 9.041447 79.984177 28.068289
v -26.794041 90.161819 -33.964310
v -18.534546 92.058395 -36.217880
v -19.514236 104.303894 -30.514099
v 6.268084 96.441559 -33.420765
v 2.808205 106.849083 -28.559635
v 14.282801 96.950264 -29.433546
v 10.150043 107.771484 -24.778849
v 21.119053 97.550186 -24.571846
v 16.022072 109.446991 -19.365326
v 33.455070 96.981262 7.539115
v 28.597460 107.321091 18.131432
v 29.266138 108.815895 9.266985
v 31.917223 96.735588 17.114811
v 29.318056 94.196098 24.301022
v 25.888128 108.432045 26.105358
v 13.120451 108.749611 34.324360
v 12.176273 113.725410 34.438480
v 1.852612 118.913834 41.192444
v 16.680822 120.602257 32.194965
v 21.327074 115.368233 28.648291
v 29.105776 78.040955 25.274666
v 17.962103 73.832245 30.286539
v 7.373905 80.263107 37.131092
v 29.975225 85.474876 24.622515
v 23.453285 63.425446 27.933132
v 27.260542 70.864853 26.071756
v 27.321756 113.811249 2.799457
v 24.569391 116.112572 -2.323983
v 29.937479 105.825455 1.264921
v 27.881708 109.769890 -0.389294
v 23.912252 106.947792 0.337415
v 25.583456 103.746918 1.606375
v 21.890572 108.795815 -2.335857
v 25.642015 112.135475 -3.833625
v 22.506363 110.144638 -12.409431
v 22.727333 106.242012 -15.492483
v 18.752111 103.746902 -10.938096
v 18.911362 106.947784 -8.845777
v 24.788294 101.335281 -16.750496
v 19.625036 100.050850 -11.413461
v 21.296240 96.849983 -10.144500
v 26.966974 97.963310 -14.213841
v 23.317923 95.001961 -7.471229
v 29.529844 95.860374 -11.217969
v 31.182592 95.749710 -7.044679
v 25.148375 95.001961 -4.109948
v 26.297129 96.849991 -0.961311
v 31.590910 97.674904 -2.959106
v 31.884760 100.823639 0.447213
v 26.456381 100.050865 1.131006
v 20.060120 108.795807 -5.697141
v 23.277016 110.870087 -7.729144
v 21.998045 115.857117 -8.169247
v 18.422417 114.246254 -13.241529
v 27.514441 93.375320 -19.876703
v 31.354757 91.084877 -14.869623
v 34.773266 90.857040 -6.599237
v 35.639126 92.988129 -0.383585
v -16.662191 104.779167 -22.124851
v 1.244182 106.881287 -20.572361
v 7.148746 107.642517 -17.948645
v 12.307095 109.000473 -13.642086
v 21.612984 109.448975 9.681728
v 20.358400 113.242065 5.158497
v 14.290091 112.959747 -8.751647
v 22.083632 108.433601 16.882210
v 20.376394 110.412766 24.527082
v 0.091300 118.158478 37.778496
v 13.330303 120.022720 30.187082
v 17.213711 115.312485 27.430937
v 18.665518 115.323921 0.563006
v 16.497883 115.127579 -4.346081
v 30.826662 88.641800 0.175487
v 28.935373 92.099655 7.036159
v 27.829508 91.871399 15.117484
v 25.380667 89.423592 22.052259
v 25.864622 82.947731 22.159571
v 25.148344 76.095306 22.394436
v 20.410294 62.248329 24.031862
v 23.675905 69.372246 22.733532
v 23.905849 88.445358 -17.669682
v 27.116610 86.993675 -12.368711
v 30.076872 86.796387 -5.206962
v 1.843897 106.527344 36.702194
v -15.663092 79.652206 -33.791817
v 8.170300 86.087265 -31.463326
v 15.215296 87.984047 -26.601433
v 20.702917 89.893501 -22.957729
v 11.949129 78.446487 32.837734
v 12.631220 70.265900 31.142260
v 10.710104 85.518196 33.183670
v 16.697870 113.166504 -4.962580
v 17.440577 109.518806 -6.155208
v 19.469965 113.322609 0.896167
v 20.721502 109.722763 1.158024
v 2.818241 104.006180 -18.093338
v -14.707022 101.344757 -18.882397
v 7.572331 104.586212 -16.205067
v 12.001074 105.022820 -13.222212
v 20.382341 103.932503 16.451366
v 21.013557 104.465393 9.902771
v 17.156525 104.408829 23.166796
v 1.482453 101.793716 34.278923
v 20.450598 105.091698 1.481400
v 17.622414 105.288857 -6.037606
v -9.155701 99.477768 -19.830267
v 3.215437 101.252289 -18.044331
v 7.894928 101.822853 -16.181400
v 12.256020 102.252785 -13.244109
v 20.567104 101.146957 16.133333
v 21.182144 101.700706 9.659284
v 17.285822 101.232422 22.874363
v 20.624578 102.321007 1.318607
v 17.823492 102.516273 -6.128349
v 1.861569 98.459732 33.748085
v 27.310846 82.290550 0.376725
v 25.659243 85.310181 6.367924
v 24.896597 85.137321 13.231504
v 22.266027 83.202042 20.760260
v 18.470108 83.383621 -19.824749
v 21.267122 82.119003 -15.206875
v 24.070974 80.851295 -10.577708
v 27.037275 81.360703 -4.422028
v -18.572639 68.755341 -26.801699
v -5.071760 73.063698 -29.548336
v 8.638342 78.979294 -26.503428
v 14.523775 81.816521 -23.221138
v 10.723314 79.337654 30.917078
v 22.043657 82.340683 0.854057
v 21.878532 83.384865 6.194650
v 21.227894 83.727234 12.332664
v 17.841265 82.324875 19.938902
v 14.948738 79.858665 -15.916000
v 18.072350 80.667923 -12.028099
v 19.973228 81.087006 -8.198361
v 21.272011 81.622353 -3.778796
v -11.576086 71.118324 -25.043488
v 7.046694 77.001709 -21.798834
v 12.006336 78.819832 -18.543592
v -5.254076 87.061584 44.737732
v -2.858513 78.528198 43.855289
v 0.122823 71.987099 42.201565
v 3.523167 66.388451 40.083050
v 7.988602 62.163109 37.562183
v 20.432867 64.070923 31.095482
v 22.675041 65.127541 29.564371
v 25.665449 70.857826 28.025003
v 27.385798 77.490067 27.354935
v 28.235464 84.804451 26.922411
v 27.565275 93.686096 26.865271
v 19.808531 114.695084 31.725649
v 16.409214 118.384819 34.242458
v 2.857845 116.556839 42.219711
v -1.173343 114.835823 43.817410
v -3.793819 109.931000 44.578804
v -7.397935 103.228172 42.680294
v -6.478346 87.034058 41.701397
v -4.237528 78.604782 40.632950
v -1.282026 72.149338 39.034332
v 2.118172 66.638756 37.008194
v 6.431989 62.557289 34.510700
v 8.878435 62.507637 33.330677
v 20.842203 65.465958 26.663315
v 23.781870 71.011528 25.210773
v 25.453497 77.545845 24.474949
v 26.271338 84.762932 24.018705
v 25.707380 93.530678 24.173983
v 22.071751 109.176567 26.631960
v 18.087383 114.452560 29.639576
v 14.995157 117.777863 31.895277
v 11.386841 117.898499 34.489365
v -2.201012 114.306854 41.259811
v -4.566658 109.879890 41.976311
v -36.491268 98.805984 24.818932
v -38.544991 96.663750 21.631149
v -39.934586 92.881020 19.830212
v -40.399963 88.423752 19.996037
v -39.704967 84.505722 22.093765
v -37.900238 82.249756 25.502501
v -35.286983 82.332962 29.152723
v -32.743069 84.689232 32.075310
v -31.058643 88.593422 33.520649
v -30.827782 92.928665 33.291462
v -31.996088 96.621964 31.474630
v -34.159451 98.781487 28.454269
v 29.144991 105.034042 0.632030
v 27.129351 108.556305 -0.723367
v 25.089621 110.740784 -3.811057
v 22.345190 108.954300 -11.527878
v 22.708963 105.525490 -14.283649
v 24.420172 101.507553 -15.303131
v 27.734926 97.437164 -15.524670
v 30.548594 95.145073 -12.266793
v 32.549484 94.987724 -7.327026
v 33.005001 97.068298 -2.854648
v 30.754751 101.070328 -0.141132
v 23.610830 112.265778 -8.193490
v -36.445007 100.393585 -18.493830
v -27.165691 101.876114 -30.304815
v -42.099152 97.784630 -4.104391
v -42.936649 97.056046 4.130626
v -41.943375 97.746788 12.200977
v -24.254133 99.543892 37.648766
v -24.996861 97.863022 38.817039
v -30.808659 102.077744 34.455597
v -34.312130 104.227463 29.741188
v -37.721359 103.802887 24.352211
v -39.594215 102.535721 18.352648
v -6.443063 103.490936 45.304169
v -9.806258 103.117783 44.415695
v -16.706917 99.771912 41.685871
v -19.682720 102.962524 -32.312664
v 3.347111 105.583763 -30.422184
v 11.134302 106.544273 -26.435343
v 17.218430 108.302597 -20.935957
v 26.918280 108.577560 17.928852
v 27.439188 109.978081 9.498080
v 24.711885 110.085197 25.618111
v 23.656216 109.566422 28.912977
v 25.863443 114.570595 3.938163
v 23.034109 116.922974 -1.330443
v 20.394825 116.695938 -7.357916
v 20.100401 113.472412 -13.793462
v 18.366755 67.776176 28.956873
v 15.895586 91.456337 32.941315
v 20.294359 61.828026 30.069214
v 10.575548 59.866302 35.361801
v 10.903122 114.299507 32.173008
v 3.431719 106.793961 39.600559
v 2.490489 111.770355 39.713078
v 11.540789 120.869370 35.916546
v 8.284538 71.878845 35.556660
v 17.164654 82.239349 31.799335
v 9.861195 120.130508 32.458096
v 11.627256 108.502090 31.374462
v 11.261734 103.767647 28.953413
v 11.647970 100.435097 28.418695
v 10.665667 62.099430 36.414417
v 12.590805 118.521408 36.919422
v 18.683796 64.486832 27.990959
v 1.663393 115.935844 39.784477
v 17.507410 60.177757 26.485363
v 9.535986 58.568737 30.826370
v -42.469009 87.228920 -14.647156
v -41.453648 97.323860 -12.629512
v -33.088993 100.550636 -7.183240
v -38.832932 76.122253 -12.481839
v -30.488092 97.738945 -5.329387
v -29.833374 95.035149 -5.398350
v -32.848373 68.953918 -9.628994
v -28.424255 69.089958 -7.415066
v -2.408399 95.315071 -36.463001
v -4.315723 104.820068 -32.853748
v -4.999288 106.220482 -22.480080
v 0.906058 84.143486 -34.122540
v -3.929550 103.099731 -19.792397
v -3.493956 100.351700 -19.742033
v 2.427790 76.074341 -28.839371
v 1.997445 75.230515 -23.981840
v -40.171474 98.924034 -11.586501
v -4.584691 106.107147 -30.966022
v -38.355171 88.168236 -22.291044
v -32.837101 100.307335 -25.149172
v -30.408161 101.586967 -12.173472
v -34.327858 76.342110 -20.532768
v -23.599535 99.561378 -14.176114
v -26.835733 95.909088 -10.202234
v -28.800541 68.274094 -16.626331
v -21.321161 69.151306 -19.736603
v -10.956008 93.698700 -37.211830
v -12.500525 105.226723 -31.533298
v -10.704827 105.564041 -22.903334
v -7.949749 81.666473 -34.897522
v -9.652086 102.215813 -19.874533
v -16.381130 98.227226 -18.347675
v -12.546539 70.544609 -28.495680
v -5.318816 72.884804 -25.458338
v -31.860710 101.811783 -23.790569
v -12.667362 103.889496 -33.378201
vn -0.5016 0.2523 -0.8275
vn -0.7196 0.2045 -0.6635
vn -0.7197 0.2045 -0.6634
vn -0.9266 0.1569 -0.3418
vn -0.9271 0.1567 -0.3406
vn -0.8209 0.1894 -0.5388
vn -0.8221 0.1892 -0.5370
vn -0.9803 0.1246 -0.1535
vn -0.9932 0.1166 -0.0014
vn -0.9932 0.1166 -0.0011
vn -0.9793 0.1254 -0.1592
vn -0.9632 0.1176 0.2416
vn -0.9630 0.1012 0.2496
vn -0.5435 0.0574 0.8375
vn -0.3434 -0.0021 0.9392
vn -0.3359 -0.0036 0.9419
vn -0.5496 0.0209 0.8351
vn -0.0460 -0.0440 0.9980
vn -0.0651 -0.0295 0.9974
vn 0.2810 -0.0497 0.9584
vn 0.3834 -0.0337 0.9230
vn 0.3793 0.0110 0.9252
vn 0.2797 -0.0242 0.9598
vn 0.3864 0.0408 0.9214
vn 0.3982 0.0476 0.9161
vn 0.3198 0.0139 0.9474
vn 0.2947 0.0054 0.9556
vn 0.3277 -0.1299 0.9358
vn 0.4166 -0.1358 0.8989
vn 0.3972 -0.0835 0.9140
vn 0.2989 -0.0859 0.9504
vn 0.3830 -0.1798 0.9061
vn 0.4440 -0.1903 0.8756
vn 0.4359 -0.1739 0.8830
vn 0.3564 -0.1604 0.9205
vn -0.7243 0.0151 0.6893
vn -0.8221 0.0300 0.5685
vn -0.8221 0.0300 0.5686
vn -0.7179 0.0144 0.6960
vn -0.6327 -0.2530 -0.7319
vn -0.4856 -0.7072 -0.5138
vn -0.4882 -0.7024 -0.5179
vn -0.6310 -0.2629 -0.7299
vn -0.2623 -0.9545 -0.1415
vn -0.2558 -0.9579 -0.1303
vn 0.1944 -0.6866 0.7006
vn 0.2978 -0.2346 0.9254
vn 0.2957 -0.2575 0.9199
vn 0.1889 -0.6991 0.6896
vn 0.2722 0.2745 0.9223
vn 0.2763 0.2505 0.9278
vn 0.1367 0.6867 0.7139
vn 0.1312 0.6971 0.7048
vn -0.0848 0.9372 0.3383
vn -0.0811 0.9351 0.3449
vn -0.3169 0.9455 -0.0751
vn -0.3309 0.9383 -0.1004
vn -0.5379 0.6875 -0.4879
vn -0.5253 0.7134 -0.4639
vn -0.6462 0.2748 -0.7120
vn -0.6492 0.2473 -0.7193
vn -0.0151 -0.9538 0.3001
vn -0.0089 -0.9502 0.3116
vn -0.9049 0.0553 0.4221
vn -0.8580 0.0432 0.5118
vn -0.8571 0.0427 0.5134
vn -0.9033 0.0550 0.4254
vn -0.9310 0.0861 0.3547
vn -0.8996 0.1034 0.4243
vn -0.8967 0.1011 0.4310
vn -0.9267 0.1153 0.3577
vn -0.8473 0.0694 0.5266
vn -0.8416 0.0666 0.5360
vn -0.7951 0.0683 0.6027
vn -0.7982 0.0666 0.5986
vn -0.6894 0.1072 0.7164
vn -0.6900 0.1070 0.7159
vn -0.6028 0.0815 0.7937
vn -0.6201 0.0241 0.7841
vn -0.1890 0.9818 0.0169
vn -0.2374 0.9704 0.0446
vn -0.2383 0.9701 0.0454
vn -0.2637 0.9622 0.0683
vn -0.2647 0.9618 0.0693
vn -0.2519 0.9661 0.0571
vn -0.2501 0.9666 0.0555
vn -0.2684 0.9610 0.0662
vn -0.2581 0.9661 0.0111
vn -0.2558 0.9667 0.0001
vn -0.2681 0.9613 0.0641
vn -0.2456 0.9682 -0.0473
vn 0.2431 0.8932 0.3784
vn 0.0923 0.9401 0.3283
vn 0.1052 0.9361 0.3357
vn 0.2431 0.8931 0.3784
vn -0.1968 0.8066 -0.5574
vn -0.1889 0.8567 -0.4799
vn -0.1850 0.8760 -0.4454
vn -0.3271 0.9338 0.1451
vn -0.3072 0.9398 0.1498
vn -0.4950 0.8630 0.1013
vn -0.3970 0.9178 0.0071
vn -0.3165 0.9476 -0.0439
vn -0.3248 0.9450 -0.0387
vn -0.9134 0.3888 -0.1207
vn -0.8991 0.4301 -0.0817
vn -0.9081 0.4053 -0.1053
vn -0.9203 0.3639 -0.1434
vn -0.1242 0.9673 -0.2213
vn 0.0527 0.9899 0.1317
vn 0.0589 0.9882 0.1414
vn -0.1116 0.9759 -0.1875
vn 0.0854 -0.7853 0.6132
vn 0.1580 -0.7779 0.6083
vn 0.0463 -0.7272 0.6848
vn 0.0159 -0.7178 0.6961
vn -0.1163 -0.8357 0.5367
vn -0.1527 -0.7645 0.6263
vn -0.1458 -0.8327 0.5342
vn -0.0294 -0.6845 0.7284
vn -0.8876 -0.4572 0.0568
vn -0.9433 -0.3290 -0.0436
vn -0.9286 -0.3709 -0.0144
vn -0.8674 -0.4896 0.0889
vn -0.9568 -0.2806 -0.0765
vn 0.1192 -0.9689 0.2170
vn -0.3879 -0.8876 0.2485
vn -0.2975 -0.9225 0.2461
vn 0.1569 -0.9642 0.2139
vn -0.7729 -0.6111 0.1706
vn -0.7148 -0.6694 0.2024
vn -0.3878 -0.9195 0.0649
vn -0.6384 -0.7683 -0.0471
vn -0.6227 -0.7802 0.0600
vn -0.4873 -0.8546 0.1797
vn -0.1263 -0.9181 0.3758
vn -0.2715 -0.8456 0.4596
vn -0.3552 0.0742 -0.9319
vn -0.3643 0.0073 -0.9313
vn -0.4224 -0.0187 -0.9062
vn -0.4200 0.0313 -0.9070
vn -0.4303 0.2737 -0.8602
vn -0.2356 0.4360 -0.8685
vn -0.6472 -0.3232 -0.6904
vn -0.4146 -0.2810 -0.8655
vn -0.3653 -0.4249 -0.8283
vn -0.5932 -0.4739 -0.6508
vn -0.9072 -0.3856 -0.1683
vn -0.8570 -0.3547 -0.3738
vn -0.7942 -0.5215 -0.3119
vn -0.8282 -0.5488 -0.1131
vn -0.8919 -0.4506 -0.0372
vn -0.8026 -0.5963 0.0162
vn -0.8302 -0.5573 -0.0127
vn -0.7578 -0.6513 0.0408
vn -0.3719 0.1401 -0.9176
vn -0.3505 0.0458 -0.9354
vn -0.4838 0.0369 -0.8744
vn -0.4949 0.1287 -0.8594
vn -0.3404 -0.0102 -0.9402
vn -0.4723 -0.0362 -0.8807
vn -0.3812 0.1125 -0.9176
vn -0.3873 0.1521 -0.9093
vn -0.4900 0.1226 -0.8630
vn -0.4178 0.1137 -0.9014
vn 0.9204 0.0454 -0.3882
vn 0.8678 0.0968 -0.4874
vn 0.8834 0.0725 -0.4630
vn 0.8683 0.2160 -0.4465
vn 0.8923 0.3875 -0.2315
vn 0.8052 0.0609 -0.5898
vn 0.6622 0.0693 -0.7461
vn 0.7708 0.0514 -0.6350
vn 0.5224 0.3943 -0.7561
vn 0.7146 0.2324 -0.6598
vn 0.5417 0.7506 0.3783
vn 0.7516 0.5075 0.4214
vn 0.6309 0.5046 0.5894
vn 0.4320 0.7593 0.4867
vn 0.6511 0.7118 0.2637
vn 0.7869 0.6098 0.0947
vn 0.9009 0.4255 0.0850
vn 0.8379 0.4774 0.2647
vn 0.9155 0.3648 -0.1694
vn 0.1923 0.5801 -0.7915
vn 0.2337 0.3999 -0.8863
vn 0.4902 0.3569 -0.7952
vn -0.1476 0.3820 -0.9123
vn -0.4040 0.2995 -0.8644
vn 0.6630 0.3273 -0.6733
vn 0.8356 0.3259 -0.4423
vn 0.1992 0.7402 0.6422
vn 0.3455 0.7570 0.5546
vn 0.5378 0.4867 0.6885
vn 0.3513 0.4580 0.8166
vn 0.6376 0.1274 0.7597
vn 0.4657 0.0715 0.8821
vn 0.8734 0.2003 0.4439
vn 0.7580 0.1728 0.6289
vn 0.9644 0.2413 0.1079
vn 0.9348 0.2229 0.2765
vn 0.9527 0.2609 -0.1557
vn 0.2740 0.2201 -0.9362
vn 0.4976 0.2420 -0.8330
vn -0.0700 0.1662 -0.9836
vn 0.6743 0.2596 -0.6913
vn 0.8521 0.2684 -0.4494
vn -0.3650 0.1068 -0.9249
vn -0.1070 -0.6621 0.7417
vn -0.0551 -0.6178 0.7844
vn -0.1966 -0.6597 0.7254
vn 0.1360 -0.5386 0.8315
vn -0.6535 -0.7452 0.1326
vn -0.6302 -0.7584 0.1664
vn -0.5788 -0.7660 0.2798
vn -0.4065 -0.7531 0.5173
vn -0.3013 -0.5698 -0.7645
vn -0.5228 -0.6113 -0.5942
vn -0.6891 -0.6792 -0.2527
vn -0.7135 -0.6984 -0.0568
vn -0.6976 -0.7140 0.0596
vn 0.4996 -0.3942 0.7713
vn 0.3030 -0.9286 0.2142
vn 0.4590 -0.8869 0.0523
vn 0.4608 -0.8845 0.0728
vn 0.3040 -0.9283 0.2142
vn 0.0956 -0.9883 0.1192
vn 0.0944 -0.9888 0.1154
vn 0.0724 -0.9969 -0.0300
vn 0.0771 -0.9938 -0.0799
vn -0.0208 -0.9957 -0.0906
vn -0.1837 -0.9802 0.0733
vn -0.1822 -0.9808 0.0695
vn 0.0224 -0.9932 -0.1140
vn 0.4218 -0.9018 -0.0944
vn 0.2768 -0.9484 -0.1545
vn 0.2901 -0.9451 -0.1508
vn 0.4178 -0.9032 -0.0981
vn 0.2625 -0.9564 0.1276
vn 0.1906 -0.9744 0.1195
vn 0.1972 -0.9726 0.1234
vn -0.0189 -0.9948 0.1003
vn -0.0273 -0.9944 0.1022
vn -0.1332 -0.9828 0.1281
vn -0.1338 -0.9827 0.1282
vn -0.1985 -0.9688 0.1484
vn -0.1975 -0.9691 0.1480
vn 0.1121 -0.9811 -0.1579
vn -0.2454 0.3003 -0.9217
vn -0.2455 0.3002 -0.9217
vn -0.0892 0.3371 -0.9372
vn 0.1347 0.3710 -0.9188
vn 0.1335 0.3709 -0.9190
vn -0.0871 0.3375 -0.9373
vn 0.3232 0.3877 -0.8633
vn 0.3178 0.3872 -0.8655
vn 0.4561 0.4091 -0.7903
vn 0.4558 0.4090 -0.7905
vn 0.6500 0.4268 -0.6288
vn 0.6386 0.4410 -0.6307
vn 0.9340 0.3557 0.0329
vn 0.9462 0.3228 0.0205
vn 0.9347 0.2528 0.2500
vn 0.9357 0.2561 0.2426
vn 0.8535 0.1559 0.4972
vn 0.8488 0.1367 0.5107
vn 0.6563 0.0261 0.7540
vn 0.6504 0.0506 0.7579
vn 0.5623 0.0479 0.8256
vn 0.5719 0.0043 0.8203
vn 0.5466 0.0731 0.8342
vn 0.6306 0.0732 0.7727
vn 0.6089 0.0722 0.7900
vn 0.5344 0.0751 0.8419
vn 0.6389 -0.0671 0.7663
vn 0.6519 -0.0147 0.7582
vn 0.5727 -0.0480 0.8183
vn 0.5666 -0.1055 0.8172
vn 0.6024 -0.1355 0.7866
vn 0.6214 -0.1069 0.7761
vn 0.5556 -0.1497 0.8178
vn 0.5506 -0.1688 0.8175
vn 0.9158 0.3462 -0.2038
vn 0.9183 0.3447 -0.1949
vn 0.8614 0.3698 -0.3482
vn 0.8614 0.3698 -0.3483
vn -0.2062 -0.1669 -0.9642
vn -0.2024 -0.1764 -0.9633
vn 0.0322 -0.5974 -0.8013
vn 0.0357 -0.6020 -0.7977
vn 0.3029 -0.8405 -0.4493
vn 0.3098 -0.8437 -0.4383
vn 0.6815 -0.5883 0.4353
vn 0.6791 -0.6002 0.4227
vn 0.6804 -0.1798 0.7105
vn 0.6769 -0.1581 0.7189
vn 0.5431 0.3043 0.7826
vn 0.5334 0.3272 0.7800
vn 0.3064 0.7210 0.6215
vn 0.2986 0.7309 0.6137
vn 0.0346 0.9613 0.2732
vn -0.2010 0.9645 -0.1711
vn -0.1895 0.9712 -0.1444
vn 0.0387 0.9593 0.2796
vn -0.3383 0.7277 -0.5966
vn -0.3387 0.3100 -0.8884
vn -0.3426 0.3361 -0.8773
vn -0.3328 0.7522 -0.5687
vn 0.5399 -0.8418 -0.0021
vn 0.5450 -0.8384 0.0099
vn 0.7775 0.3943 -0.4899
vn 0.8299 0.3833 -0.4054
vn 0.8290 0.3837 -0.4069
vn 0.7755 0.3944 -0.4930
vn 0.7243 0.4202 -0.5467
vn 0.7157 0.4468 -0.5367
vn 0.7649 0.4364 -0.4738
vn 0.7602 0.4384 -0.4795
vn 0.8335 0.4047 -0.3762
vn 0.8278 0.4075 -0.3856
vn 0.8630 0.4020 -0.3060
vn 0.8642 0.4032 -0.3009
vn 0.8927 0.4264 -0.1460
vn 0.8928 0.4265 -0.1451
vn 0.9206 0.3889 -0.0358
vn 0.9386 0.3388 -0.0647
vn -0.1378 0.9904 -0.0094
vn -0.1389 0.9903 -0.0090
vn -0.1203 0.9926 -0.0146
vn -0.1028 0.9945 -0.0189
vn -0.1042 0.9944 -0.0186
vn -0.1227 0.9923 -0.0139
vn -0.1032 0.9944 -0.0237
vn -0.1051 0.9942 -0.0247
vn -0.1650 0.9851 -0.0493
vn -0.1547 0.9869 -0.0452
vn -0.2091 0.9756 -0.0672
vn -0.0819 0.8276 0.5554
vn -0.0819 0.8275 0.5554
vn -0.0613 0.9025 0.4264
vn -0.0622 0.9089 0.4124
vn -0.5999 0.7252 -0.3379
vn -0.5355 0.8053 -0.2545
vn -0.5559 0.7827 -0.2801
vn -0.0094 0.9999 -0.0124
vn -0.0016 0.9995 -0.0321
vn 0.0673 0.9765 -0.2049
vn -0.0745 0.9829 -0.1685
vn -0.1558 0.9791 -0.1307
vn -0.1649 0.9782 -0.1264
vn 0.2370 0.6210 -0.7471
vn 0.2419 0.6375 -0.7315
vn 0.2492 0.6618 -0.7070
vn 0.2294 0.5960 -0.7695
vn -0.4106 0.9095 -0.0653
vn -0.3920 0.9193 -0.0348
vn -0.2124 0.9334 0.2891
vn -0.2177 0.9353 0.2790
vn 0.6942 -0.6624 0.2817
vn 0.7757 -0.5644 0.2823
vn 0.7543 -0.5843 0.2993
vn 0.6519 -0.6782 0.3393
vn 0.7470 -0.6614 0.0666
vn 0.8165 -0.5689 0.0985
vn 0.7587 -0.6501 0.0416
vn 0.8145 -0.5141 0.2689
vn 0.6241 -0.1520 -0.7664
vn 0.6500 -0.1833 -0.7375
vn 0.5603 -0.0703 -0.8253
vn 0.5313 -0.0314 -0.8466
vn 0.4965 0.0128 -0.8679
vn 0.3875 -0.9176 0.0883
vn 0.6263 -0.7360 -0.2570
vn 0.6626 -0.6755 -0.3235
vn 0.4102 -0.9101 0.0586
vn 0.7212 -0.3796 -0.5795
vn 0.7064 -0.3125 -0.6350
vn 0.5226 -0.7357 -0.4309
vn 0.6458 -0.6258 -0.4373
vn 0.5929 -0.5348 -0.6020
vn 0.5099 -0.5365 -0.6725
vn 0.6458 -0.7622 -0.0447
vn 0.7641 -0.6366 -0.1043
vn -0.6053 0.0237 -0.7956
vn -0.5400 0.0071 -0.8416
vn -0.5231 -0.0390 -0.8514
vn -0.5801 -0.0363 -0.8137
vn -0.5700 0.2456 -0.7841
vn -0.7223 0.3378 -0.6035
vn -0.1440 -0.2216 -0.9644
vn -0.0930 -0.3729 -0.9232
vn 0.4289 -0.1159 -0.8959
vn 0.4840 -0.2840 -0.8277
vn 0.2970 -0.3012 -0.9061
vn 0.2274 -0.1359 -0.9643
vn 0.5477 -0.1600 -0.8212
vn 0.5909 -0.3151 -0.7427
vn 0.5693 -0.2748 -0.7748
vn 0.6054 -0.3761 -0.7015
vn -0.6049 0.0950 -0.7906
vn -0.6019 -0.0047 -0.7985
vn -0.5939 -0.0614 -0.8022
vn -0.5876 0.0652 -0.8065
vn -0.5601 0.0804 -0.8245
vn -0.5925 0.1123 -0.7977
vn -0.7860 -0.2990 0.5411
vn -0.8368 -0.2747 0.4737
vn -0.8562 -0.2512 0.4515
vn -0.8591 -0.1327 0.4942
vn -0.7477 0.0565 0.6616
vn -0.8978 -0.2829 0.3376
vn -0.9146 -0.2888 0.2829
vn -0.9567 -0.2575 0.1355
vn -0.9616 -0.1059 0.2531
vn -0.9937 0.0883 0.0695
vn 0.0151 0.3801 0.9248
vn -0.1824 0.3190 0.9301
vn -0.1869 0.6035 0.7751
vn -0.0470 0.6624 0.7477
vn -0.3228 0.5152 0.7940
vn -0.3437 0.2389 0.9082
vn -0.5057 0.1416 0.8510
vn -0.4969 0.3506 0.7938
vn -0.7018 0.0383 0.7113
vn -0.9983 0.0565 0.0154
vn -0.9583 0.1593 -0.2371
vn -0.9151 0.3565 -0.1885
vn -0.7852 0.2533 -0.5651
vn -0.5942 0.2611 -0.7608
vn -0.9757 -0.0035 0.2191
vn -0.8727 -0.0189 0.4879
vn 0.1422 0.4053 0.9031
vn 0.0520 0.6989 0.7133
vn 0.2738 0.0392 0.9610
vn 0.0846 0.0368 0.9957
vn -0.1317 -0.0026 0.9913
vn -0.3053 -0.0275 0.9518
vn -0.4629 -0.0468 0.8852
vn -0.6777 -0.0682 0.7322
vn -0.9980 -0.0599 -0.0185
vn -0.9647 -0.0300 -0.2617
vn -0.8166 0.0155 -0.5770
vn -0.9756 -0.0734 0.2071
vn -0.8693 -0.0790 0.4880
vn -0.6046 0.0585 -0.7944
vn 0.8526 -0.4346 0.2901
vn 0.8570 -0.4675 0.2168
vn 0.8873 -0.4409 0.1351
vn 0.7724 -0.4101 0.4849
vn 0.6768 -0.4946 -0.5453
vn 0.6568 -0.4807 -0.5810
vn 0.8501 -0.4995 -0.1670
vn 0.7459 -0.4986 -0.4416
vn -0.0403 -0.5139 -0.8569
vn 0.5181 -0.4498 -0.7275
vn 0.3407 -0.4713 -0.8135
vn 0.6098 -0.4502 -0.6523
vn 0.3046 -0.9283 0.2133
vn 0.0979 -0.9578 0.2704
vn 0.0829 -0.9628 0.2571
vn 0.3481 -0.9373 -0.0183
vn 0.3457 -0.9381 -0.0215
vn 0.2407 -0.9630 -0.1217
vn 0.1967 -0.9697 -0.1450
vn 0.2371 -0.9436 -0.2311
vn 0.1958 -0.9582 -0.2085
vn 0.4430 -0.8546 -0.2709
vn 0.4466 -0.8530 -0.2700
vn -0.0137 -0.9897 0.1428
vn -0.0143 -0.9904 0.1372
vn 0.0187 -0.9998 -0.0030
vn 0.0233 -0.9996 -0.0165
vn 0.2970 -0.9529 0.0615
vn 0.2964 -0.9525 0.0694
vn 0.4670 -0.8616 -0.1988
vn 0.3969 -0.9088 -0.1288
vn 0.3914 -0.9120 -0.1231
vn 0.4674 -0.8613 -0.1992
vn 0.5117 -0.8255 -0.2383
vn 0.5110 -0.8260 -0.2378
vn 0.0517 -0.0546 0.9972
vn 0.0391 -0.0329 0.9987
vn 0.0868 -0.1189 0.9891
vn 0.0968 -0.1379 0.9857
vn 0.1352 -0.2108 0.9681
vn 0.1449 -0.2294 0.9625
vn 0.1727 -0.2920 0.9407
vn 0.1802 -0.3122 0.9327
vn 0.2711 -0.3824 0.8833
vn 0.2720 -0.3828 0.8829
vn 0.4300 -0.4008 0.8090
vn 0.4212 -0.4025 0.8128
vn 0.5668 -0.3732 0.7345
vn 0.7005 -0.2957 0.6495
vn 0.6998 -0.2964 0.6499
vn 0.5748 -0.3715 0.7291
vn 0.7687 -0.1717 0.6161
vn 0.7646 -0.1943 0.6145
vn 0.7851 -0.0796 0.6142
vn 0.7813 -0.1010 0.6159
vn 0.7985 0.0247 0.6015
vn 0.7964 0.0033 0.6047
vn 0.8030 0.0970 0.5880
vn 0.8039 0.1214 0.5822
vn 0.7618 0.5886 0.2704
vn 0.8241 0.3639 0.4341
vn 0.8063 0.3709 0.4607
vn 0.8207 0.4158 0.3918
vn 0.6759 0.4553 0.5796
vn 0.6452 0.4728 0.6001
vn 0.4202 0.5172 0.7456
vn 0.4277 0.5192 0.7400
vn 0.2429 0.4814 0.8421
vn -0.0004 0.3188 0.9478
vn 0.0263 0.3479 0.9372
vn 0.2340 0.4801 0.8455
vn -0.1647 0.1643 0.9726
vn -0.1363 0.1806 0.9741
vn -0.3350 0.3672 0.8677
vn -0.2132 0.2071 0.9548
vn 0.9297 -0.1817 -0.3204
vn 0.9128 0.1813 -0.3660
vn 0.9122 0.1840 -0.3661
vn 0.9336 -0.1446 -0.3278
vn 0.8569 0.3740 -0.3548
vn 0.8568 0.3741 -0.3548
vn 0.7915 0.5190 -0.3227
vn 0.7909 0.5203 -0.3223
vn 0.6883 0.6771 -0.2602
vn 0.6868 0.6791 -0.2592
vn 0.6051 0.7675 -0.2118
vn 0.0649 0.9934 0.0945
vn -0.0193 0.9896 0.1425
vn -0.0137 0.9901 0.1394
vn -0.1732 0.9585 0.2263
vn -0.2551 0.9288 0.2688
vn -0.1786 0.9569 0.2291
vn -0.7040 0.5032 0.5011
vn -0.7574 0.3853 0.5271
vn -0.7565 0.3877 0.5267
vn -0.8117 0.1954 0.5504
vn -0.8114 0.1968 0.5503
vn -0.8265 0.0342 0.5619
vn -0.8265 0.0343 0.5619
vn -0.8052 -0.1654 0.5695
vn -0.8058 -0.1627 0.5695
vn -0.6668 -0.5039 0.5490
vn -0.6860 -0.4715 0.5542
vn -0.4983 -0.7172 0.4871
vn -0.4993 -0.7162 0.4876
vn -0.4637 -0.7500 0.4717
vn 0.1040 -0.9754 0.1941
vn 0.1855 -0.9704 0.1547
vn 0.1778 -0.9712 0.1586
vn 0.3270 -0.9418 0.0777
vn 0.4010 -0.9155 0.0324
vn 0.3342 -0.9396 0.0734
vn 0.8403 -0.4868 -0.2385
vn 0.8602 -0.4430 -0.2526
vn 0.8608 -0.4417 -0.2531
vn -0.4686 -0.4219 0.7761
vn -0.4657 -0.4124 0.7830
vn -0.5819 -0.6001 0.5489
vn -0.5806 -0.5992 0.5512
vn -0.5630 0.6169 0.5500
vn -0.5711 0.6235 0.5339
vn -0.4747 0.4711 0.7435
vn -0.4799 0.4854 0.7308
vn -0.8444 0.5131 0.1536
vn -0.8657 0.4826 0.1327
vn -0.7093 0.6297 0.3169
vn -0.7029 0.6324 0.3255
vn -0.7258 -0.6192 0.2996
vn -0.7354 -0.6152 0.2841
vn -0.8913 -0.4483 0.0679
vn -0.8724 -0.4802 0.0911
vn -0.4138 -0.1134 0.9033
vn -0.4127 -0.0994 0.9054
vn -0.4236 0.2503 0.8706
vn -0.4174 0.2080 0.8846
vn -0.9685 0.2481 0.0206
vn -0.9811 0.1936 0.0013
vn -0.9820 -0.1864 -0.0297
vn -0.9913 -0.1264 -0.0367
vn 0.5187 0.1165 -0.8470
vn 0.4995 0.1745 -0.8485
vn 0.6323 -0.1407 -0.7618
vn 0.6514 -0.1727 -0.7388
vn 0.7815 -0.3090 -0.5420
vn 0.7906 -0.3132 -0.5262
vn 0.9917 -0.1272 -0.0191
vn 0.9930 -0.1180 -0.0114
vn 0.9719 0.1800 0.1514
vn 0.9749 0.1670 0.1470
vn 0.8645 0.4667 0.1866
vn 0.8434 0.5060 0.1806
vn 0.6985 0.7079 0.1045
vn 0.6865 0.7208 0.0957
vn 0.5407 0.8397 -0.0511
vn 0.5297 0.8457 -0.0655
vn 0.4195 0.8575 -0.2978
vn 0.4225 0.8596 -0.2874
vn 0.3887 0.7620 -0.5179
vn 0.3914 0.7363 -0.5519
vn 0.4288 0.4782 -0.7665
vn 0.4218 0.5287 -0.7366
vn 0.9166 -0.2976 -0.2671
vn 0.9175 -0.2968 -0.2647
vn -0.3968 0.4488 0.8007
vn 0.7133 0.6729 0.1961
vn -0.5888 0.7183 -0.3705
vn -0.5886 0.7184 -0.3708
vn -0.4208 0.7635 -0.4898
vn -0.7503 0.6584 -0.0594
vn -0.7519 0.6572 -0.0525
vn -0.7192 0.6769 -0.1566
vn -0.7159 0.6784 -0.1651
vn -0.7568 0.6536 0.0038
vn -0.7564 0.6541 0.0086
vn -0.7632 0.6454 -0.0313
vn -0.7690 0.6333 -0.0870
vn -0.2961 0.5974 0.7452
vn -0.2715 0.5898 0.7605
vn -0.3073 0.6154 0.7259
vn -0.3110 0.6169 0.7230
vn -0.7646 0.6428 -0.0469
vn -0.7612 0.6481 -0.0204
vn -0.4291 0.5511 0.7156
vn -0.4323 0.5462 0.7175
vn -0.5331 0.6958 0.4813
vn -0.5281 0.6944 0.4889
vn -0.6776 0.6983 0.2307
vn -0.6916 0.6931 0.2031
vn -0.2272 0.7913 -0.5677
vn -0.2268 0.7914 -0.5677
vn -0.1167 0.8103 -0.5743
vn 0.0245 0.8270 -0.5616
vn 0.0155 0.8260 -0.5634
vn -0.1265 0.8091 -0.5739
vn 0.1247 0.8350 -0.5359
vn 0.1315 0.8355 -0.5335
vn 0.1843 0.8440 -0.5037
vn 0.1808 0.8429 -0.5068
vn 0.1190 0.8125 -0.5706
vn 0.1579 0.8313 -0.5329
vn 0.5733 0.7729 0.2718
vn 0.5759 0.7608 0.2990
vn 0.6337 0.7614 0.1370
vn 0.6291 0.7647 0.1394
vn 0.4461 0.8935 -0.0519
vn 0.4502 0.8918 -0.0439
vn 0.5577 0.7900 0.2549
vn 0.5567 0.7921 0.2504
vn 0.1467 0.8267 -0.5431
vn 0.1649 0.8351 -0.5248
vn 0.3129 0.8982 -0.3087
vn 0.2989 0.8930 -0.3363
vn -0.7519 -0.3428 -0.5631
vn -0.6958 -0.4993 -0.5163
vn -0.6148 -0.6461 -0.4523
vn 0.0964 -0.9910 0.0926
vn 0.1003 -0.9906 0.0930
vn 0.0750 -0.3437 -0.9361
vn 0.0175 -0.1875 -0.9821
vn 0.1313 -0.4955 -0.8586
vn 0.3251 -0.9452 -0.0294
vn 0.3268 -0.9445 -0.0329
vn -0.6545 0.7018 -0.2814
vn -0.6490 0.7036 -0.2894
vt 0.427314 0.857711
vt 0.385853 0.858455
vt 0.381304 0.917817
vt 0.427314 0.926119
vt 0.306541 0.852997
vt 0.300982 0.904050
vt 0.343790 0.910769
vt 0.348189 0.856581
vt 0.260768 0.847229
vt 0.213609 0.838280
vt 0.209578 0.897960
vt 0.258654 0.900197
vt 0.163730 0.830791
vt 0.160348 0.905954
vt 0.080978 0.909087
vt 0.075574 0.880878
vt 0.042484 0.882851
vt 0.043437 0.910443
vt 0.077387 0.856003
vt 0.033626 0.858368
vt 0.424506 0.553287
vt 0.425822 0.521292
vt 0.466154 0.520731
vt 0.464171 0.547066
vt 0.477127 0.520476
vt 0.486316 0.520509
vt 0.484217 0.529133
vt 0.477250 0.536730
vt 0.387366 0.543200
vt 0.384727 0.520248
vt 0.403996 0.520980
vt 0.403335 0.549757
vt 0.365202 0.525212
vt 0.363839 0.520006
vt 0.371265 0.519590
vt 0.374302 0.534689
vt 0.034743 0.931023
vt 0.030690 0.945360
vt 0.040879 0.946891
vt 0.046138 0.936940
vt 0.058406 0.933951
vt 0.049086 0.938929
vt 0.054442 0.944426
vt 0.060237 0.941753
vt 0.051341 0.949151
vt 0.044153 0.947458
vt 0.049753 0.965560
vt 0.059409 0.970231
vt 0.060314 0.959757
vt 0.055130 0.958214
vt 0.070058 0.969566
vt 0.065626 0.958835
vt 0.069922 0.956110
vt 0.079019 0.964512
vt 0.072446 0.952320
vt 0.083901 0.955992
vt 0.084102 0.946357
vt 0.072906 0.948220
vt 0.070977 0.944472
vt 0.078922 0.938084
vt 0.069452 0.933258
vt 0.066499 0.941922
vt 0.051721 0.954282
vt 0.044411 0.957030
vt 0.047120 0.968091
vt 0.041084 0.957975
vt 0.032140 0.959993
vt 0.038161 0.974049
vt 0.058508 0.973399
vt 0.050984 0.993657
vt 0.093556 0.975595
vt 0.081891 0.966836
vt 0.071640 0.972448
vt 0.082160 0.995689
vt 0.097504 0.961040
vt 0.087281 0.957346
vt 0.097101 0.941799
vt 0.087567 0.945468
vt 0.092169 0.928811
vt 0.081878 0.936157
vt 0.070775 0.930447
vt 0.056685 0.931621
vt 0.422507 0.939360
vt 0.378942 0.930408
vt 0.358555 0.980418
vt 0.394993 0.990931
vt 0.298352 0.915897
vt 0.285545 0.963681
vt 0.321210 0.970685
vt 0.340325 0.922421
vt 0.255993 0.912697
vt 0.208517 0.911157
vt 0.204034 0.955998
vt 0.244437 0.959345
vt 0.160243 0.919832
vt 0.162002 0.962169
vt 0.030270 0.929696
vt 0.037043 0.910448
vt 0.019055 0.908462
vt 0.014694 0.926558
vt 0.044163 0.993444
vt 0.033894 0.975045
vt 0.017160 0.976626
vt 0.024815 0.994251
vt 0.035896 0.883717
vt 0.021336 0.887130
vt 0.027533 0.860067
vt 0.014661 0.863874
vt 0.495271 0.534697
vt 0.498181 0.521084
vt 0.508022 0.523370
vt 0.505438 0.535267
vt 0.484691 0.549310
vt 0.496350 0.552483
vt 0.470785 0.562828
vt 0.483642 0.567419
vt 0.027516 0.960285
vt 0.025920 0.944720
vt 0.012835 0.943340
vt 0.013632 0.960314
vt 0.107176 0.925847
vt 0.099868 0.905126
vt 0.096039 0.880218
vt 0.098770 0.854119
vt 0.382728 0.557947
vt 0.400732 0.565758
vt 0.389116 0.575940
vt 0.369825 0.566219
vt 0.424716 0.571406
vt 0.407944 0.582797
vt 0.350129 0.521360
vt 0.352442 0.531061
vt 0.338882 0.533129
vt 0.337579 0.520420
vt 0.366477 0.547278
vt 0.352798 0.552735
vt 0.109842 0.976687
vt 0.112407 0.959923
vt 0.111430 0.940185
vt 0.825693 0.321854
vt 0.816476 0.309314
vt 0.807011 0.307570
vt 0.807259 0.321272
vt 0.807498 0.334897
vt 0.833705 0.334785
vt 0.427314 0.798182
vt 0.388945 0.796020
vt 0.304178 0.795124
vt 0.263479 0.791621
vt 0.215571 0.784674
vt 0.174519 0.782890
vt 0.299263 0.552562
vt 0.281058 0.558311
vt 0.283545 0.508767
vt 0.306406 0.508424
vt 0.263375 0.560990
vt 0.263837 0.509154
vt 0.334110 0.531808
vt 0.316708 0.545004
vt 0.322070 0.508797
vt 0.104673 0.994259
vt 0.912443 0.360660
vt 0.903185 0.351807
vt 0.902534 0.356658
vt 0.900881 0.365733
vt 0.920768 0.374070
vt 0.891473 0.346840
vt 0.878904 0.347008
vt 0.888370 0.350944
vt 0.865122 0.351002
vt 0.883742 0.358463
vt 0.962048 0.397393
vt 0.954534 0.404294
vt 0.965770 0.413069
vt 0.973367 0.404831
vt 0.948462 0.389944
vt 0.934911 0.382444
vt 0.929141 0.388785
vt 0.940076 0.395070
vt 0.917293 0.383088
vt 0.848721 0.346165
vt 0.844701 0.356889
vt 0.859926 0.361709
vt 0.827711 0.350266
vt 0.808049 0.347341
vt 0.879007 0.368251
vt 0.896883 0.374923
vt 0.994985 0.423426
vt 0.984605 0.413831
vt 0.975904 0.422435
vt 0.984316 0.431061
vt 0.973714 0.429666
vt 0.979507 0.435602
vt 0.950586 0.409738
vt 0.961381 0.418066
vt 0.925965 0.394737
vt 0.936514 0.400734
vt 0.914542 0.389224
vt 0.843162 0.363453
vt 0.857931 0.368041
vt 0.826369 0.357720
vt 0.876760 0.374443
vt 0.894462 0.381081
vt 0.807978 0.355202
vt 0.126145 0.926817
vt 0.123905 0.905267
vt 0.122217 0.880687
vt 0.125313 0.850760
vt 0.127785 0.990443
vt 0.130467 0.973470
vt 0.131198 0.957528
vt 0.127461 0.939802
vt 0.427314 0.741967
vt 0.392812 0.739759
vt 0.305203 0.743794
vt 0.265160 0.744170
vt 0.222944 0.744039
vt 0.190246 0.738368
vt 0.123084 0.781909
vt 0.148076 0.792766
vt 0.142263 0.923163
vt 0.139336 0.903735
vt 0.137429 0.880566
vt 0.143175 0.846892
vt 0.147609 0.985823
vt 0.144966 0.969612
vt 0.145019 0.955221
vt 0.144729 0.939631
vt 0.427313 0.721821
vt 0.390631 0.718402
vt 0.302575 0.715363
vt 0.267279 0.713038
vt 0.229494 0.707481
vt 0.204747 0.701462
vt 0.160216 0.798040
vt 0.473325 0.917818
vt 0.468776 0.858455
vt 0.510839 0.910770
vt 0.553648 0.904052
vt 0.548090 0.852998
vt 0.506441 0.856582
vt 0.593865 0.847229
vt 0.595978 0.900199
vt 0.645056 0.897962
vt 0.641025 0.838280
vt 0.694287 0.905958
vt 0.690907 0.830791
vt 0.091017 0.724207
vt 0.128556 0.722852
vt 0.129508 0.750443
vt 0.096420 0.752415
vt 0.138365 0.774925
vt 0.094607 0.777289
vt 0.425239 0.463173
vt 0.464748 0.470025
vt 0.466356 0.496230
vt 0.425981 0.495171
vt 0.477310 0.496618
vt 0.477623 0.480472
vt 0.484471 0.488094
vt 0.486490 0.496693
vt 0.387921 0.472642
vt 0.404012 0.466341
vt 0.404188 0.495158
vt 0.384937 0.495621
vt 0.365465 0.490419
vt 0.374698 0.480989
vt 0.371484 0.496115
vt 0.364079 0.495648
vt 0.137250 0.702274
vt 0.125856 0.696357
vt 0.131117 0.686407
vt 0.141305 0.687938
vt 0.113589 0.699345
vt 0.111758 0.691543
vt 0.117554 0.688870
vt 0.122909 0.694367
vt 0.120655 0.684145
vt 0.127843 0.685839
vt 0.122245 0.667737
vt 0.116868 0.675082
vt 0.111685 0.673539
vt 0.112591 0.663066
vt 0.106373 0.674461
vt 0.101942 0.663729
vt 0.102077 0.677185
vt 0.092980 0.668782
vt 0.099552 0.680975
vt 0.099091 0.685076
vt 0.087895 0.686937
vt 0.088097 0.677302
vt 0.101020 0.688824
vt 0.105497 0.691374
vt 0.102543 0.700037
vt 0.093074 0.695210
vt 0.120276 0.679014
vt 0.127586 0.676267
vt 0.133838 0.659249
vt 0.139857 0.673306
vt 0.130913 0.675323
vt 0.124879 0.665206
vt 0.113492 0.659897
vt 0.121018 0.639640
vt 0.100360 0.660846
vt 0.090108 0.666458
vt 0.078444 0.657697
vt 0.089843 0.637604
vt 0.084717 0.675947
vt 0.074495 0.672252
vt 0.084430 0.687826
vt 0.074896 0.691494
vt 0.090119 0.697137
vt 0.079827 0.704482
vt 0.101221 0.702848
vt 0.115309 0.701675
vt 0.432121 0.939360
vt 0.459634 0.990933
vt 0.496073 0.980420
vt 0.475686 0.930408
vt 0.533418 0.970689
vt 0.569085 0.963684
vt 0.556278 0.915900
vt 0.514304 0.922422
vt 0.598639 0.912699
vt 0.610195 0.959350
vt 0.650599 0.956003
vt 0.646116 0.911160
vt 0.692633 0.962175
vt 0.694392 0.919837
vt 0.141723 0.703602
vt 0.157298 0.706740
vt 0.152936 0.724835
vt 0.134950 0.722848
vt 0.127839 0.639855
vt 0.147187 0.639050
vt 0.154838 0.656675
vt 0.138105 0.658255
vt 0.150654 0.746166
vt 0.136095 0.749578
vt 0.157328 0.769419
vt 0.144457 0.773225
vt 0.495468 0.482681
vt 0.505421 0.482230
vt 0.507799 0.493896
vt 0.498417 0.496132
vt 0.485172 0.468092
vt 0.496753 0.465139
vt 0.471581 0.454442
vt 0.484425 0.450114
vt 0.144480 0.673015
vt 0.158364 0.672987
vt 0.159159 0.689960
vt 0.146075 0.688579
vt 0.072127 0.728167
vt 0.064819 0.707446
vt 0.075956 0.753075
vt 0.073225 0.779172
vt 0.383521 0.457778
vt 0.370736 0.449227
vt 0.390260 0.439877
vt 0.401691 0.450287
vt 0.409219 0.433381
vt 0.425764 0.445078
vt 0.337086 0.494992
vt 0.338764 0.481996
vt 0.352593 0.484349
vt 0.350182 0.494209
vt 0.353323 0.462428
vt 0.367009 0.468202
vt 0.059591 0.673368
vt 0.062158 0.656605
vt 0.060567 0.693107
vt 0.762766 0.323071
vt 0.781170 0.321797
vt 0.780893 0.308072
vt 0.771494 0.310184
vt 0.781427 0.335458
vt 0.755256 0.336267
vt 0.465683 0.796020
vt 0.591154 0.791619
vt 0.550453 0.795123
vt 0.639064 0.784672
vt 0.680118 0.782887
vt 0.297530 0.464394
vt 0.279115 0.459363
vt 0.261343 0.457381
vt 0.333156 0.483757
vt 0.315255 0.471260
vt 0.067329 0.639032
vt 0.912556 0.360413
vt 0.902643 0.356493
vt 0.903257 0.351648
vt 0.901060 0.365558
vt 0.920957 0.373729
vt 0.891536 0.346778
vt 0.888470 0.350895
vt 0.878996 0.347036
vt 0.883908 0.358431
vt 0.865272 0.351122
vt 0.966110 0.412292
vt 0.954843 0.403621
vt 0.962284 0.396688
vt 0.973621 0.404020
vt 0.948686 0.389360
vt 0.940362 0.394531
vt 0.929414 0.388342
vt 0.935122 0.381978
vt 0.917558 0.382748
vt 0.860164 0.361847
vt 0.844926 0.357149
vt 0.848862 0.346411
vt 0.827902 0.350651
vt 0.833782 0.335155
vt 0.761815 0.351488
vt 0.781370 0.347770
vt 0.879256 0.368233
vt 0.897140 0.374755
vt 0.995275 0.422351
vt 0.984734 0.430029
vt 0.975551 0.420889
vt 0.984877 0.412902
vt 0.980018 0.434614
vt 0.974851 0.429452
vt 0.961766 0.417304
vt 0.950946 0.409078
vt 0.936851 0.400203
vt 0.926291 0.394301
vt 0.914859 0.388888
vt 0.858221 0.368183
vt 0.843440 0.363718
vt 0.826613 0.358119
vt 0.877060 0.374429
vt 0.894771 0.380916
vt 0.763433 0.358892
vt 0.781755 0.355700
vt 0.048090 0.728026
vt 0.045850 0.706475
vt 0.049778 0.752606
vt 0.046683 0.782534
vt 0.041531 0.659820
vt 0.044215 0.642846
vt 0.044535 0.693489
vt 0.040800 0.675762
vt 0.461816 0.739759
vt 0.589472 0.744166
vt 0.549427 0.743791
vt 0.631690 0.744034
vt 0.664389 0.738362
vt 0.048919 0.851384
vt 0.023926 0.840530
vt 0.032658 0.729557
vt 0.029732 0.710129
vt 0.034565 0.752728
vt 0.028821 0.786403
vt 0.027031 0.663676
vt 0.024389 0.647465
vt 0.027266 0.693659
vt 0.026978 0.678068
vt 0.463995 0.718401
vt 0.587352 0.713032
vt 0.552055 0.715358
vt 0.625140 0.707474
vt 0.649888 0.701455
vt 0.011785 0.835257
vt 0.465015 0.563233
vt 0.424566 0.562449
vt 0.468202 0.553316
vt 0.400931 0.558006
vt 0.383522 0.550800
vt 0.368841 0.541150
vt 0.357878 0.528285
vt 0.356022 0.521091
vt 0.358048 0.487233
vt 0.356066 0.494502
vt 0.369294 0.474412
vt 0.384192 0.464958
vt 0.401751 0.458046
vt 0.425455 0.454021
vt 0.465851 0.453936
vt 0.468852 0.463863
vt 0.482232 0.476286
vt 0.490099 0.486350
vt 0.492323 0.496460
vt 0.489871 0.530945
vt 0.492157 0.520771
vt 0.481836 0.541001
vt 0.349682 0.795956
vt 0.349253 0.741726
vt 0.350373 0.717941
vt 0.504947 0.795955
vt 0.505375 0.741724
vt 0.504254 0.717938
s 1
usemtl 03_-_Default
f 447/487/414 313/488/415 709/489/416 645/490/414
f 690/491/417 691/492/418 314/493/419 708/494/420
f 316/495/421 318/496/422 319/497/423 317/498/424
f 318/496/422 320/499/425 321/500/426 319/497/423
f 323/501/427 331/502/428 334/503/429 650/504/430
f 331/502/428 332/505/431 333/506/432 334/503/429
f 603/507/433 366/508/434 675/509/435 602/510/436
f 676/511/437 687/512/438 618/513/439 619/514/440
f 605/515/441 678/516/442 469/517/443 604/518/444
f 366/508/434 603/507/433 604/518/444 469/517/443
f 607/519/445 608/520/446 340/521/447 606/522/448
f 605/515/441 606/522/448 340/521/447 678/516/442
f 619/514/440 602/510/436 675/509/435 676/511/437
f 651/523/449 652/524/450 365/525/451 364/526/452
f 629/527/453 630/528/454 343/529/455 342/530/456
f 344/531/457 343/529/455 630/528/454 631/532/458
f 621/533/459 622/534/460 347/535/461 346/536/462
f 622/534/460 623/537/463 348/538/464 347/535/461
f 349/539/465 348/538/464 623/537/463 624/540/466
f 350/541/467 625/542/468 626/543/469 351/544/470
f 352/545/471 627/546/472 628/547/473 353/548/474
f 353/548/474 628/547/473 629/527/453 342/530/456
f 345/549/475 344/531/457 631/532/458 620/550/476
f 345/549/475 620/550/476 621/533/459 346/536/462
f 624/540/466 625/542/468 350/541/467 349/539/465
f 626/543/469 627/546/472 352/545/471 351/544/470
f 355/551/477 354/552/478 653/553/479 330/554/480
f 653/553/479 354/552/478 365/525/451 652/524/450
f 356/555/481 355/551/477 330/554/480 321/556/426
f 329/557/482 358/558/483 357/559/484 320/560/425
f 357/559/484 356/555/481 321/556/426 320/560/425
f 327/561/485 359/562/486 358/558/483 329/557/482
f 325/563/487 360/564/488 359/562/486 327/561/485
f 325/563/487 322/565/489 361/566/490 360/564/488
f 322/565/489 323/501/427 362/567/491 361/566/490
f 651/523/449 364/526/452 363/568/492 650/504/430
f 363/568/492 362/567/491 323/501/427 650/504/430
f 315/569/493 724/570/494 367/571/495 368/572/493
f 706/573/496 692/574/497 710/575/498 644/576/499
f 646/577/500 647/578/501 370/579/502 369/580/503
f 647/578/501 648/581/504 371/582/504 370/579/502
f 324/583/505 649/584/506 372/585/507 373/586/508
f 648/587/509 654/588/510 376/589/511 371/590/509
f 649/584/506 657/591/512 378/592/513 372/585/507
f 657/591/512 656/593/514 377/594/514 378/592/513
f 335/595/515 464/596/516 514/597/517 379/598/515
f 336/599/518 335/595/519 379/598/519 380/600/520
f 656/601/521 336/599/518 380/600/520 377/602/521
f 328/603/522 326/604/523 374/605/524 375/606/525
f 654/588/510 328/603/522 375/606/525 376/589/511
f 326/604/523 324/583/505 373/586/508 374/605/524
f 323/501/526 322/565/527 381/607/528 382/608/529
f 331/502/530 323/501/526 382/608/529 385/609/531
f 332/505/532 331/502/530 385/609/531 386/610/533
f 337/611/534 338/612/535 388/613/536 387/614/537
f 338/612/535 332/615/538 386/616/538 388/613/536
f 673/617/539 339/618/540 389/619/541 689/620/542
f 339/618/540 341/621/543 390/622/544 389/619/541
f 341/621/543 337/611/534 387/614/537 390/622/544
f 327/561/545 329/557/546 396/623/547 384/624/548
f 325/563/549 327/561/545 384/624/548 383/625/550
f 322/565/527 325/563/549 383/625/550 381/607/528
f 380/626/551 379/627/552 514/628/553 412/629/554
f 380/626/551 412/629/554 530/630/555 377/631/556
f 313/488/557 447/487/558 394/632/559 391/633/560
f 316/495/561 690/491/562 693/634/563 392/635/564
f 318/496/565 316/495/561 392/635/564 393/636/566
f 320/499/567 318/496/565 393/636/566 395/637/568
f 387/638/569 388/639/570 535/640/571 536/641/572
f 388/639/570 386/642/573 537/643/574 535/640/571
f 389/644/575 390/645/576 410/646/577 689/620/578
f 390/645/576 387/638/569 536/641/572 410/646/577
f 329/557/546 320/560/567 395/647/568 396/623/547
f 376/648/579 375/649/580 399/650/581
f 376/648/579 399/650/581 400/651/582 371/652/583
f 374/653/584 373/654/585 397/655/586
f 373/654/585 372/656/587 398/657/588 397/655/586
f 375/649/580 374/653/584 397/655/586 399/650/581
f 397/655/586 398/657/588 400/651/582 399/650/581
f 692/658/589 694/659/590 401/660/591 710/661/592
f 369/662/593 370/663/594 403/664/595 402/665/596
f 370/663/594 371/652/583 404/666/597 403/664/595
f 372/656/587 378/667/598 407/668/599 405/669/600
f 378/667/598 377/631/556 406/670/601 407/668/599
f 530/630/555 549/671/602 406/670/601 377/631/556
f 398/657/588 372/656/587 405/669/600 408/672/603
f 400/651/582 398/657/588 408/672/603 409/673/604
f 371/652/583 400/651/582 409/673/604 404/666/597
f 368/674/605 367/675/606 712/676/607 411/677/608
f 411/677/608 712/676/607 413/678/609 422/679/610
f 694/659/590 695/680/611 713/681/612 401/660/591
f 402/665/596 403/664/595 415/682/613 414/683/614
f 403/664/595 404/666/597 416/684/615 415/682/613
f 405/669/600 407/668/599 419/685/616 417/686/617
f 407/668/599 406/670/601 418/687/618 419/685/616
f 408/672/603 405/669/600 417/686/617 420/688/619
f 409/673/604 408/672/603 420/688/619 421/689/620
f 404/666/597 409/673/604 421/689/620 416/684/615
f 406/670/601 549/671/602 561/690/621 418/687/618
f 382/608/529 381/607/528 423/691/622 424/692/623
f 385/609/531 382/608/529 424/692/623 427/693/624
f 386/610/533 385/609/531 427/693/624 428/694/625
f 396/623/547 395/647/568 432/695/626 433/696/627
f 383/625/550 384/624/548 426/697/628 425/698/629
f 381/607/528 383/625/550 425/698/629 423/691/622
f 391/633/560 394/632/559 570/699/630 429/700/631
f 693/634/563 696/701/632 430/702/633 392/635/564
f 393/636/566 392/635/564 430/702/633 431/703/634
f 395/637/568 393/636/566 431/703/634 432/704/626
f 537/705/635 386/610/533 428/694/625 574/706/635
f 384/624/548 396/623/547 433/696/627 426/697/628
f 424/692/636 423/691/637 434/707/638 435/708/639
f 427/693/640 424/692/636 435/708/639 438/709/641
f 428/694/642 427/693/640 438/709/641 439/710/643
f 433/696/644 432/695/645 443/711/646 444/712/647
f 425/698/648 426/697/649 437/713/650 436/714/651
f 423/691/637 425/698/648 436/714/651 434/707/638
f 570/699/652 445/715/652 715/716/653 429/700/654
f 696/701/655 697/717/656 441/718/657 430/702/658
f 431/703/659 430/702/658 441/718/657 442/719/660
f 432/704/645 431/703/659 442/719/660 443/720/646
f 426/697/649 433/696/644 444/712/647 437/713/650
f 574/706/661 428/694/642 439/710/643 446/721/661
f 447/487/414 645/490/414 658/722/662 448/723/663
f 725/724/664 699/725/665 698/726/666 716/727/667
f 450/728/668 659/729/669 660/730/670 452/731/671
f 452/731/671 660/730/670 661/732/672 454/733/673
f 456/734/674 458/735/675 457/736/676 459/737/677
f 459/737/677 457/736/676 461/738/678 460/739/679
f 613/740/680 614/741/681 462/742/682 671/743/683
f 463/744/684 615/745/685 616/746/686 617/747/687
f 611/748/688 612/749/689 679/750/690 468/751/691
f 671/743/683 679/750/690 612/749/689 613/740/680
f 609/752/692 610/753/693 670/754/694 686/755/695
f 611/748/688 468/751/691 670/754/694 610/753/693
f 615/745/685 463/744/684 462/742/682 614/741/681
f 473/756/696 476/757/697 480/758/698 474/759/699
f 632/760/700 478/761/701 477/762/702 633/763/703
f 479/764/704 634/765/705 633/763/703 477/762/702
f 635/766/706 484/767/707 483/768/708 636/769/709
f 636/769/709 483/768/708 486/770/710 637/771/711
f 487/772/712 488/773/713 637/771/711 486/770/710
f 489/774/714 492/775/715 491/776/716 490/777/717
f 493/778/718 496/779/719 642/780/720 494/781/721
f 496/779/719 478/761/701 632/760/700 642/780/720
f 497/782/722 498/783/723 634/765/705 479/764/704
f 635/766/706 498/783/723 497/782/722 484/767/707
f 488/773/713 487/772/712 489/774/714 490/777/717
f 491/776/716 492/775/715 493/778/718 494/781/721
f 669/784/724 499/785/725 643/786/726 481/787/727
f 480/758/698 643/786/726 499/785/725 474/759/699
f 669/784/724 481/787/727 482/788/728 661/789/672
f 485/790/729 638/791/730 501/792/731 454/793/673
f 661/789/672 482/788/728 485/790/729 454/793/673
f 638/791/730 639/794/732 502/795/733 501/792/731
f 639/794/732 640/796/734 503/797/735 502/795/733
f 640/796/734 641/798/736 504/799/737 503/797/735
f 504/799/737 641/798/736 495/800/738 456/734/674
f 475/801/739 476/757/697 473/756/696 458/735/675
f 456/734/674 495/800/738 475/801/739 458/735/675
f 315/802/493 368/803/493 505/804/740 449/805/741
f 718/806/742 700/807/743 707/808/744 717/809/745
f 451/810/746 506/811/747 507/812/748 453/813/749
f 453/813/749 507/812/748 508/814/750 455/815/750
f 666/816/751 510/817/752 509/818/753 663/819/754
f 455/820/755 508/821/755 511/822/756 500/823/757
f 663/819/754 509/818/753 512/824/758 662/825/759
f 662/825/759 512/824/758 513/826/760 664/827/760
f 465/828/761 515/829/761 680/830/762 677/831/763
f 466/832/764 516/833/765 515/829/766 465/828/766
f 664/834/767 513/835/767 516/833/765 466/832/764
f 668/836/768 518/837/769 517/838/770 667/839/771
f 500/823/757 511/822/756 518/837/769 668/836/768
f 667/839/771 517/838/770 510/817/752 666/816/751
f 456/734/772 520/840/773 519/841/774 504/799/775
f 459/737/776 521/842/777 520/840/773 456/734/772
f 460/739/778 522/843/779 521/842/777 459/737/776
f 467/844/780 524/845/781 523/846/782 470/847/783
f 470/847/783 523/846/782 522/848/784 460/849/784
f 688/850/785 525/851/786 471/852/787 672/853/788
f 471/852/787 525/851/786 526/854/789 472/855/790
f 472/855/790 526/854/789 524/845/781 467/844/780
f 502/795/791 528/856/792 527/857/793 501/792/794
f 503/797/795 529/858/796 528/856/792 502/795/791
f 504/799/775 519/841/774 529/858/796 503/797/795
f 516/859/797 674/860/798 680/861/799 515/862/800
f 681/863/801 674/860/798 516/859/797 513/864/802
f 448/723/803 531/865/804 394/632/559 447/487/558
f 450/728/805 532/866/806 701/867/807 698/726/808
f 452/731/809 533/868/810 532/866/806 450/728/805
f 454/733/811 534/869/812 533/868/810 452/731/809
f 524/870/813 536/641/572 535/640/571 523/871/814
f 523/871/814 535/640/571 537/643/574 522/872/815
f 525/873/816 688/850/817 410/646/577 526/874/818
f 526/874/818 410/646/577 536/641/572 524/870/813
f 501/792/794 527/857/793 534/875/812 454/793/811
f 511/876/819 538/877/820 518/878/821
f 539/879/822 538/877/820 511/876/819 508/880/823
f 517/881/824 540/882/825 510/883/826
f 541/884/827 509/885/828 510/883/826 540/882/825
f 518/878/821 538/877/820 540/882/825 517/881/824
f 539/879/822 541/884/827 540/882/825 538/877/820
f 720/886/829 702/887/830 700/888/831 718/889/832
f 506/890/833 542/891/834 544/892/835 507/893/836
f 507/893/836 544/892/835 545/894/837 508/880/823
f 509/885/828 547/895/838 546/896/839 512/897/840
f 512/897/840 546/896/839 548/898/841 513/899/802
f 548/900/841 682/901/842 681/863/801 513/864/802
f 541/884/827 550/902/843 547/895/838 509/885/828
f 539/879/822 551/903/844 550/902/843 541/884/827
f 508/880/823 545/894/837 551/903/844 539/879/822
f 368/904/605 411/905/608 543/906/845 505/907/846
f 411/905/608 422/908/610 721/909/847 543/906/845
f 552/910/848 703/911/849 702/887/830 720/886/829
f 542/891/834 553/912/850 554/913/851 544/892/835
f 544/892/835 554/913/851 555/914/852 545/894/837
f 547/895/838 557/915/853 556/916/854 546/896/839
f 546/896/839 556/916/854 558/917/855 548/898/841
f 550/902/843 559/918/856 557/915/853 547/895/838
f 551/903/844 560/919/857 559/918/856 550/902/843
f 545/894/837 555/914/852 560/919/857 551/903/844
f 548/900/841 558/920/855 683/921/858 682/901/842
f 520/840/773 563/922/859 562/923/860 519/841/774
f 521/842/777 564/924/861 563/922/859 520/840/773
f 522/843/779 565/925/862 564/924/861 521/842/777
f 527/857/793 567/926/863 566/927/864 534/875/812
f 529/858/796 569/928/865 568/929/866 528/856/792
f 519/841/774 562/923/860 569/928/865 529/858/796
f 531/865/804 722/930/867 570/699/630 394/632/559
f 572/931/868 704/932/869 701/867/807 532/866/806
f 533/868/810 573/933/870 572/931/868 532/866/806
f 534/869/812 566/934/864 573/933/870 533/868/810
f 537/935/635 574/936/635 565/925/862 522/843/779
f 528/856/792 568/929/866 567/926/863 527/857/793
f 563/922/871 576/937/639 575/938/872 562/923/873
f 564/924/874 577/939/875 576/937/639 563/922/871
f 565/925/876 578/940/877 577/939/875 564/924/874
f 567/926/878 580/941/879 579/942/880 566/927/881
f 569/928/882 582/943/883 581/944/884 568/929/885
f 562/923/873 575/938/872 582/943/883 569/928/882
f 583/945/886 445/715/652 570/699/652 722/930/887
f 584/946/888 705/947/889 704/932/890 572/931/891
f 573/933/892 585/948/893 584/946/888 572/931/891
f 566/934/881 579/949/880 585/948/893 573/933/892
f 568/929/885 581/944/884 580/941/879 567/926/878
f 574/936/661 446/950/661 578/940/877 565/925/876
f 333/951/432 332/615/431 586/952/894 655/953/895
f 332/615/431 338/612/896 587/954/897 586/952/894
f 338/612/896 337/611/898 588/955/899 587/954/897
f 337/611/898 341/621/900 589/956/901 588/955/899
f 341/621/900 339/618/902 590/957/903 589/956/901
f 339/618/902 673/617/904 684/958/905 590/957/903
f 672/853/906 471/852/907 592/959/908 591/960/909
f 471/852/907 472/855/910 593/961/911 592/959/908
f 472/855/910 467/844/912 594/962/913 593/961/911
f 467/844/912 470/847/914 595/963/915 594/962/913
f 470/847/914 460/849/679 596/964/916 595/963/915
f 460/849/679 461/965/678 665/966/917 596/964/916
f 664/834/918 466/832/919 597/967/920 665/966/921
f 466/832/919 465/828/922 598/968/923 597/967/920
f 465/828/922 677/831/924 685/969/925 598/968/923
f 464/596/926 335/595/927 600/970/928 599/971/929
f 335/595/927 336/599/930 601/972/931 600/970/928
f 336/599/930 656/601/932 655/953/933 601/972/931
f 655/953/934 586/952/935 603/507/936 602/510/937
f 586/952/935 587/954/938 604/518/939 603/507/936
f 587/954/938 588/955/940 605/515/941 604/518/939
f 588/955/940 589/956/942 606/522/943 605/515/941
f 589/956/942 590/957/944 607/519/944 606/522/943
f 590/957/945 684/958/946 608/520/947 607/519/945
f 591/960/948 592/959/949 609/752/949 686/755/950
f 592/959/951 593/961/952 610/753/953 609/752/951
f 593/961/952 594/962/954 611/748/955 610/753/953
f 594/962/954 595/963/956 612/749/957 611/748/955
f 595/963/956 596/964/958 613/740/959 612/749/957
f 596/964/958 665/966/960 614/741/961 613/740/959
f 665/966/960 597/967/962 615/745/963 614/741/961
f 597/967/962 598/968/964 616/746/964 615/745/963
f 598/968/965 685/969/966 617/747/967 616/746/965
f 599/971/968 600/970/969 618/513/969 687/512/970
f 600/970/971 601/972/972 619/514/973 618/513/971
f 601/972/972 655/953/934 602/510/937 619/514/973
f 355/551/974 621/533/975 620/550/976 354/552/977
f 359/562/978 625/542/979 624/540/980 358/558/981
f 361/566/982 627/546/983 626/543/984 360/564/985
f 365/525/986 631/532/987 630/528/988 364/526/989
f 356/555/990 622/534/991 621/533/975 355/551/974
f 357/559/992 623/537/993 622/534/991 356/555/990
f 358/558/981 624/540/980 623/537/993 357/559/992
f 360/564/985 626/543/984 625/542/979 359/562/978
f 362/567/994 628/547/995 627/546/983 361/566/982
f 363/568/996 629/527/997 628/547/995 362/567/994
f 364/526/989 630/528/988 629/527/997 363/568/996
f 354/552/977 620/550/976 631/532/987 365/525/986
f 475/801/998 632/760/999 633/763/1000 476/757/1001
f 476/757/1001 633/763/1000 634/765/1002 480/758/1003
f 481/787/1004 635/766/1005 636/769/1006 482/788/1007
f 482/788/1007 636/769/1006 637/771/1008 485/790/1009
f 485/790/1009 637/771/1008 488/773/1010 638/791/1011
f 639/794/1012 490/777/1013 491/776/1014 640/796/1015
f 641/798/1016 494/781/1017 642/780/1018 495/800/1019
f 495/800/1019 642/780/1018 632/760/999 475/801/998
f 480/758/1003 634/765/1002 498/783/1020 643/786/1021
f 643/786/1021 498/783/1020 635/766/1005 481/787/1004
f 638/791/1011 488/773/1010 490/777/1013 639/794/1012
f 640/796/1015 491/776/1014 494/781/1017 641/798/1016
f 333/951/1022 655/953/933 656/601/932
f 461/965/1023 664/834/918 665/966/921
f 709/489/1024 724/570/1025 315/569/1026 645/490/1026
f 317/498/1027 646/577/1028 706/573/1029 691/492/1030
f 319/497/1031 647/578/1032 646/577/1028 317/498/1027
f 321/500/1033 648/581/1034 647/578/1032 319/497/1031
f 650/504/1035 649/584/1036 324/583/1037 651/523/1038
f 330/554/1039 654/588/1040 648/587/1034 321/556/1033
f 334/503/1041 657/591/1042 649/584/1036 650/504/1035
f 333/506/1022 656/593/932 657/591/1042 334/503/1041
f 652/524/1043 326/604/1044 328/603/1045 653/553/1046
f 653/553/1046 328/603/1045 654/588/1040 330/554/1039
f 651/523/1038 324/583/1037 326/604/1044 652/524/1043
f 645/490/1026 315/802/1026 449/805/1047 658/722/1048
f 717/809/1049 707/808/1050 699/725/1051 725/724/1052
f 659/729/1053 451/810/1054 453/813/1055 660/730/1056
f 660/730/1056 453/813/1055 455/815/1057 661/732/1058
f 458/735/1059 663/819/1060 662/825/1061 457/736/1062
f 457/736/1062 662/825/1061 664/827/918 461/738/1023
f 474/759/1063 667/839/1064 666/816/1065 473/756/1066
f 669/784/1067 500/823/1068 668/836/1069 499/785/1070
f 499/785/1070 668/836/1069 667/839/1064 474/759/1063
f 661/789/1058 455/820/1057 500/823/1068 669/784/1067
f 473/756/1066 666/816/1065 663/819/1060 458/735/1059
f 673/617/539 689/620/542 688/850/785 672/853/788
f 608/520/446 686/755/695 670/754/694 340/521/447
f 469/517/443 679/750/690 671/743/683 366/508/434
f 412/629/554 674/860/798 681/863/801 530/630/555
f 462/742/682 675/509/435 366/508/434 671/743/683
f 617/747/687 687/512/438 676/511/437 463/744/684
f 679/750/690 469/517/443 678/516/442 468/751/691
f 468/751/691 678/516/442 340/521/447 670/754/694
f 463/744/684 676/511/437 675/509/435 462/742/682
f 680/830/762 514/597/517 464/596/516 677/831/763
f 674/860/798 412/629/554 514/628/553 680/861/799
f 682/901/842 549/671/602 530/630/555 681/863/801
f 683/921/858 561/690/621 549/671/602 682/901/842
f 673/617/904 672/853/906 591/960/909 684/958/905
f 677/831/924 464/596/926 599/971/929 685/969/925
f 684/958/946 591/960/948 686/755/950 608/520/947
f 685/969/966 599/971/968 687/512/970 617/747/967
f 410/646/577 688/850/817 689/620/578
f 316/495/421 317/498/424 691/492/418 690/491/417
f 646/577/500 369/580/503 692/574/497 706/573/496
f 690/491/562 708/494/1071 711/973/1072 693/634/563
f 369/662/593 402/665/596 694/659/590 692/658/589
f 402/665/596 414/683/614 695/680/611 694/659/590
f 693/634/563 711/973/1072 714/974/1073 696/701/632
f 714/974/1074 440/975/1075 697/717/656 696/701/655
f 699/725/665 659/729/669 450/728/668 698/726/666
f 700/807/743 506/811/747 451/810/746 707/808/744
f 719/976/1076 716/727/1077 698/726/808 701/867/807
f 702/887/830 542/891/834 506/890/833 700/888/831
f 703/911/849 553/912/850 542/891/834 702/887/830
f 571/977/1078 719/976/1076 701/867/807 704/932/869
f 705/947/889 723/978/1079 571/977/1080 704/932/890
f 644/576/1081 314/493/1082 691/492/1030 706/573/1029
f 707/808/1050 451/810/1054 659/729/1053 699/725/1051
f 313/488/415 708/494/420 314/493/419 709/489/416
f 724/570/494 644/576/499 710/575/498 367/571/495
f 708/494/1071 313/488/557 391/633/560 711/973/1072
f 367/675/606 710/661/592 401/660/591 712/676/607
f 712/676/607 401/660/591 713/681/612 413/678/609
f 711/973/1072 391/633/560 429/700/631 714/974/1073
f 714/974/1074 429/700/654 715/716/653 440/975/1075
f 658/722/662 725/724/664 716/727/667 448/723/663
f 505/804/740 718/806/742 717/809/745 449/805/741
f 719/976/1076 531/865/804 448/723/803 716/727/1077
f 543/906/845 720/886/829 718/889/832 505/907/846
f 721/909/847 552/910/848 720/886/829 543/906/845
f 571/977/1078 722/930/867 531/865/804 719/976/1076
f 723/978/1079 583/945/886 722/930/887 571/977/1080
f 644/576/1081 724/570/1025 709/489/1024 314/493/1082
f 725/724/1052 658/722/1048 449/805/1047 717/809/1049
o rotorback_low
v 16.467314 98.778313 51.014454
v 15.903885 98.219513 51.407818
v 15.390031 96.192688 52.061569
v 15.592123 95.332825 52.126637
v 16.975552 93.676491 51.749607
v 17.741072 93.375427 51.421310
v 19.638353 93.745918 50.390526
v 20.201784 94.304718 49.997162
v 20.715637 96.331543 49.343410
v 20.513546 97.191406 49.278343
v 19.130119 98.847740 49.655373
v 18.364597 99.148804 49.983669
v 18.068081 99.393867 54.191959
v 17.508501 98.836983 54.583008
v 16.994410 96.805420 55.237801
v 17.196625 95.950333 55.301876
v 18.583694 94.291054 54.923580
v 19.345491 93.992851 54.596607
v 21.246653 94.365135 53.563515
v 21.806232 94.922020 53.172466
v 22.320324 96.953575 52.517673
v 22.118109 97.808662 52.453598
v 20.731041 99.467941 52.831894
v 19.969246 99.766144 53.158867
v 16.969284 103.777794 51.684437
v 16.316481 103.503639 50.802044
v 13.261524 101.488823 53.276798
v 13.900099 101.787689 54.161579
v 12.303206 98.959396 54.979198
v 11.807653 98.569603 54.039825
v 12.286398 94.323822 55.162693
v 12.756368 94.714218 56.114876
v 14.127544 91.728752 55.463211
v 13.790249 91.422821 54.427563
v 17.534670 89.272942 53.492680
v 17.860615 89.554764 54.538757
v 20.617964 89.316505 52.652470
v 20.281672 89.210083 51.577522
v 23.758076 91.387062 49.936779
v 24.108597 91.468781 51.009342
v 25.284039 94.134903 49.357712
v 24.790497 94.144119 48.339741
v 24.733204 98.552063 48.050884
v 25.252329 98.542244 49.056046
v 23.459703 101.365555 48.873695
v 22.807901 101.290901 47.952000
v 19.484926 103.602943 49.720894
v 20.148079 103.701706 50.632164
v 16.190115 100.982872 52.029583
v 15.147858 99.618942 51.997478
v 14.870735 98.778526 54.600754
v 15.665779 99.978210 54.780678
v 13.977563 96.791214 53.962654
v 14.329405 95.265915 53.257450
v 15.665705 93.805725 55.165932
v 15.335457 95.003075 55.914944
v 16.349728 92.266479 53.643711
v 17.421841 91.981224 52.333427
v 19.933964 91.707245 53.417091
v 19.127125 91.827438 54.616379
v 20.934444 91.933403 51.391701
v 21.332729 93.049553 50.149437
v 23.407253 94.581558 51.103081
v 23.249115 93.626938 52.183544
v 23.146997 96.125053 49.458633
v 22.151184 97.402573 48.889465
v 22.612286 99.554359 50.537903
v 23.579437 98.602074 51.049278
v 20.774834 100.649796 49.777573
v 19.058746 100.687263 49.813484
v 18.344025 101.652840 52.286743
v 19.787771 101.777718 52.347843
v 15.893619 99.533089 51.809452
v 15.192640 97.851639 52.078617
v 15.861063 97.630371 54.998257
v 16.507776 99.255180 54.767525
v 14.773457 95.876236 53.086521
v 15.662850 94.367119 52.518524
v 17.225939 93.883598 55.037060
v 16.358240 95.308281 55.610512
v 17.187393 92.703270 52.483639
v 18.616774 92.813652 51.327885
v 20.767519 93.034714 53.412464
v 19.414101 92.896538 54.535240
v 20.721495 93.187164 50.603683
v 21.100487 94.744720 49.697330
v 22.944225 95.932602 51.749065
v 22.619497 94.431694 52.616982
v 21.841660 96.844017 49.326611
v 20.630280 98.229240 49.257420
v 21.579353 99.679375 51.710258
v 22.769035 98.378586 51.773994
v 19.427723 100.016983 49.929493
v 17.676353 99.782707 50.448063
v 18.037769 100.528267 53.334858
v 19.713177 100.790337 52.849266
v 16.508059 102.391060 51.962692
v 15.674843 101.654694 51.575214
v 13.988186 100.093033 53.982891
v 14.752571 100.852837 54.444759
v 13.126028 97.790817 54.566174
v 13.026884 96.865662 53.844460
v 13.973942 93.967880 55.181042
v 14.040462 94.827034 55.976242
v 15.323886 91.913162 54.598370
v 15.686065 91.581276 53.528183
v 18.808910 90.433365 53.425049
v 18.500198 90.682449 54.528484
v 20.903776 90.635750 52.027088
v 20.993204 91.085930 50.942669
v 23.658127 93.023994 50.470905
v 23.672047 92.563667 51.549240
v 24.285805 95.235985 49.423607
v 23.641163 95.874954 48.673424
v 23.672375 99.149147 49.272751
v 24.384155 98.589470 50.017757
v 22.087948 101.113647 49.391411
v 20.981981 101.159340 48.989697
v 18.837402 102.683670 51.028748
v 19.924419 102.734055 51.465519
v 18.471588 99.021271 54.406311
v 18.006502 98.558426 54.731327
v 17.579222 96.869926 55.275547
v 17.747292 96.159233 55.328800
v 18.900133 94.780151 55.014385
v 19.533287 94.532303 54.742626
v 21.113407 94.841721 53.883991
v 21.578493 95.304565 53.558979
v 22.005774 96.993065 53.014755
v 21.837706 97.703751 52.961502
v 20.684866 99.082840 53.275917
v 20.051710 99.330681 53.547676
v 18.416468 98.709801 53.976013
v 18.003344 98.298668 54.264717
v 17.623800 96.798813 54.748135
v 17.773092 96.167519 54.795441
v 18.797134 94.942513 54.516151
v 19.359550 94.722359 54.274754
v 20.763136 94.997200 53.512047
v 21.176260 95.408340 53.223347
v 21.555803 96.908195 52.739925
v 21.406511 97.539482 52.692623
v 20.382471 98.764488 52.971909
v 19.820055 98.984650 53.213306
v 19.646107 96.875168 53.855453
v 17.766109 96.151794 50.135082
vn -0.7308 0.6636 0.1597
vn -0.6313 0.7562 0.1718
vn -0.7198 0.6752 0.1613
vn -0.8629 -0.2922 0.4123
vn -0.8662 -0.1688 0.4703
vn -0.8641 -0.2780 0.4195
vn -0.1636 -0.9680 0.1903
vn -0.2350 -0.9251 0.2984
vn -0.1721 -0.9639 0.2032
vn 0.6678 -0.6879 -0.2843
vn 0.6312 -0.7563 -0.1721
vn 0.6642 -0.6966 -0.2714
vn 0.7999 0.2680 -0.5369
vn 0.8660 0.1687 -0.4707
vn 0.8085 0.2566 -0.5296
vn 0.1006 0.9438 -0.3149
vn 0.2348 0.9250 -0.2987
vn 0.1165 0.9425 -0.3133
vn -0.6489 0.0023 -0.7609
vn -0.6377 -0.1206 -0.7608
vn -0.6448 0.0538 -0.7624
vn -0.3254 0.0601 -0.9437
vn -0.8915 -0.3951 0.2217
vn -0.9103 -0.3806 0.1629
vn 0.0256 0.3566 0.9339
vn -0.0251 0.1389 0.9900
vn 0.0140 0.1611 0.9868
vn -0.0297 0.1918 0.9810
vn 0.7717 0.5554 -0.3099
vn 0.8913 0.4256 -0.1565
vn 0.8917 0.4250 -0.1559
vn -0.6515 -0.2820 -0.7042
vn -0.5559 -0.3364 -0.7602
vn -0.6868 -0.2518 -0.6818
vn -0.5625 0.0630 -0.8244
vn -0.1717 -0.9848 -0.0274
vn -0.2137 -0.9741 -0.0737
vn 0.0781 -0.0852 0.9933
vn 0.2245 -0.2552 0.9405
vn 0.2308 -0.2115 0.9497
vn 0.1804 -0.2288 0.9566
vn -0.0463 0.9988 0.0172
vn 0.1719 0.9801 0.0992
vn 0.1728 0.9799 0.0995
vn -0.4279 -0.4480 -0.7850
vn -0.3505 -0.3822 -0.8550
vn -0.4632 -0.4676 -0.7528
vn -0.6655 -0.1620 -0.7286
vn 0.6003 -0.6356 -0.4854
vn 0.5516 -0.6493 -0.5236
vn 0.4496 -0.2890 0.8452
vn 0.6421 -0.2431 0.7271
vn 0.6174 -0.2184 0.7557
vn 0.6021 -0.2698 0.7515
vn -0.7445 0.4717 0.4725
vn -0.5722 0.6111 0.5469
vn -0.5714 0.6116 0.5472
vn -0.2016 -0.3296 -0.9223
vn -0.2270 -0.2122 -0.9505
vn -0.1975 -0.3779 -0.9045
vn -0.5315 -0.3898 -0.7520
vn 0.6526 0.3032 -0.6944
vn 0.6203 0.2690 -0.7368
vn 0.7686 -0.0510 0.6377
vn 0.8100 0.1631 0.5632
vn 0.7872 0.1472 0.5988
vn 0.8138 0.1099 0.5707
vn -0.6247 -0.4989 0.6007
vn -0.5969 -0.3124 0.7390
vn -0.5967 -0.3115 0.7395
vn -0.1990 -0.0452 -0.9790
vn -0.3089 0.0036 -0.9511
vn -0.1555 -0.0723 -0.9852
vn -0.2944 -0.3927 -0.8713
vn -0.0671 0.8929 -0.4453
vn -0.0763 0.8625 -0.5002
vn 0.7161 0.3908 0.5784
vn 0.5604 0.5572 0.6128
vn 0.5705 0.5198 0.6359
vn 0.6037 0.5305 0.5950
vn 0.1932 -0.9422 0.2736
vn 0.1224 -0.8669 0.4833
vn 0.1221 -0.8664 0.4841
vn -0.4227 0.1207 -0.8982
vn -0.5142 0.0494 -0.8562
vn -0.3792 0.1435 -0.9141
vn -0.1914 -0.1677 -0.9671
vn -0.8392 0.5437 0.0127
vn -0.8416 0.5377 -0.0504
vn 0.3446 0.5946 0.7265
vn 0.1428 0.5451 0.8261
vn 0.1839 0.5267 0.8299
vn 0.1820 0.5715 0.8002
vn 0.8914 -0.4151 -0.1817
vn 0.8665 -0.4979 0.0355
vn 0.8663 -0.4982 0.0364
vn 0.5429 -0.2912 -0.7877
vn 0.6859 -0.3867 -0.6164
vn 0.3656 -0.1975 -0.9096
vn -0.1354 0.0154 -0.9907
vn -0.7610 -0.2875 -0.5816
vn -0.6130 -0.3417 -0.7123
vn -0.9161 -0.2761 -0.2907
vn -0.9392 -0.3070 -0.1541
vn -0.5349 -0.0310 0.8444
vn -0.5368 -0.0325 0.8431
vn -0.2516 0.0666 0.9655
vn -0.2918 0.0617 0.9545
vn 0.6541 0.2912 0.6981
vn 0.7174 0.2967 0.6303
vn 0.9308 0.2735 0.2425
vn 0.9025 0.2840 0.3237
vn 0.2652 0.5281 -0.8067
vn 0.4788 0.5403 -0.6920
vn 0.0494 0.4723 -0.8800
vn -0.4325 0.2065 -0.8777
vn -0.4473 -0.5763 -0.6839
vn -0.3645 -0.4454 -0.8178
vn -0.4486 -0.7846 -0.4281
vn -0.3931 -0.8611 -0.3223
vn -0.0078 -0.7051 0.7091
vn -0.0084 -0.7070 0.7072
vn 0.1327 -0.4659 0.8748
vn 0.1085 -0.4971 0.8609
vn 0.4207 0.4567 0.7839
vn 0.4313 0.5311 0.7293
vn 0.4427 0.8099 0.3848
vn 0.4460 0.7675 0.4604
vn -0.5004 0.7336 -0.4598
vn -0.3419 0.8752 -0.3423
vn -0.6144 0.5551 -0.5607
vn -0.7098 0.0322 -0.7037
vn -0.0857 -0.4424 -0.8927
vn -0.1768 -0.2674 -0.9472
vn 0.1521 -0.6298 -0.7617
vn 0.2770 -0.6577 -0.7005
vn 0.7491 -0.5886 0.3040
vn 0.7494 -0.5895 0.3014
vn 0.7170 -0.4045 0.5676
vn 0.7204 -0.4356 0.5397
vn 0.1907 0.3286 0.9250
vn 0.1245 0.3924 0.9114
vn -0.1888 0.6516 0.7347
vn -0.1302 0.6091 0.7824
vn -0.9884 0.1198 -0.0939
vn -0.9555 0.2830 0.0829
vn -0.9621 -0.0320 -0.2708
vn -0.6900 -0.3330 -0.6427
vn -0.0378 -0.0198 -0.9991
vn -0.2377 0.0143 -0.9712
vn 0.2852 0.0333 -0.9579
vn 0.4011 0.1000 -0.9105
vn 0.9788 0.2019 0.0342
vn 0.9788 0.2025 0.0315
vn 0.9170 0.1894 0.3511
vn 0.9319 0.1846 0.3122
vn 0.1941 0.0351 0.9804
vn 0.1036 0.0192 0.9944
vn -0.3322 -0.0431 0.9422
vn -0.2500 -0.0329 0.9677
vn -0.7107 -0.6995 -0.0749
vn -0.7484 -0.6440 0.1585
vn -0.6459 -0.7018 -0.3004
vn -0.3929 -0.5240 -0.7557
vn -0.3514 0.2690 -0.8967
vn -0.4863 0.1181 -0.8658
vn -0.1824 0.5418 -0.8205
vn -0.1449 0.6541 -0.7424
vn 0.4517 0.8759 0.1695
vn 0.4503 0.8770 0.1674
vn 0.5326 0.7219 0.4418
vn 0.5316 0.7434 0.4059
vn 0.4275 -0.1303 0.8946
vn 0.3897 -0.2152 0.8955
vn 0.1559 -0.5795 0.7999
vn 0.2065 -0.5165 0.8310
vn 0.0549 -0.9050 -0.4218
vn 0.0723 -0.9789 -0.1912
vn 0.0179 -0.7846 -0.6197
vn -0.1156 -0.3498 -0.9297
vn -0.7130 0.1351 -0.6880
vn -0.6740 -0.0599 -0.7363
vn -0.7830 0.3871 -0.4869
vn -0.8150 0.4507 -0.3642
vn -0.3051 0.7595 0.5746
vn -0.3075 0.7596 0.5732
vn -0.0517 0.6605 0.7490
vn -0.0802 0.6819 0.7270
vn 0.6575 -0.0022 0.7534
vn 0.6966 -0.0764 0.7134
vn 0.7874 -0.4212 0.4500
vn 0.7828 -0.3580 0.5090
vn 0.7375 -0.4226 -0.5268
vn -0.5194 -0.3657 -0.7723
vn -0.6422 -0.1133 0.7581
vn 0.5793 0.2825 0.7646
vn 0.5664 0.5354 -0.6266
vn -0.3116 -0.3643 -0.8776
vn -0.0421 -0.8065 0.5897
vn 0.4050 0.3718 0.8353
vn -0.2634 0.9224 -0.2825
vn -0.2244 -0.1649 -0.9604
vn 0.7609 -0.6313 0.1498
vn 0.2604 0.2565 0.9308
vn -0.9222 0.3515 0.1614
vn -0.3449 0.0331 -0.9381
vn 0.9639 0.2371 -0.1216
vn 0.2900 0.0519 0.9556
vn -0.7510 -0.6064 0.2612
vn -0.5527 0.0318 -0.8328
vn 0.3638 0.9303 0.0469
vn 0.4642 -0.0373 0.8849
vn 0.0788 -0.9934 -0.0829
vn -0.6399 -0.1676 -0.7499
vn -0.4392 0.7551 0.4867
vn 0.6089 0.0780 0.7894
vn -0.0271 0.4317 0.9016
vn 0.1565 0.6144 0.7733
vn -0.0852 0.2019 0.9757
vn -0.0189 -0.0787 0.9967
vn 0.1380 -0.2664 0.9539
vn 0.3880 -0.3642 0.8466
vn 0.6030 -0.3221 0.7298
vn 0.7866 -0.1394 0.6015
vn 0.8448 0.0904 0.5274
vn 0.7784 0.3710 0.5064
vn 0.6215 0.5587 0.5492
vn 0.3716 0.6565 0.6565
vn 0.6173 -0.6727 0.4079
vn 0.8894 -0.4019 0.2177
vn 0.8971 -0.3887 0.2103
vn 0.6039 -0.6804 0.4151
vn 0.9965 0.0211 0.0814
vn 0.9965 0.0042 0.0837
vn 0.8981 0.4369 0.0502
vn 0.8906 0.4521 0.0501
vn 0.6093 0.7824 0.1290
vn 0.6223 0.7730 0.1233
vn 0.2389 0.9274 0.2880
vn 0.2233 0.9292 0.2945
vn -0.1570 0.8499 0.5031
vn -0.1444 0.8572 0.4943
vn -0.4291 0.5790 0.6933
vn -0.4375 0.5655 0.6992
vn -0.5361 0.1561 0.8296
vn -0.5369 0.1726 0.8258
vn -0.4378 -0.2598 0.8607
vn -0.4310 -0.2753 0.8593
vn -0.1490 -0.6052 0.7820
vn -0.1628 -0.5962 0.7862
vn 0.2215 -0.7502 0.6230
vn 0.2363 -0.7524 0.6149
vn 0.4173 0.2218 0.8813
vn 0.3994 0.2040 0.8938
vn 0.4444 0.1710 0.8794
vn 0.3921 0.1749 0.9032
vn 0.3985 0.1476 0.9052
vn 0.4184 0.1238 0.8998
vn 0.4427 0.1143 0.8893
vn 0.4700 0.1196 0.8745
vn 0.4878 0.1374 0.8621
vn 0.4952 0.1665 0.8527
vn 0.4887 0.1938 0.8506
vn 0.4689 0.2176 0.8561
vn 0.4446 0.2271 0.8665
vn -0.4444 -0.1710 -0.8794
vt 0.240832 0.060938
vt 0.238456 0.067719
vt 0.211020 0.057784
vt 0.213444 0.051090
vt 0.197840 0.060254
vt 0.196124 0.067231
vt 0.167864 0.059971
vt 0.169635 0.053076
vt 0.390819 0.066157
vt 0.388607 0.072993
vt 0.360939 0.063728
vt 0.363199 0.056977
vt 0.145133 0.059058
vt 0.142970 0.065909
vt 0.115237 0.056840
vt 0.117450 0.050073
vt 0.290082 0.061617
vt 0.287618 0.068367
vt 0.260314 0.058080
vt 0.262824 0.051417
vt 0.338150 0.063268
vt 0.335454 0.069928
vt 0.308522 0.058704
vt 0.311260 0.052133
vt 0.209998 0.047169
vt 0.201284 0.046996
vt 0.212142 0.036160
vt 0.176814 0.043984
vt 0.265575 0.197830
vt 0.270309 0.208679
vt 0.252435 0.215367
vt 0.243217 0.203590
vt 0.297971 0.188531
vt 0.300371 0.195255
vt 0.403882 0.053977
vt 0.395203 0.053180
vt 0.406810 0.043150
vt 0.371011 0.048423
vt 0.233937 0.200926
vt 0.226911 0.210449
vt 0.212183 0.198319
vt 0.217769 0.184449
vt 0.258184 0.224323
vt 0.253564 0.229764
vt 0.158110 0.046786
vt 0.149426 0.046050
vt 0.160961 0.035939
vt 0.125201 0.041464
vt 0.215434 0.175080
vt 0.203670 0.173758
vt 0.206811 0.154933
vt 0.221619 0.152834
vt 0.207297 0.207788
vt 0.200273 0.206506
vt 0.303589 0.049932
vt 0.294946 0.048812
vt 0.306917 0.039221
vt 0.270948 0.043160
vt 0.228565 0.146127
vt 0.223828 0.135278
vt 0.241701 0.128585
vt 0.250924 0.140360
vt 0.196170 0.155435
vt 0.193769 0.148711
vt 0.352053 0.052055
vt 0.343453 0.050638
vt 0.355748 0.041466
vt 0.319665 0.044161
vt 0.260208 0.143022
vt 0.267238 0.133492
vt 0.281974 0.145631
vt 0.276383 0.159508
vt 0.235941 0.119606
vt 0.240567 0.114164
vt 0.254187 0.049079
vt 0.245530 0.048071
vt 0.257377 0.038326
vt 0.221461 0.042728
vt 0.278715 0.168880
vt 0.290479 0.170207
vt 0.287332 0.189031
vt 0.272523 0.191125
vt 0.286866 0.136174
vt 0.293888 0.137459
vt 0.218667 0.018119
vt 0.228978 0.018864
vt 0.219646 0.026494
vt 0.206543 0.032753
vt 0.190310 0.021866
vt 0.183656 0.033505
vt 0.286365 0.230187
vt 0.276901 0.238436
vt 0.264283 0.226221
vt 0.277730 0.218543
vt 0.320590 0.216881
vt 0.308251 0.208808
vt 0.414611 0.025621
vt 0.424843 0.027103
vt 0.414988 0.034045
vt 0.401470 0.039350
vt 0.386057 0.027327
vt 0.378586 0.038460
vt 0.216319 0.235104
vt 0.204445 0.231036
vt 0.208710 0.214004
vt 0.222082 0.221807
vt 0.244951 0.258081
vt 0.245771 0.243362
vt 0.168638 0.018356
vt 0.178880 0.019765
vt 0.169075 0.026777
vt 0.155594 0.032177
vt 0.140098 0.020263
vt 0.132706 0.031448
vt 0.177015 0.176916
vt 0.174599 0.164595
vt 0.191486 0.159770
vt 0.191417 0.175257
vt 0.171436 0.213212
vt 0.184596 0.206559
vt 0.315363 0.021995
vt 0.325532 0.023856
vt 0.315427 0.030427
vt 0.301721 0.035225
vt 0.286767 0.022639
vt 0.278888 0.033486
vt 0.207765 0.113774
vt 0.217227 0.105521
vt 0.229849 0.117733
vt 0.216403 0.125416
vt 0.173542 0.127091
vt 0.185884 0.135161
vt 0.364785 0.024542
vt 0.374883 0.026753
vt 0.364557 0.032971
vt 0.350694 0.037293
vt 0.336183 0.024198
vt 0.327934 0.034767
vt 0.277839 0.108820
vt 0.289722 0.112893
vt 0.285451 0.129936
vt 0.272071 0.122127
vt 0.249185 0.085826
vt 0.248365 0.100556
vt 0.265601 0.020992
vt 0.275794 0.022722
vt 0.265774 0.029422
vt 0.252131 0.034397
vt 0.237015 0.022004
vt 0.229276 0.032952
vt 0.317136 0.167059
vt 0.319546 0.179380
vt 0.302658 0.184199
vt 0.302733 0.168713
vt 0.322729 0.130764
vt 0.309566 0.137412
vt 0.232248 0.006270
vt 0.239005 0.012353
vt 0.194765 0.008980
vt 0.294242 0.241690
vt 0.288571 0.251922
vt 0.335548 0.221102
vt 0.429006 0.014775
vt 0.435310 0.021326
vt 0.391424 0.014794
vt 0.210298 0.247675
vt 0.198605 0.247881
vt 0.248776 0.273141
vt 0.182956 0.007409
vt 0.189306 0.013915
vt 0.145376 0.007692
vt 0.163114 0.177990
vt 0.157085 0.167964
vt 0.160304 0.224059
vt 0.330151 0.011692
vt 0.336207 0.018473
vt 0.292596 0.010314
vt 0.199885 0.102272
vt 0.205553 0.092038
vt 0.158582 0.122874
vt 0.379919 0.014756
vt 0.385737 0.021742
vt 0.342434 0.012081
vt 0.283864 0.096240
vt 0.295567 0.096033
vt 0.245358 0.070755
vt 0.280256 0.010499
vt 0.286398 0.017201
vt 0.242684 0.009605
vt 0.331037 0.165990
vt 0.337062 0.176019
vt 0.333865 0.119921
vt 0.261929 0.192746
vt 0.267584 0.187379
vt 0.243991 0.197440
vt 0.236516 0.195227
vt 0.223481 0.182042
vt 0.221659 0.174462
vt 0.226559 0.156578
vt 0.232213 0.151210
vt 0.250152 0.146512
vt 0.257629 0.148724
vt 0.270668 0.161914
vt 0.272489 0.169496
vt 0.258986 0.188453
vt 0.263085 0.184211
vt 0.244485 0.191961
vt 0.238762 0.190532
vt 0.228473 0.179729
vt 0.226848 0.174059
vt 0.231059 0.159746
vt 0.235157 0.155503
vt 0.249659 0.151992
vt 0.255383 0.153420
vt 0.265674 0.164226
vt 0.267298 0.169898
vt 0.247072 0.171978
vt 0.229607 0.179329
vt 0.228290 0.173916
vt 0.247038 0.171992
vt 0.231968 0.160565
vt 0.235998 0.156718
vt 0.249399 0.153228
vt 0.254745 0.154794
vt 0.264469 0.164655
vt 0.265786 0.170068
vt 0.262107 0.183420
vt 0.258078 0.187267
vt 0.244676 0.190757
vt 0.239330 0.189191
s 1
usemtl 03_-_Default
f 726/979/1083 727/980/1084 739/981/1084 738/982/1085
f 728/983/1086 729/984/1087 741/985/1087 740/986/1088
f 730/987/1089 731/988/1090 743/989/1090 742/990/1091
f 732/991/1092 733/992/1093 745/993/1093 744/994/1094
f 734/995/1095 735/996/1096 747/997/1096 746/998/1097
f 736/999/1098 737/1000/1099 749/1001/1099 748/1002/1100
f 727/1003/1101 728/983/1102 799/1004/1103 798/1005/1104
f 728/983/1086 740/986/1088 800/1006/1105 799/1004/1106
f 739/1007/1107 801/1008/1108 800/1009/1109 740/1010/1110
f 739/1007/1111 727/1011/1111 798/1012/1112 801/1008/1113
f 729/1013/1114 730/987/1115 803/1014/1116 802/1015/1117
f 730/987/1089 742/990/1091 804/1016/1118 803/1014/1119
f 741/1017/1120 805/1018/1121 804/1019/1122 742/1020/1123
f 741/1017/1124 729/1021/1124 802/1022/1125 805/1018/1126
f 731/1023/1127 732/991/1128 807/1024/1129 806/1025/1130
f 732/991/1092 744/994/1094 808/1026/1131 807/1024/1132
f 743/1027/1133 809/1028/1134 808/1029/1135 744/1030/1136
f 743/1027/1137 731/1031/1137 806/1032/1138 809/1028/1139
f 733/1033/1140 734/995/1141 811/1034/1142 810/1035/1143
f 734/995/1095 746/998/1097 812/1036/1144 811/1034/1145
f 745/1037/1146 813/1038/1147 812/1039/1148 746/1040/1149
f 745/1037/1150 733/1041/1150 810/1042/1151 813/1038/1152
f 735/1043/1153 736/999/1154 815/1044/1155 814/1045/1156
f 736/999/1098 748/1002/1100 816/1046/1157 815/1044/1158
f 747/1047/1159 817/1048/1160 816/1049/1161 748/1050/1162
f 747/1047/1163 735/1051/1163 814/1052/1164 817/1048/1165
f 737/1053/1166 726/979/1167 819/1054/1168 818/1055/1169
f 726/979/1083 738/982/1085 820/1056/1170 819/1054/1171
f 749/1057/1172 821/1058/1173 820/1059/1174 738/1060/1175
f 749/1057/1176 737/1061/1176 818/1062/1177 821/1058/1178
f 823/1063/1179 822/1064/1180 774/1065/1181 775/1066/1182
f 824/1067/1183 823/1063/1184 775/1066/1185 776/1068/1186
f 825/1069/1187 824/1070/1188 776/1071/1189 777/1072/1190
f 822/1073/1191 825/1069/1192 777/1072/1193 774/1074/1194
f 827/1075/1195 826/1076/1196 778/1077/1197 779/1078/1198
f 828/1079/1199 827/1075/1200 779/1078/1201 780/1080/1202
f 829/1081/1203 828/1082/1204 780/1083/1205 781/1084/1206
f 826/1085/1207 829/1081/1208 781/1084/1209 778/1086/1210
f 831/1087/1211 830/1088/1212 782/1089/1213 783/1090/1214
f 832/1091/1215 831/1087/1216 783/1090/1217 784/1092/1218
f 833/1093/1219 832/1094/1220 784/1095/1221 785/1096/1222
f 830/1097/1223 833/1093/1224 785/1096/1225 782/1098/1226
f 835/1099/1227 834/1100/1228 786/1101/1229 787/1102/1230
f 836/1103/1231 835/1099/1232 787/1102/1233 788/1104/1234
f 837/1105/1235 836/1106/1236 788/1107/1237 789/1108/1238
f 834/1109/1239 837/1105/1240 789/1108/1241 786/1110/1242
f 839/1111/1243 838/1112/1244 790/1113/1245 791/1114/1246
f 840/1115/1247 839/1111/1248 791/1114/1249 792/1116/1250
f 841/1117/1251 840/1118/1252 792/1119/1253 793/1120/1254
f 838/1121/1255 841/1117/1256 793/1120/1257 790/1122/1258
f 843/1123/1259 842/1124/1260 794/1125/1261 795/1126/1262
f 844/1127/1263 843/1123/1264 795/1126/1265 796/1128/1266
f 845/1129/1267 844/1130/1268 796/1131/1269 797/1132/1270
f 842/1133/1271 845/1129/1272 797/1132/1273 794/1134/1274
f 775/1066/1182 774/1065/1181 798/1005/1104 799/1004/1103
f 776/1068/1186 775/1066/1185 799/1004/1106 800/1006/1105
f 777/1072/1190 776/1071/1189 800/1009/1109 801/1008/1108
f 774/1074/1194 777/1072/1193 801/1008/1113 798/1012/1112
f 779/1078/1198 778/1077/1197 802/1015/1117 803/1014/1116
f 780/1080/1202 779/1078/1201 803/1014/1119 804/1016/1118
f 781/1084/1206 780/1083/1205 804/1019/1122 805/1018/1121
f 778/1086/1210 781/1084/1209 805/1018/1126 802/1022/1125
f 783/1090/1214 782/1089/1213 806/1025/1130 807/1024/1129
f 784/1092/1218 783/1090/1217 807/1024/1132 808/1026/1131
f 785/1096/1222 784/1095/1221 808/1029/1135 809/1028/1134
f 782/1098/1226 785/1096/1225 809/1028/1139 806/1032/1138
f 787/1102/1230 786/1101/1229 810/1035/1143 811/1034/1142
f 788/1104/1234 787/1102/1233 811/1034/1145 812/1036/1144
f 789/1108/1238 788/1107/1237 812/1039/1148 813/1038/1147
f 786/1110/1242 789/1108/1241 813/1038/1152 810/1042/1151
f 791/1114/1246 790/1113/1245 814/1045/1156 815/1044/1155
f 792/1116/1250 791/1114/1249 815/1044/1158 816/1046/1157
f 793/1120/1254 792/1119/1253 816/1049/1161 817/1048/1160
f 790/1122/1258 793/1120/1257 817/1048/1165 814/1052/1164
f 795/1126/1262 794/1125/1261 818/1055/1169 819/1054/1168
f 796/1128/1266 795/1126/1265 819/1054/1171 820/1056/1170
f 797/1132/1270 796/1131/1269 820/1059/1174 821/1058/1173
f 794/1134/1274 797/1132/1273 821/1058/1178 818/1062/1177
f 751/1135/1275 750/1136/1275 822/1064/1180 823/1063/1179
f 752/1137/1276 751/1135/1276 823/1063/1184 824/1067/1183
f 753/1138/1277 752/1139/1277 824/1070/1188 825/1069/1187
f 750/1140/1278 753/1138/1278 825/1069/1192 822/1073/1191
f 755/1141/1279 754/1142/1279 826/1076/1196 827/1075/1195
f 756/1143/1280 755/1141/1280 827/1075/1200 828/1079/1199
f 757/1144/1281 756/1145/1281 828/1082/1204 829/1081/1203
f 754/1146/1282 757/1144/1282 829/1081/1208 826/1085/1207
f 759/1147/1283 758/1148/1283 830/1088/1212 831/1087/1211
f 760/1149/1284 759/1147/1284 831/1087/1216 832/1091/1215
f 761/1150/1285 760/1151/1285 832/1094/1220 833/1093/1219
f 758/1152/1286 761/1150/1286 833/1093/1224 830/1097/1223
f 763/1153/1287 762/1154/1287 834/1100/1228 835/1099/1227
f 764/1155/1288 763/1153/1288 835/1099/1232 836/1103/1231
f 765/1156/1289 764/1157/1289 836/1106/1236 837/1105/1235
f 762/1158/1290 765/1156/1290 837/1105/1240 834/1109/1239
f 767/1159/1291 766/1160/1291 838/1112/1244 839/1111/1243
f 768/1161/1292 767/1159/1292 839/1111/1248 840/1115/1247
f 769/1162/1293 768/1163/1293 840/1118/1252 841/1117/1251
f 766/1164/1294 769/1162/1294 841/1117/1256 838/1121/1255
f 771/1165/1295 770/1166/1295 842/1124/1260 843/1123/1259
f 772/1167/1296 771/1165/1296 843/1123/1264 844/1127/1263
f 773/1168/1297 772/1169/1297 844/1130/1268 845/1129/1267
f 770/1170/1298 773/1168/1298 845/1129/1272 842/1133/1271
f 738/1060/1175 739/1007/1107 847/1171/1299 846/1172/1300
f 739/1007/1107 740/1010/1110 848/1173/1301 847/1171/1299
f 740/1010/1110 741/1017/1120 849/1174/1302 848/1173/1301
f 741/1017/1120 742/1020/1123 850/1175/1303 849/1174/1302
f 742/1020/1123 743/1027/1133 851/1176/1304 850/1175/1303
f 743/1027/1133 744/1030/1136 852/1177/1305 851/1176/1304
f 744/1030/1136 745/1037/1146 853/1178/1306 852/1177/1305
f 745/1037/1146 746/1040/1149 854/1179/1307 853/1178/1306
f 746/1040/1149 747/1047/1159 855/1180/1308 854/1179/1307
f 747/1047/1159 748/1050/1162 856/1181/1309 855/1180/1308
f 748/1050/1162 749/1057/1172 857/1182/1310 856/1181/1309
f 749/1057/1172 738/1060/1175 846/1172/1300 857/1182/1310
f 846/1172/1311 847/1171/1312 859/1183/1313 858/1184/1314
f 847/1171/1312 848/1173/1315 860/1185/1316 859/1183/1313
f 848/1173/1315 849/1174/1317 861/1186/1318 860/1185/1316
f 849/1174/1317 850/1175/1319 862/1187/1320 861/1186/1318
f 850/1175/1319 851/1176/1321 863/1188/1322 862/1187/1320
f 851/1176/1321 852/1177/1323 864/1189/1324 863/1188/1322
f 852/1177/1323 853/1178/1325 865/1190/1326 864/1189/1324
f 853/1178/1325 854/1179/1327 866/1191/1328 865/1190/1326
f 854/1179/1327 855/1180/1329 867/1192/1330 866/1191/1328
f 855/1180/1329 856/1181/1331 868/1193/1332 867/1192/1330
f 856/1181/1331 857/1182/1333 869/1194/1334 868/1193/1332
f 857/1182/1333 846/1172/1311 858/1184/1314 869/1194/1334
f 858/1184/1335 859/1183/1336 870/1195/1337
f 859/1183/1336 860/1185/1338 870/1195/1337
f 860/1185/1338 861/1186/1339 870/1195/1337
f 861/1186/1339 862/1187/1340 870/1195/1337
f 862/1187/1340 863/1188/1341 870/1195/1337
f 863/1188/1341 864/1189/1342 870/1195/1337
f 864/1189/1342 865/1190/1343 870/1195/1337
f 865/1190/1343 866/1191/1344 870/1195/1337
f 866/1191/1344 867/1192/1345 870/1195/1337
f 867/1192/1345 868/1193/1346 870/1195/1337
f 868/1193/1346 869/1194/1347 870/1195/1337
f 869/1194/1347 858/1184/1335 870/1195/1337
f 727/1196/1101 726/1197/1167 871/1198/1348
f 726/1197/1167 737/1199/1166 871/1198/1348
f 737/1199/1166 736/1200/1154 871/1198/1348
f 736/1200/1154 735/1201/1153 871/1198/1348
f 735/1201/1153 734/1202/1141 871/1198/1348
f 734/1202/1141 733/1203/1140 871/1198/1348
f 733/1203/1140 732/1204/1128 871/1198/1348
f 732/1204/1128 731/1205/1127 871/1198/1348
f 731/1205/1127 730/1206/1115 871/1198/1348
f 730/1206/1115 729/1207/1114 871/1198/1348
f 729/1207/1114 728/1208/1102 871/1198/1348
f 728/1208/1102 727/1196/1101 871/1198/1348
o glass_low
v -6.618721 91.092789 42.151283
v -3.131978 76.733498 40.363422
v -0.212207 70.358696 38.369850
v 2.845024 66.060745 36.388668
v 7.401233 62.359245 33.911343
v 19.907494 64.933075 27.102859
v 24.595722 98.961952 25.339334
v 20.232956 112.677818 28.285612
v 14.993516 117.959808 31.987770
v -2.198424 114.404083 41.332073
v 13.171202 111.962151 47.453369
v 6.426860 117.462921 37.161766
v 18.189541 98.781700 51.499619
v 20.934189 75.040802 47.874565
v 14.128195 62.481819 30.921797
v 0.820296 94.728485 52.792816
v 4.609955 79.815079 51.845947
v 7.362888 72.547791 49.654854
v 10.104633 67.280251 47.131081
v 11.968810 64.507927 44.428417
v 19.938021 64.917572 42.474464
v 25.600414 67.265083 37.004566
v 28.971033 100.473801 37.464931
v 23.140945 113.359253 37.476231
v 18.944641 116.626564 38.099327
v 11.029716 115.788986 44.980637
v 1.237411 113.041016 47.738056
v 7.305383 102.968582 53.162605
v 27.243851 92.597145 45.548695
v 12.465664 81.537849 53.255966
v 15.335335 67.975594 47.609306
v 23.584171 106.257668 44.298412
v 10.844561 89.285820 54.479198
v -3.948435 100.508415 49.222275
v -1.311788 85.819336 48.975479
v 0.986657 78.568932 47.966469
v 4.021431 71.660263 45.966282
v 7.169009 66.762085 43.778488
v 14.412804 62.701958 40.004856
v 21.318386 64.097641 36.244312
v 29.435053 92.372765 32.258091
v 26.485348 106.830994 32.692619
v 22.700933 113.124855 34.098045
v 13.545826 117.905342 38.863945
v 4.152429 116.006729 43.978939
v -7.590960 99.496368 42.886795
v -5.307365 83.692764 41.557331
v 22.945688 70.398903 25.456562
v 24.733746 76.151077 24.831711
v 25.810411 83.768791 24.694031
v 25.716930 91.428261 24.805962
v 23.359623 106.460434 26.181351
v -6.295538 106.629471 42.601616
v 19.668049 113.064667 42.954670
v 10.783478 118.078102 34.645355
v 9.179852 96.873039 54.281219
v 13.959450 73.780151 50.496891
v 10.686373 62.026356 32.525322
v 5.961091 110.292145 50.419571
v 2.028985 116.298416 39.410194
v 25.520676 100.174896 45.382698
v 27.746986 84.622757 44.934216
v 26.938690 76.400436 43.428791
v 25.537533 70.035202 42.053493
v 17.272669 63.360325 28.938793
v 16.147421 104.764236 50.093849
v 19.925488 91.132812 51.750694
v 20.845364 83.166588 50.538876
v 20.722691 68.829117 45.310097
v -0.711958 101.293617 52.313393
v 2.372134 87.257004 52.798317
v 15.804063 64.347832 44.390160
v 23.723661 65.947144 40.077488
v 27.929825 70.888000 37.424023
v 29.846611 77.109665 37.411755
v 30.909809 85.157890 37.525009
v 30.548258 92.991783 37.456280
v 27.276287 106.978401 37.078110
v 16.199905 116.622528 41.741013
v 5.577610 114.476517 47.524864
v -0.347372 108.575684 50.267254
v -2.868840 107.790573 47.998028
v -2.737042 93.265854 49.214249
v 11.370495 63.215294 41.545807
v 17.943001 63.157040 38.176064
v 23.919867 65.761017 34.712036
v 26.732244 70.776634 33.128147
v 28.615921 76.800537 32.583351
v 29.685417 84.636551 32.355846
v 28.034760 99.861961 32.489159
v 17.511269 117.651016 36.594666
v 8.850185 117.226974 41.520313
v 0.405100 114.178619 45.906563
vn -0.3649 0.6469 0.6696
vn -0.4388 0.4073 0.8009
vn 0.0349 0.4644 0.8849
vn -0.0261 0.7439 0.6678
vn 0.3250 0.5194 0.7903
vn 0.1582 0.7949 0.5857
vn -0.4582 0.1234 0.8802
vn 0.0418 0.2652 0.9633
vn -0.4394 -0.0509 0.8969
vn 0.0518 0.1101 0.9926
vn 0.4318 0.2197 0.8748
vn 0.3855 0.3691 0.8457
vn 0.9949 -0.0477 0.0887
vn 0.9883 0.1255 0.0861
vn 0.7966 0.0972 0.5966
vn 0.8010 -0.0873 0.5922
vn 0.9640 0.2417 0.1108
vn 0.7504 0.2571 0.6089
vn 0.4730 0.0328 0.8805
vn 0.4962 -0.1538 0.8545
vn -0.3835 -0.3201 0.8663
vn -0.3319 -0.4699 0.8180
vn 0.1630 -0.3563 0.9201
vn 0.1156 -0.2212 0.9684
vn 0.5017 -0.2876 0.8158
vn 0.9108 -0.4064 0.0731
vn 0.9727 -0.2161 0.0852
vn 0.7766 -0.2393 0.5828
vn 0.7305 -0.4190 0.5392
vn 0.4948 -0.4537 0.7412
vn -0.2599 -0.6372 0.7255
vn -0.1723 -0.8162 0.5514
vn 0.1934 -0.8046 0.5615
vn 0.2039 -0.5211 0.8288
vn 0.4146 -0.7772 0.4735
vn 0.5277 0.8291 0.1846
vn 0.3308 0.8167 0.4729
vn 0.5610 0.5744 0.5961
vn 0.7434 0.6509 0.1540
vn 0.6827 0.4012 0.6107
vn 0.9051 0.4066 0.1243
vn 0.0678 -0.0518 0.9964
vn -0.4323 -0.1648 0.8865
vn 0.6037 -0.7229 0.3360
vn 0.7801 -0.6253 0.0235
vn -0.8280 0.3218 0.4591
vn -0.8637 0.0059 0.5040
vn -0.7892 0.0384 0.6129
vn -0.7554 0.3585 0.5485
vn -0.8434 -0.1665 0.5109
vn -0.7681 -0.1467 0.6233
vn -0.8145 -0.2678 0.5146
vn -0.7464 -0.2395 0.6209
vn -0.7570 -0.4132 0.5062
vn -0.6959 -0.3865 0.6053
vn -0.6785 -0.5635 0.4713
vn -0.6317 -0.5369 0.5592
vn -0.5587 -0.7272 0.3988
vn -0.5300 -0.7058 0.4700
vn -0.2832 -0.9260 0.2496
vn -0.2301 -0.9136 0.3352
vn 0.0320 -0.9963 0.0798
vn 0.0869 -0.9763 0.1982
vn 0.1932 -0.9811 -0.0098
vn 0.2560 -0.9600 0.1138
vn 0.3530 -0.9306 -0.0967
vn 0.4146 -0.9098 0.0180
vn 0.6287 -0.7336 -0.2580
vn 0.6654 -0.7286 -0.1624
vn 0.8190 -0.4295 -0.3804
vn 0.8537 -0.4172 -0.3116
vn 0.8775 -0.2286 -0.4216
vn 0.9189 -0.2181 -0.3287
vn 0.8940 -0.0632 -0.4436
vn 0.9404 -0.0525 -0.3361
vn 0.8874 0.0900 -0.4521
vn 0.9350 0.1053 -0.3387
vn 0.8761 0.1840 -0.4457
vn 0.9235 0.1992 -0.3278
vn 0.8346 0.3586 -0.4181
vn 0.8753 0.3774 -0.3025
vn 0.6833 0.6457 -0.3408
vn 0.7103 0.6618 -0.2397
vn 0.3369 0.9306 -0.1427
vn 0.3687 0.9294 -0.0153
vn -0.0154 0.9981 0.0605
vn 0.0693 0.9804 0.1846
vn -0.1320 0.9835 0.1237
vn -0.0572 0.9656 0.2538
vn -0.2504 0.9505 0.1838
vn -0.1837 0.9295 0.3199
vn -0.5835 0.7378 0.3393
vn -0.4872 0.7544 0.4399
vt 0.943259 0.902070
vt 0.925206 0.913673
vt 0.923532 0.888797
vt 0.942481 0.883552
vt 0.923935 0.858947
vt 0.943741 0.858918
vt 0.897369 0.923387
vt 0.894632 0.892805
vt 0.870803 0.924646
vt 0.871676 0.891639
vt 0.871515 0.858849
vt 0.894057 0.858878
vt 0.812330 0.802045
vt 0.840721 0.795404
vt 0.844580 0.826356
vt 0.817965 0.829595
vt 0.870316 0.793567
vt 0.871264 0.825864
vt 0.845566 0.858625
vt 0.819271 0.858857
vt 0.812109 0.916163
vt 0.784909 0.905503
vt 0.790955 0.883324
vt 0.818085 0.888242
vt 0.792117 0.859097
vt 0.766458 0.824561
vt 0.785314 0.812863
vt 0.791084 0.834841
vt 0.770962 0.840890
vt 0.771142 0.859191
vt 0.766075 0.893872
vt 0.754209 0.885863
vt 0.756315 0.873487
vt 0.770803 0.877473
vt 0.755942 0.859206
vt 0.942877 0.815741
vt 0.942245 0.834263
vt 0.923193 0.829050
vt 0.924716 0.804274
vt 0.894192 0.824882
vt 0.896626 0.794731
vt 0.844955 0.890885
vt 0.840954 0.922883
vt 0.756386 0.844884
vt 0.754543 0.832564
vt 0.945855 0.958061
vt 0.908870 0.979310
vt 0.900808 0.942163
vt 0.930869 0.927742
vt 0.860508 0.989590
vt 0.868243 0.946991
vt 0.816697 0.985765
vt 0.834264 0.944804
vt 0.776401 0.971877
vt 0.802184 0.935733
vt 0.741535 0.949605
vt 0.773221 0.921082
vt 0.720809 0.926759
vt 0.754309 0.905084
vt 0.706463 0.896140
vt 0.742765 0.885998
vt 0.703616 0.878468
vt 0.739686 0.873561
vt 0.702660 0.858930
vt 0.739154 0.859147
vt 0.703815 0.839418
vt 0.739916 0.844782
vt 0.706904 0.821747
vt 0.742982 0.832249
vt 0.722221 0.790904
vt 0.754905 0.813323
vt 0.745305 0.767111
vt 0.774192 0.797364
vt 0.782691 0.745446
vt 0.803337 0.782871
vt 0.824332 0.733173
vt 0.835272 0.774068
vt 0.867975 0.731123
vt 0.868987 0.771991
vt 0.910742 0.740895
vt 0.900445 0.776464
vt 0.947365 0.762202
vt 0.930652 0.790581
vt 0.976962 0.800126
vt 0.952975 0.813976
vt 0.987143 0.828672
vt 0.959912 0.833833
vt 0.989110 0.858796
vt 0.962665 0.858858
vt 0.987278 0.888907
vt 0.960093 0.883881
vt 0.977187 0.917616
vt 0.953297 0.903785
s 1
usemtl 02_-_Default
f 898/1209/1349 952/1210/1350 930/1211/1351 951/1212/1352
f 882/1213/1353 897/1214/1354 951/1212/1352 930/1211/1351
f 952/1210/1350 941/1215/1355 899/1216/1356 930/1211/1351
f 941/1215/1355 887/1217/1357 927/1218/1358 899/1216/1356
f 884/1219/1359 937/1220/1360 899/1216/1356 927/1218/1358
f 937/1220/1360 882/1213/1353 930/1211/1351 899/1216/1356
f 947/1221/1361 948/1222/1362 900/1223/1363 933/1224/1364
f 948/1222/1362 894/1225/1365 932/1226/1366 900/1223/1363
f 884/1219/1359 938/1227/1367 900/1223/1363 932/1226/1366
f 938/1227/1367 939/1228/1368 933/1224/1364 900/1223/1363
f 888/1229/1369 889/1230/1370 928/1231/1371 901/1232/1372
f 885/1233/1373 939/1228/1368 901/1232/1372 928/1231/1371
f 945/1234/1374 946/1235/1375 934/1236/1376 935/1237/1377
f 885/1233/1373 940/1238/1378 935/1237/1377 934/1236/1376
f 890/1239/1379 891/1240/1380 943/1241/1381 902/1242/1382
f 892/1243/1383 940/1238/1378 902/1242/1382 943/1241/1381
f 896/1244/1384 950/1245/1385 925/1246/1386 895/1247/1387
f 950/1245/1385 897/1214/1354 882/1213/1353 925/1246/1386
f 884/1219/1359 932/1226/1366 903/1248/1388 937/1220/1360
f 932/1226/1366 894/1225/1365 949/1249/1389 903/1248/1388
f 895/1247/1387 925/1246/1386 903/1248/1388 949/1249/1389
f 925/1246/1386 882/1213/1353 937/1220/1360 903/1248/1388
f 884/1219/1359 927/1218/1358 904/1250/1390 938/1227/1367
f 927/1218/1358 887/1217/1357 942/1251/1391 904/1250/1390
f 888/1229/1369 901/1232/1372 904/1250/1390 942/1251/1391
f 901/1232/1372 939/1228/1368 938/1227/1367 904/1250/1390
f 885/1233/1373 934/1236/1376 933/1224/1364 939/1228/1368
f 934/1236/1376 946/1235/1375 947/1221/1361 933/1224/1364
f 890/1239/1379 902/1242/1382 928/1231/1371 889/1230/1370
f 902/1242/1382 940/1238/1378 885/1233/1373 928/1231/1371
f 892/1243/1383 944/1252/1392 935/1237/1377 940/1238/1378
f 944/1252/1392 893/1253/1393 945/1234/1374 935/1237/1377
f 924/1254/1394 917/1255/1395 905/1256/1396 953/1257/1397
f 917/1255/1395 872/1258/1398 954/1259/1399 905/1256/1396
f 887/1217/1357 941/1215/1355 905/1256/1396 954/1259/1399
f 941/1215/1355 952/1210/1350 953/1257/1397 905/1256/1396
f 872/1258/1398 918/1260/1400 906/1261/1401 954/1259/1399
f 918/1260/1400 873/1262/1402 907/1263/1403 906/1261/1401
f 888/1229/1369 942/1251/1391 906/1261/1401 907/1263/1403
f 942/1251/1391 887/1217/1357 954/1259/1399 906/1261/1401
f 873/1262/1402 874/1264/1404 908/1265/1405 907/1263/1403
f 889/1230/1370 888/1229/1369 907/1263/1403 908/1265/1405
f 874/1264/1404 875/1266/1406 909/1267/1407 908/1265/1405
f 890/1239/1379 889/1230/1370 908/1265/1405 909/1267/1407
f 875/1266/1406 876/1268/1408 955/1269/1409 909/1267/1407
f 891/1240/1380 890/1239/1379 909/1267/1407 955/1269/1409
f 876/1268/1408 929/1270/1410 910/1271/1411 955/1269/1409
f 929/1270/1410 886/1272/1412 956/1273/1413 910/1271/1411
f 892/1243/1383 943/1241/1381 910/1271/1411 956/1273/1413
f 943/1241/1381 891/1240/1380 955/1269/1409 910/1271/1411
f 886/1272/1412 936/1274/1414 911/1275/1415 956/1273/1413
f 936/1274/1414 877/1276/1416 957/1277/1417 911/1275/1415
f 893/1253/1393 944/1252/1392 911/1275/1415 957/1277/1417
f 944/1252/1392 892/1243/1383 956/1273/1413 911/1275/1415
f 877/1276/1416 919/1278/1418 958/1279/1419 957/1277/1417
f 945/1234/1374 893/1253/1393 957/1277/1417 958/1279/1419
f 919/1278/1418 920/1280/1420 959/1281/1421 958/1279/1419
f 946/1235/1375 945/1234/1374 958/1279/1419 959/1281/1421
f 920/1280/1420 921/1282/1422 960/1283/1423 959/1281/1421
f 947/1221/1361 946/1235/1375 959/1281/1421 960/1283/1423
f 921/1282/1422 922/1284/1424 912/1285/1425 960/1283/1423
f 922/1284/1424 878/1286/1426 961/1287/1427 912/1285/1425
f 894/1225/1365 948/1222/1362 912/1285/1425 961/1287/1427
f 948/1222/1362 947/1221/1361 960/1283/1423 912/1285/1425
f 878/1286/1426 923/1288/1428 913/1289/1429 961/1287/1427
f 923/1288/1428 879/1290/1430 914/1291/1431 913/1289/1429
f 895/1247/1387 949/1249/1389 913/1289/1429 914/1291/1431
f 949/1249/1389 894/1225/1365 961/1287/1427 913/1289/1429
f 879/1290/1430 880/1292/1432 962/1293/1433 914/1291/1431
f 896/1244/1384 895/1247/1387 914/1291/1431 962/1293/1433
f 880/1292/1432 926/1294/1434 915/1295/1435 962/1293/1433
f 926/1294/1434 883/1296/1436 963/1297/1437 915/1295/1435
f 897/1214/1354 950/1245/1385 915/1295/1435 963/1297/1437
f 950/1245/1385 896/1244/1384 962/1293/1433 915/1295/1435
f 883/1296/1436 931/1298/1438 916/1299/1439 963/1297/1437
f 931/1298/1438 881/1300/1440 964/1301/1441 916/1299/1439
f 898/1209/1349 951/1212/1352 916/1299/1439 964/1301/1441
f 951/1212/1352 897/1214/1354 963/1297/1437 916/1299/1439
f 881/1300/1440 924/1254/1394 953/1257/1397 964/1301/1441
f 952/1210/1350 898/1209/1349 964/1301/1441 953/1257/1397
o exhaust_low
v 25.903845 98.197479 44.437138
v 24.697296 101.524063 44.760399
v 22.681946 104.234741 45.824306
v 19.934906 106.002571 47.195801
v 16.787300 106.614319 48.709042
v 13.725038 105.996216 50.376659
v 11.117476 104.222794 51.997517
v 9.172856 101.507957 53.180965
v 8.125949 98.179176 53.784676
v 8.268980 94.637924 54.040573
v 9.696584 91.311340 54.123253
v 12.131762 88.600655 53.830276
v 15.112425 86.832825 52.887802
v 18.272600 86.221077 51.397636
v 21.334858 86.839188 49.730019
v 23.929855 88.612602 48.086086
v 25.640854 91.327431 46.473618
v 26.267933 94.656219 45.098976
v 27.537720 98.197479 47.437439
v 26.315073 101.524063 47.731129
v 24.270664 104.234741 48.741676
v 21.492723 106.002579 50.056412
v 18.336430 106.614326 51.553722
v 15.296560 105.996216 53.262455
v 12.723722 104.222794 54.947071
v 10.804117 101.507957 56.176456
v 9.768139 98.179176 56.800243
v 9.914484 94.637932 57.062233
v 11.342992 91.311340 57.146564
v 13.778572 88.600662 56.854321
v 16.759533 86.832832 55.912392
v 19.919846 86.221077 54.422485
v 22.982014 86.839188 52.754696
v 25.576424 88.612602 51.109695
v 27.285698 91.327438 49.494057
v 27.909107 94.656227 48.112675
v 23.715155 97.657295 46.789761
v 22.839502 99.974213 46.950069
v 21.375429 101.862167 47.580135
v 19.449074 103.093437 48.511337
v 17.280163 103.519516 49.608181
v 15.147337 103.089012 50.769657
v 13.307848 101.853844 51.855671
v 11.966527 99.962997 52.703953
v 11.297778 97.644547 53.235359
v 11.432708 95.178108 53.478428
v 12.386095 92.861191 53.460869
v 14.014079 90.973236 53.131794
v 16.069462 89.741966 52.437527
v 18.289665 89.315887 51.434868
v 20.422491 89.746391 50.273396
v 22.210690 90.981552 49.093193
v 23.422983 92.872398 48.007977
v 23.927824 95.190857 47.175579
v 26.386032 97.833885 49.611340
v 25.372807 100.480873 49.770920
v 23.686646 102.637787 50.465935
v 21.462498 104.044456 51.486889
v 18.973040 104.531235 52.718754
v 16.559179 104.039398 54.087570
v 14.499355 102.628281 55.404907
v 12.991305 100.468063 56.418755
v 12.225125 97.819321 57.021896
v 12.376041 95.001518 57.293655
v 13.481201 92.354523 57.302895
v 15.364649 90.197617 56.970165
v 17.722467 88.790939 56.194664
v 20.255653 88.304161 55.043106
v 22.691875 88.795998 53.715347
v 24.736698 90.207123 52.370464
v 26.108891 92.367332 51.107143
v 26.655806 95.016075 50.101353
v 25.413109 97.657295 49.907730
v 24.523464 99.974213 50.042336
v 23.041773 101.862160 50.640057
v 21.100758 103.093437 51.544342
v 18.929029 103.519508 52.636017
v 16.807764 103.089012 53.818714
v 14.987218 101.853836 54.939507
v 13.662827 99.962997 55.818874
v 13.004786 97.644547 56.369942
v 13.145172 95.178108 56.623039
v 14.101142 92.861191 56.610218
v 15.730418 90.973236 56.283516
v 17.786467 89.741966 55.590473
v 20.006845 89.315887 54.588150
v 22.139257 89.746391 53.425911
v 23.926094 90.981552 52.243217
v 25.135450 92.872398 51.152607
v 25.634884 95.190857 50.310268
v 28.337921 98.825943 41.493919
v 27.375557 102.195595 41.757542
v 27.880741 101.986656 45.149746
v 28.870338 98.608688 45.034184
v 29.356504 95.085014 45.712757
v 28.958319 95.327751 42.118385
v 20.421761 108.659431 49.074581
v 18.846487 109.790810 46.601242
v 15.651159 110.127365 47.924858
v 12.588921 109.509262 49.592522
v 10.029108 108.011024 51.403057
v 11.646632 106.879639 53.953976
v 14.207871 108.463249 52.177704
v 17.250612 109.081360 50.474236
v 6.733958 97.716591 56.684982
v 4.150394 97.507645 54.405296
v 4.475996 94.009460 54.488430
v 5.733153 90.639809 54.766136
v 8.538463 90.882545 57.054371
v 7.164661 94.226715 56.863068
v 20.035601 84.117355 53.080894
v 19.174454 82.496498 50.898788
v 21.606016 82.987297 49.574627
v 22.467163 84.608154 51.756733
vn 0.9688 0.2154 -0.1230
vn 0.9512 0.2822 -0.1250
vn 0.9720 0.2006 -0.1225
vn 0.6722 0.6435 -0.3661
vn 0.5624 0.7680 -0.3063
vn 0.5667 0.7639 -0.3086
vn 0.4384 0.8665 -0.2388
vn 0.2248 0.9378 0.2644
vn 0.1142 0.9397 0.3222
vn 0.1262 0.9402 0.3163
vn -0.0773 0.9027 0.4232
vn -0.0896 0.8983 0.4301
vn -0.1817 0.8590 0.4787
vn -0.6733 0.6421 0.3666
vn -0.7600 0.5011 0.4139
vn -0.7625 0.4962 0.4152
vn -0.8255 0.3412 0.4496
vn -0.6592 -0.0433 0.7507
vn -0.6459 -0.1109 0.7553
vn -0.6426 -0.1256 0.7558
vn -0.6256 -0.1923 0.7561
vn -0.6722 -0.6435 0.3661
vn -0.5791 -0.7518 0.3154
vn -0.5475 -0.7819 0.2981
vn -0.3096 -0.9358 0.1686
vn -0.2888 -0.9444 0.1573
vn -0.1517 -0.9850 0.0826
vn 0.4013 -0.8040 0.4388
vn 0.4398 -0.8656 -0.2395
vn 0.5733 -0.7576 -0.3122
vn 0.5562 -0.7738 -0.3029
vn 0.7708 -0.4793 -0.4197
vn 0.7501 -0.5201 -0.4085
vn 0.8255 -0.3412 -0.4496
vn 0.9839 0.1328 -0.1198
vn -0.7649 -0.4913 0.4166
vn -0.7558 -0.5092 0.4116
vn -0.8621 -0.1908 0.4695
vn -0.8672 -0.1578 0.4723
vn -0.5687 -0.7620 0.3097
vn -0.5600 -0.7703 0.3050
vn -0.3036 -0.9383 0.1653
vn -0.2963 -0.9414 0.1613
vn -0.0003 -1.0000 0.0002
vn 0.0023 -1.0000 -0.0012
vn 0.3037 -0.9383 -0.1654
vn 0.2997 -0.9400 -0.1632
vn 0.5690 -0.7618 -0.3098
vn 0.5624 -0.7681 -0.3063
vn 0.7640 -0.4932 -0.4161
vn 0.7584 -0.5042 -0.4130
vn 0.8665 -0.1627 -0.4719
vn 0.8635 -0.1824 -0.4702
vn 0.8621 0.1905 -0.4695
vn 0.8672 0.1582 -0.4722
vn 0.7508 0.5188 -0.4088
vn 0.7692 0.4825 -0.4189
vn 0.5505 0.7792 -0.2998
vn 0.5767 0.7542 -0.3140
vn 0.2889 0.9443 -0.1574
vn 0.3097 0.9358 -0.1687
vn -0.0045 1.0000 0.0024
vn 0.0027 1.0000 -0.0015
vn -0.2976 0.9408 0.1620
vn -0.3044 0.9380 0.1658
vn -0.5563 0.7738 0.3029
vn -0.5733 0.7575 0.3122
vn -0.7520 0.5165 0.4095
vn -0.7692 0.4825 0.4189
vn -0.8616 0.1939 0.4692
vn -0.8680 0.1520 0.4727
vn -0.6656 -0.2056 -0.7174
vn -0.6867 -0.1909 -0.7015
vn -0.6867 -0.1908 -0.7015
vn -0.6662 -0.2053 -0.7170
vn 0.8319 0.2221 0.5086
vn 0.7966 0.2942 0.5280
vn 0.7851 0.3200 0.5304
vn 0.8395 0.2211 0.4964
vn -0.6022 -0.2428 -0.7605
vn -0.6027 -0.2425 -0.7602
vn 0.6726 0.4233 0.6070
vn 0.6749 0.4216 0.6056
vn -0.5131 -0.2874 -0.8088
vn -0.5138 -0.2872 -0.8085
vn 0.4972 0.4983 0.7102
vn 0.5286 0.5013 0.6850
vn -0.4358 -0.3104 -0.8448
vn -0.4361 -0.3104 -0.8447
vn 0.3904 0.5119 0.7652
vn 0.3908 0.5345 0.7494
vn -0.3784 -0.2988 -0.8761
vn -0.3781 -0.2987 -0.8762
vn 0.2903 0.4942 0.8195
vn 0.2710 0.5137 0.8141
vn -0.3177 -0.2480 -0.9152
vn -0.3172 -0.2475 -0.9155
vn 0.1865 0.4404 0.8782
vn 0.1468 0.4293 0.8911
vn -0.2477 -0.1713 -0.9536
vn -0.2472 -0.1708 -0.9538
vn 0.0245 0.2921 0.9561
vn 0.0228 0.2898 0.9568
vn -0.1923 -0.1101 -0.9751
vn -0.1918 -0.1096 -0.9753
vn -0.0626 0.1160 0.9913
vn -0.0637 0.1435 0.9876
vn -0.1734 -0.0873 -0.9810
vn -0.1735 -0.0872 -0.9810
vn -0.0706 0.0353 0.9969
vn -0.0848 0.0284 0.9960
vn -0.2008 -0.0781 -0.9765
vn -0.2024 -0.0777 -0.9762
vn -0.0431 -0.0378 0.9984
vn -0.0314 -0.0708 0.9970
vn -0.2766 -0.0510 -0.9596
vn -0.2778 -0.0505 -0.9593
vn 0.0870 -0.1716 0.9813
vn 0.0950 -0.1772 0.9796
vn -0.3729 -0.0126 -0.9278
vn -0.3731 -0.0125 -0.9277
vn 0.2599 -0.2705 0.9270
vn 0.2642 -0.2725 0.9252
vn -0.4501 0.0094 -0.8929
vn -0.4502 0.0094 -0.8929
vn 0.4519 -0.3615 0.8155
vn 0.4284 -0.3163 0.8465
vn -0.5070 -0.0021 -0.8619
vn -0.5070 -0.0021 -0.8620
vn 0.5496 -0.3415 0.7624
vn 0.5728 -0.2867 0.7679
vn -0.5671 -0.0518 -0.8220
vn -0.5669 -0.0516 -0.8222
vn 0.7079 -0.1784 0.6834
vn 0.7048 -0.1819 0.6857
vn -0.6291 -0.1221 -0.7677
vn -0.6284 -0.1212 -0.7684
vn 0.8070 -0.0228 0.5901
vn 0.8034 -0.0309 0.5947
vn -0.6722 -0.1733 -0.7198
vn -0.6713 -0.1723 -0.7208
vn 0.8431 0.1455 0.5176
vn 0.8462 0.1115 0.5210
vn 0.2616 0.1160 0.9582
vn 0.2608 0.1188 0.9581
vn 0.3019 0.0015 0.9534
vn 0.3023 0.0004 0.9532
vn 0.3465 -0.0699 0.9354
vn 0.3468 -0.0702 0.9353
vn 0.3989 -0.0958 0.9120
vn 0.3991 -0.0958 0.9119
vn 0.4661 -0.1008 0.8789
vn 0.4662 -0.1008 0.8789
vn 0.5408 -0.1002 0.8352
vn 0.5406 -0.1002 0.8353
vn 0.6027 -0.0877 0.7931
vn 0.6024 -0.0878 0.7934
vn 0.6395 -0.0430 0.7676
vn 0.6393 -0.0436 0.7677
vn 0.6490 0.0511 0.7590
vn 0.6491 0.0498 0.7591
vn 0.6296 0.1841 0.7548
vn 0.6303 0.1811 0.7549
vn 0.5864 0.3129 0.7471
vn 0.5883 0.3087 0.7474
vn 0.5330 0.4013 0.7449
vn 0.5355 0.3983 0.7447
vn 0.4715 0.4460 0.7608
vn 0.4737 0.4451 0.7599
vn 0.3960 0.4570 0.7964
vn 0.3969 0.4571 0.7960
vn 0.3151 0.4407 0.8405
vn 0.3143 0.4404 0.8410
vn 0.2528 0.4020 0.8801
vn 0.2512 0.4004 0.8812
vn 0.2249 0.3399 0.9132
vn 0.2245 0.3363 0.9146
vn 0.2308 0.2441 0.9419
vn 0.2316 0.2398 0.9428
vn -0.7268 -0.1772 -0.6636
vn -0.1533 0.9846 0.0835
vn 0.8262 0.2211 0.5181
vn 0.8206 0.2391 0.5191
vn 0.8324 0.2001 0.5168
vn 0.1533 -0.9846 -0.0835
vn -0.7130 -0.2213 -0.6653
vn 0.8647 0.1745 -0.4709
vn -0.4265 -0.2916 -0.8562
vn -0.4020 -0.3214 -0.8574
vn -0.3979 -0.2858 -0.8718
vn -0.8647 -0.1745 0.4709
vn 0.3120 0.4820 0.8188
vn 0.2712 0.4580 0.8466
vn 0.3822 0.4946 0.7806
vn 0.4281 0.4866 0.7615
vn -0.1268 -0.0561 -0.9903
vn -0.1218 -0.1020 -0.9873
vn -0.0593 0.0392 0.9975
vn -0.0551 0.0181 0.9983
vn -0.0628 0.0572 0.9964
vn -0.8207 -0.2974 0.4879
vn -0.4785 0.0017 -0.8781
vn 0.8938 0.0487 -0.4458
vn 0.4957 -0.4474 0.7444
vt 0.994038 0.615734
vt 0.987066 0.647064
vt 0.954326 0.635500
vt 0.956443 0.610522
vt 0.949769 0.658399
vt 0.931325 0.675354
vt 0.912879 0.653529
vt 0.928812 0.635670
vt 0.912918 0.690988
vt 0.895115 0.668238
vt 0.895851 0.709936
vt 0.874468 0.716612
vt 0.873113 0.692489
vt 0.891383 0.686921
vt 0.851765 0.716785
vt 0.852893 0.692070
vt 0.830284 0.710161
vt 0.834741 0.686518
vt 0.812535 0.691294
vt 0.794245 0.675634
vt 0.813203 0.653391
vt 0.830928 0.667981
vt 0.775905 0.658647
vt 0.797212 0.635718
vt 0.738667 0.646998
vt 0.731852 0.615734
vt 0.769453 0.610648
vt 0.771557 0.635575
vt 0.740485 0.583824
vt 0.776315 0.586253
vt 0.772761 0.566189
vt 0.792252 0.549916
vt 0.815314 0.565513
vt 0.798688 0.582202
vt 0.811415 0.533991
vt 0.831491 0.553325
vt 0.827086 0.519836
vt 0.850713 0.542678
vt 0.853204 0.503642
vt 0.872698 0.503697
vt 0.871319 0.525485
vt 0.854538 0.526086
vt 0.898511 0.519685
vt 0.914260 0.533759
vt 0.894260 0.553167
vt 0.874998 0.542641
vt 0.933504 0.549637
vt 0.910486 0.565284
vt 0.953077 0.565897
vt 0.927216 0.581957
vt 0.985478 0.583709
vt 0.949601 0.586063
vt 0.935790 0.479150
vt 0.935739 0.506208
vt 0.921179 0.504044
vt 0.921231 0.476762
vt 0.950350 0.480590
vt 0.950300 0.507364
vt 0.964912 0.481648
vt 0.964861 0.508187
vt 0.979474 0.482290
vt 0.979424 0.508784
vt 0.994038 0.482132
vt 0.993987 0.508812
vt 0.746468 0.480789
vt 0.746416 0.507772
vt 0.731852 0.508313
vt 0.731903 0.481634
vt 0.761033 0.479749
vt 0.760981 0.507004
vt 0.775598 0.478477
vt 0.775546 0.505904
vt 0.790165 0.476280
vt 0.790113 0.503795
vt 0.804734 0.472881
vt 0.804682 0.500438
vt 0.819304 0.469126
vt 0.819252 0.496703
vt 0.833873 0.466275
vt 0.833820 0.493862
vt 0.848438 0.464906
vt 0.848386 0.492497
vt 0.863001 0.464941
vt 0.862949 0.492524
vt 0.877561 0.466383
vt 0.877509 0.493945
vt 0.892119 0.469326
vt 0.892067 0.496841
vt 0.906675 0.473203
vt 0.906623 0.500631
vt 0.891136 0.598323
vt 0.893129 0.608199
vt 0.883674 0.608943
vt 0.882403 0.602078
vt 0.933436 0.608996
vt 0.911092 0.626707
vt 0.914128 0.607406
vt 0.885760 0.589870
vt 0.878850 0.596145
vt 0.901235 0.641709
vt 0.877964 0.583577
vt 0.873507 0.591781
vt 0.887482 0.652636
vt 0.868565 0.580128
vt 0.867020 0.589463
vt 0.873457 0.673835
vt 0.871305 0.657465
vt 0.858587 0.580132
vt 0.860131 0.589466
vt 0.852435 0.673683
vt 0.854658 0.657476
vt 0.849190 0.583582
vt 0.853645 0.591784
vt 0.838417 0.652437
vt 0.841396 0.589873
vt 0.848305 0.596147
vt 0.824842 0.641595
vt 0.836022 0.598325
vt 0.844753 0.602078
vt 0.815062 0.626762
vt 0.834030 0.608198
vt 0.843483 0.608941
vt 0.792520 0.609144
vt 0.811946 0.607589
vt 0.835950 0.618415
vt 0.844709 0.615926
vt 0.815883 0.588489
vt 0.841308 0.627537
vt 0.848250 0.622128
vt 0.826156 0.573966
vt 0.849113 0.634236
vt 0.853598 0.626729
vt 0.838880 0.563653
vt 0.858552 0.637771
vt 0.860115 0.629164
vt 0.854250 0.557092
vt 0.868606 0.637778
vt 0.867042 0.629172
vt 0.871704 0.557116
vt 0.878046 0.634243
vt 0.873559 0.626735
vt 0.886932 0.563503
vt 0.885851 0.627542
vt 0.878907 0.622133
vt 0.899691 0.573758
vt 0.891209 0.618419
vt 0.882448 0.615930
vt 0.910068 0.588258
vt 0.907196 0.607836
vt 0.904626 0.624074
vt 0.896516 0.637446
vt 0.884606 0.647049
vt 0.870425 0.651932
vt 0.855548 0.651614
vt 0.841363 0.646832
vt 0.829599 0.637332
vt 0.821544 0.624110
vt 0.818902 0.607988
vt 0.822145 0.591916
vt 0.830544 0.578919
vt 0.841903 0.569718
vt 0.855569 0.564639
vt 0.870370 0.564389
vt 0.883933 0.569543
vt 0.895334 0.578732
vt 0.903835 0.591720
vt 0.903074 0.597296
vt 0.904532 0.607151
vt 0.953719 0.655609
vt 0.956939 0.567593
vt 0.903115 0.617459
vt 0.912708 0.692501
vt 0.868573 0.569093
vt 0.877967 0.572057
vt 0.858572 0.569098
vt 0.849182 0.572065
vt 0.813176 0.692924
vt 0.771806 0.655724
vt 0.822630 0.607151
vt 0.824086 0.597298
vt 0.824047 0.617456
vt 0.768984 0.567783
vt 0.831260 0.519509
vt 0.867563 0.648700
vt 0.859580 0.648694
vt 0.894522 0.519149
s 1
usemtl 03_-_Default
f 1055/1302/1442 1056/1303/1443 1057/1304/1443 1058/1305/1444
f 966/1306/1445 967/1307/1446 985/1308/1447 984/1309/1445
f 967/1307/1446 968/1310/1448 986/1311/1448 985/1308/1447
f 1062/1312/1449 1063/1313/1450 1068/1314/1451 1061/1315/1449
f 1063/1313/1450 1064/1316/1452 1067/1317/1453 1068/1314/1451
f 1064/1316/1452 1065/1318/1454 1066/1319/1454 1067/1317/1453
f 971/1320/1455 972/1321/1456 990/1322/1457 989/1323/1455
f 972/1321/1456 973/1324/1458 991/1325/1458 990/1322/1457
f 1070/1326/1459 1071/1327/1460 1074/1328/1461 1069/1329/1459
f 1071/1327/1460 1072/1330/1462 1073/1331/1462 1074/1328/1461
f 975/1332/1463 976/1333/1464 994/1334/1465 993/1335/1463
f 976/1333/1464 977/1336/1466 995/1337/1467 994/1334/1465
f 977/1336/1466 978/1338/1468 996/1339/1468 995/1337/1467
f 1076/1340/1469 1077/1341/1469 1078/1342/1469 1075/1343/1469
f 979/1344/1470 980/1345/1471 998/1346/1472 997/1347/1470
f 980/1345/1471 981/1348/1473 999/1349/1474 998/1346/1472
f 981/1348/1473 982/1350/1475 1000/1351/1475 999/1349/1474
f 1060/1352/1476 1055/1302/1442 1058/1305/1444 1059/1353/1476
f 1038/1354/1477 1002/1355/1478 1001/1356/1479 1037/1357/1480
f 1039/1358/1481 1003/1359/1482 1002/1355/1478 1038/1354/1477
f 1040/1360/1483 1004/1361/1484 1003/1359/1482 1039/1358/1481
f 1041/1362/1485 1005/1363/1486 1004/1361/1484 1040/1360/1483
f 1042/1364/1487 1006/1365/1488 1005/1363/1486 1041/1362/1485
f 1043/1366/1489 1007/1367/1490 1006/1368/1488 1042/1369/1487
f 1044/1370/1491 1008/1371/1492 1007/1367/1490 1043/1366/1489
f 1045/1372/1493 1009/1373/1494 1008/1371/1492 1044/1370/1491
f 1046/1374/1495 1010/1375/1496 1009/1373/1494 1045/1372/1493
f 1047/1376/1497 1011/1377/1498 1010/1375/1496 1046/1374/1495
f 1048/1378/1499 1012/1379/1500 1011/1377/1498 1047/1376/1497
f 1049/1380/1501 1013/1381/1502 1012/1379/1500 1048/1378/1499
f 1050/1382/1503 1014/1383/1504 1013/1381/1502 1049/1380/1501
f 1051/1384/1505 1015/1385/1506 1014/1383/1504 1050/1382/1503
f 1052/1386/1507 1016/1387/1508 1015/1385/1506 1051/1384/1505
f 1053/1388/1509 1017/1389/1510 1016/1387/1508 1052/1386/1507
f 1054/1390/1511 1018/1391/1512 1017/1389/1510 1053/1388/1509
f 1037/1357/1480 1001/1356/1479 1018/1391/1512 1054/1390/1511
f 966/1392/1513 965/1393/1514 1001/1394/1515 1002/1395/1516
f 983/1396/1517 984/1309/1518 1020/1397/1519 1019/1398/1520
f 967/1399/1521 966/1392/1513 1002/1395/1516 1003/1400/1522
f 984/1309/1518 985/1308/1523 1021/1401/1524 1020/1397/1519
f 968/1402/1525 967/1399/1521 1003/1400/1522 1004/1403/1526
f 985/1308/1523 986/1311/1527 1022/1404/1528 1021/1401/1524
f 969/1405/1529 968/1402/1525 1004/1403/1526 1005/1406/1530
f 986/1311/1527 987/1407/1531 1023/1408/1532 1022/1404/1528
f 970/1409/1533 969/1405/1529 1005/1406/1530 1006/1410/1534
f 987/1407/1531 988/1411/1535 1024/1412/1536 1023/1408/1532
f 971/1413/1537 970/1409/1533 1006/1410/1534 1007/1414/1538
f 988/1411/1535 989/1323/1539 1025/1415/1540 1024/1412/1536
f 972/1416/1541 971/1413/1537 1007/1414/1538 1008/1417/1542
f 989/1323/1539 990/1322/1543 1026/1418/1544 1025/1415/1540
f 973/1419/1545 972/1416/1541 1008/1417/1542 1009/1420/1546
f 990/1322/1543 991/1325/1547 1027/1421/1548 1026/1418/1544
f 974/1422/1549 973/1419/1545 1009/1420/1546 1010/1423/1550
f 991/1325/1547 992/1424/1551 1028/1425/1552 1027/1421/1548
f 975/1426/1553 974/1422/1549 1010/1423/1550 1011/1427/1554
f 992/1424/1551 993/1335/1555 1029/1428/1556 1028/1425/1552
f 976/1429/1557 975/1426/1553 1011/1427/1554 1012/1430/1558
f 993/1335/1555 994/1334/1559 1030/1431/1560 1029/1428/1556
f 977/1432/1561 976/1429/1557 1012/1430/1558 1013/1433/1562
f 994/1334/1559 995/1337/1563 1031/1434/1564 1030/1431/1560
f 978/1435/1565 977/1432/1561 1013/1433/1562 1014/1436/1566
f 995/1337/1563 996/1339/1567 1032/1437/1568 1031/1434/1564
f 979/1438/1569 978/1435/1565 1014/1436/1566 1015/1439/1570
f 996/1339/1567 997/1347/1571 1033/1440/1572 1032/1437/1568
f 980/1441/1573 979/1438/1569 1015/1439/1570 1016/1442/1574
f 997/1347/1571 998/1346/1575 1034/1443/1576 1033/1440/1572
f 981/1444/1577 980/1441/1573 1016/1442/1574 1017/1445/1578
f 998/1346/1575 999/1349/1579 1035/1446/1580 1034/1443/1576
f 982/1447/1581 981/1444/1577 1017/1445/1578 1018/1448/1582
f 999/1349/1579 1000/1351/1583 1036/1449/1584 1035/1446/1580
f 965/1393/1514 982/1447/1581 1018/1448/1582 1001/1394/1515
f 1000/1351/1583 983/1396/1517 1019/1398/1520 1036/1449/1584
f 1037/1450/1585 1019/1398/1586 1020/1397/1587 1038/1451/1588
f 1038/1451/1588 1020/1397/1587 1021/1401/1589 1039/1452/1590
f 1039/1452/1590 1021/1401/1589 1022/1404/1591 1040/1453/1592
f 1040/1453/1592 1022/1404/1591 1023/1408/1593 1041/1454/1594
f 1041/1454/1594 1023/1408/1593 1024/1412/1595 1042/1455/1596
f 1042/1455/1596 1024/1412/1595 1025/1415/1597 1043/1456/1598
f 1043/1456/1598 1025/1415/1597 1026/1418/1599 1044/1457/1600
f 1044/1457/1600 1026/1418/1599 1027/1421/1601 1045/1458/1602
f 1045/1458/1602 1027/1421/1601 1028/1425/1603 1046/1459/1604
f 1046/1459/1604 1028/1425/1603 1029/1428/1605 1047/1460/1606
f 1047/1460/1606 1029/1428/1605 1030/1431/1607 1048/1461/1608
f 1048/1461/1608 1030/1431/1607 1031/1434/1609 1049/1462/1610
f 1049/1462/1610 1031/1434/1609 1032/1437/1611 1050/1463/1612
f 1050/1463/1612 1032/1437/1611 1033/1440/1613 1051/1464/1614
f 1051/1464/1614 1033/1440/1613 1034/1443/1615 1052/1465/1616
f 1052/1465/1616 1034/1443/1615 1035/1446/1617 1053/1466/1618
f 1053/1466/1618 1035/1446/1617 1036/1449/1619 1054/1467/1620
f 1054/1467/1620 1036/1449/1619 1019/1398/1586 1037/1450/1585
f 965/1393/1621 966/1392/1621 1056/1468/1621 1055/1469/1621
f 966/1470/1622 984/1309/1622 1057/1304/1622 1056/1303/1622
f 984/1309/1518 983/1396/1517 1058/1305/1623 1057/1304/1624
f 983/1396/1517 1000/1351/1583 1059/1353/1625 1058/1305/1623
f 1000/1351/1626 982/1471/1626 1060/1352/1626 1059/1353/1626
f 982/1447/1627 965/1393/1627 1055/1469/1627 1060/1472/1627
f 986/1311/1628 968/1473/1628 1062/1312/1628 1061/1315/1628
f 968/1402/1629 969/1405/1629 1063/1474/1629 1062/1475/1629
f 969/1405/1630 970/1409/1630 1064/1476/1630 1063/1474/1630
f 970/1409/1631 971/1413/1631 1065/1477/1631 1064/1476/1631
f 971/1478/1632 989/1323/1632 1066/1319/1632 1065/1318/1632
f 989/1323/1539 988/1411/1535 1067/1317/1633 1066/1319/1634
f 988/1411/1535 987/1407/1531 1068/1314/1635 1067/1317/1633
f 987/1407/1531 986/1311/1527 1061/1315/1636 1068/1314/1635
f 991/1325/1622 973/1479/1622 1070/1326/1622 1069/1329/1622
f 973/1419/1637 974/1422/1637 1071/1480/1637 1070/1481/1637
f 974/1422/1638 975/1426/1638 1072/1482/1638 1071/1480/1638
f 975/1483/1626 993/1335/1626 1073/1331/1626 1072/1330/1626
f 993/1335/1555 992/1424/1551 1074/1328/1639 1073/1331/1640
f 992/1424/1551 991/1325/1547 1069/1329/1641 1074/1328/1639
f 996/1339/1642 978/1484/1642 1076/1340/1642 1075/1343/1642
f 978/1435/1643 979/1438/1643 1077/1485/1643 1076/1486/1643
f 979/1487/1644 997/1347/1644 1078/1342/1644 1077/1341/1644
f 997/1347/1571 996/1339/1567 1075/1343/1645 1078/1342/1645
o wing_low
v -46.432953 80.908646 42.846889
v -57.935249 90.753960 25.374348
v -52.295395 90.788338 25.009829
v -43.296326 83.085640 38.679840
v -40.696945 92.305138 25.079914
v -36.849495 89.011940 30.924377
v -43.935581 85.515785 47.826267
v -41.235958 87.624237 43.135712
v -52.682594 97.421913 25.747723
v -58.466389 97.953346 25.753260
v -36.023907 90.711380 32.297646
v -40.592625 94.621948 25.357540
v -69.478455 84.183929 51.910927
v -75.059052 89.009415 43.332512
v -70.923233 87.530655 32.251152
v -59.877274 77.748413 49.629093
v -58.260689 82.085052 55.202454
v -71.520111 95.513931 34.192642
v -53.788624 78.454109 48.116623
v -66.652451 89.464813 28.575788
v -68.412064 96.645332 29.151493
v -52.584175 84.295197 53.877373
v -51.600410 86.758316 34.247139
v -51.462082 91.535896 36.848118
v -53.582291 88.004669 30.133869
v -53.412964 95.246262 33.356163
v -57.811234 95.985901 32.432720
v -57.172714 88.648155 29.308432
v -64.995453 88.044861 31.089655
v -65.509186 95.340874 34.268967
v -67.767487 86.798584 33.549351
v -68.289490 94.042076 36.739784
v -69.577301 90.486465 43.242729
v -66.546173 82.990585 41.963020
v -68.362343 88.736389 46.397816
v -66.016876 87.386116 48.749886
v -59.170181 85.907005 51.190338
v -59.569206 79.430656 46.592941
v -54.989281 86.352310 50.220345
v -55.457474 79.864059 45.607658
v -49.461105 88.838737 45.116989
v -49.898575 82.421837 40.358189
v -48.978859 84.064430 37.126617
v -50.483093 89.745087 40.147369
v -72.284790 87.877205 48.495865
v -44.921974 86.911903 48.297806
v -41.869125 89.086433 43.737473
v -52.835274 98.472832 27.079376
v -58.727482 98.728630 27.326572
v -35.906197 92.060883 32.525978
v -40.133080 95.678856 26.105143
v -68.676361 85.805962 51.886665
v -73.947769 90.368225 43.776810
v -58.267677 83.841408 54.921715
v -72.467789 94.576172 33.023739
v -67.904724 97.404556 30.612297
v -52.067528 82.655304 53.979675
v -49.473763 93.331177 36.552368
v -54.207344 92.932915 34.489933
v -57.605156 93.898621 33.431168
v -64.306961 93.074646 35.206139
v -66.387833 91.901436 37.250954
v -67.399536 89.151184 42.167938
v -66.409500 87.762688 44.562004
v -64.672913 86.757126 46.425980
v -59.517952 85.681534 48.288788
v -56.047508 86.020363 47.726852
v -50.993675 88.239204 43.474720
v -48.353176 90.868141 40.852497
v -73.293533 86.396156 48.325394
v -46.295555 94.038200 34.858524
v -37.787952 94.232864 29.367579
v -37.735855 84.430664 26.381231
v -73.572998 82.981194 40.537384
v -39.669350 86.085625 23.444162
v -65.728157 80.746902 44.330147
v -38.137680 86.854752 27.549145
v -39.723366 88.212013 25.140411
v -46.605843 76.740654 27.997665
v -48.622337 78.466675 24.934521
v -63.451820 75.975960 37.583389
v -49.238701 80.181854 27.442291
v -64.727150 72.841103 38.824524
v -67.566879 75.271790 34.510845
v -48.076115 79.186745 29.208298
v -64.661285 77.011200 35.746155
v -52.486076 73.680946 30.295956
v -54.616386 75.504395 27.059925
v -59.005177 75.184044 34.084007
v -54.032230 77.484512 29.315401
v -58.757244 72.248276 34.102711
v -61.252769 74.384354 30.311903
v -53.048149 76.642189 30.810259
v -60.119972 76.138252 32.390591
v -49.347122 74.786247 28.761446
v -51.409061 76.551170 25.629276
v -61.675037 74.915169 35.767807
v -51.548729 78.403465 28.112179
v -62.403465 71.732552 36.429287
v -65.062042 74.008194 32.390789
v -50.499886 77.505714 29.705406
v -62.848270 75.919395 33.985615
v -40.874310 86.211555 34.386978
v -45.857571 96.539505 27.544107
v -39.357452 89.842804 37.338589
v -46.519711 91.043701 25.811340
v -46.434654 95.900490 26.587963
v -39.514275 91.109993 37.179878
v -42.249001 94.377548 32.385857
v -40.993633 93.829491 21.176052
v -33.417797 87.345001 32.684116
v -33.499474 90.862320 33.537941
v -40.186581 96.586105 23.379900
v -34.287586 93.225975 32.807858
v -39.034023 97.288658 25.597788
v -36.550545 95.967682 29.530502
v -36.159813 83.336792 26.875229
v -39.708466 86.374237 21.484652
v -34.391621 84.742050 30.283867
v -40.783375 90.213028 20.574488
v -39.497185 94.750916 18.434929
v -30.210447 86.801994 32.541927
v -30.396616 90.704285 33.242958
v -38.464874 97.610260 20.986885
v -31.596327 94.502319 32.149017
v -36.638775 98.818375 24.489294
v -33.971893 97.825111 28.879570
v -33.356014 82.529793 25.922852
v -37.918415 86.434952 18.992344
v -31.207483 84.016762 30.069530
v -39.321625 90.962006 17.743753
v -37.078735 95.201096 16.857544
v -27.612299 87.098366 31.237514
v -27.802071 91.076164 31.952108
v -36.026451 98.115768 19.458878
v -29.024994 94.947701 30.837002
v -34.165012 99.347260 23.029062
v -31.446529 98.334785 27.504288
v -30.818731 82.743500 24.490358
v -35.469414 86.724213 17.425743
v -28.633934 84.244408 28.704113
v -36.898846 91.318703 16.149315
v -50.071388 86.294182 32.980629
v -54.288166 88.147728 31.898539
v -57.468056 88.791176 30.631424
v -64.385849 88.209152 32.361267
v -66.533623 87.128372 34.512257
v -67.564545 84.367500 39.518017
v -64.793213 81.926453 43.842194
v -59.552895 80.822563 45.721794
v -56.037689 81.050171 45.068764
v -50.983109 83.240425 40.482109
v -50.602814 84.993217 37.496895
v -39.210804 90.158333 28.008358
v -47.628036 86.746719 31.627148
v -63.736565 77.024773 36.753441
v -39.265152 88.001640 26.828918
v -53.589211 77.719276 30.464701
v -59.651756 76.313736 33.663727
v -48.901062 80.124313 28.733635
v -61.984848 76.099564 35.078941
v -51.261585 78.507355 29.376469
v -43.696323 88.498207 30.025780
v -72.158821 80.915001 44.489914
v -66.578041 73.749924 36.778713
v -38.780052 84.637512 24.613976
v -53.442665 74.041229 28.295750
v -60.166458 72.686707 31.958828
v -47.198009 77.406952 26.081343
v -63.810211 72.249741 34.111320
v -50.156204 75.316238 26.850681
v -38.085274 83.697708 23.627041
v -35.795441 83.207626 21.843472
v -33.303864 83.446449 20.337824
v -69.181702 79.172485 47.311859
v -68.920364 83.533669 39.381187
v -65.346939 78.393532 38.584824
v -69.723221 77.732712 36.774746
v -66.475693 74.952988 41.707893
v -64.864563 77.336121 40.098240
v -66.689453 78.898132 37.326134
v -67.818024 81.945999 42.213272
v -69.013550 76.155823 39.737686
v -63.651016 82.708740 54.251541
v -64.168434 78.458405 48.477867
v -72.622375 85.349503 36.197441
v -74.602242 91.786751 38.146843
v -47.357193 83.912338 51.280823
v -49.759274 79.553986 45.756393
v -62.376801 90.353897 26.589722
v -63.471329 97.705162 26.802628
v -61.636166 95.990074 32.793419
v -62.115929 86.332306 50.505505
v -52.076065 81.007744 43.241577
v -67.537338 85.780327 36.902122
v -61.030396 88.680290 29.624680
v -62.395454 79.821465 46.133022
v -69.453728 92.319344 39.888542
v -51.656883 87.456314 47.937981
v -63.216728 84.436195 54.042328
v -73.492477 92.937897 38.963905
v -48.169453 85.425667 51.450691
v -63.370049 98.434433 28.364077
v -61.049416 93.850494 33.778927
v -61.614922 85.958115 47.880989
v -67.374596 90.606651 39.631706
v -53.008480 86.976097 45.978775
v -52.920387 81.929726 43.092407
v -68.983826 85.398125 36.568130
v -60.956120 88.815590 30.871145
v -61.691628 81.053459 45.282387
v -71.757187 80.238396 38.783768
v -68.013748 77.013756 44.511299
v -66.244583 79.125404 42.551933
v -68.434311 81.097351 39.115891
v -67.211128 80.278122 40.873947
v -71.036713 78.313759 42.285488
vn 0.0408 -0.8588 -0.5108
vn 0.1190 -0.8295 -0.5457
vn 0.1426 -0.8437 -0.5175
vn 0.0217 -0.8737 -0.4859
vn 0.2636 0.8751 0.4059
vn 0.2390 0.9048 0.3525
vn 0.1388 0.8985 0.4164
vn 0.0994 0.8896 0.4457
vn 0.6990 -0.6626 0.2689
vn 0.8225 -0.5447 0.1638
vn 0.8144 -0.5543 0.1718
vn 0.6924 -0.6676 0.2737
vn 0.8078 -0.5441 0.2266
vn 0.8108 -0.5417 0.2218
vn 0.0070 0.1414 -0.9899
vn 0.0132 0.1411 -0.9899
vn -0.1638 0.1477 -0.9754
vn 0.0614 0.1068 -0.9924
vn -0.1300 0.0469 -0.9904
vn -0.1390 0.0441 -0.9893
vn 0.0472 0.1024 -0.9936
vn -0.9448 -0.3270 -0.0190
vn -0.8258 -0.4996 0.2617
vn -0.8519 -0.4060 0.3309
vn -0.9683 -0.2457 -0.0441
vn -0.0442 -0.7990 0.5997
vn 0.0154 -0.8069 0.5904
vn -0.2848 -0.7294 0.6220
vn -0.2972 -0.7229 0.6238
vn -0.7938 -0.1150 -0.5973
vn -0.9276 -0.1602 -0.3375
vn -0.9219 -0.1574 -0.3540
vn -0.7641 -0.1073 -0.6361
vn 0.3372 -0.8050 0.4881
vn 0.3331 -0.8055 0.4901
vn -0.5404 -0.0568 -0.8395
vn -0.5367 -0.0561 -0.8419
vn 0.5386 -0.7541 0.3760
vn 0.5407 -0.7532 0.3746
vn -0.3278 -0.0098 -0.9447
vn -0.3303 -0.0104 -0.9438
vn 0.0405 0.8816 0.4703
vn 0.0408 0.8816 0.4702
vn 0.0516 0.8841 0.4645
vn 0.0510 0.8839 0.4649
vn -0.0419 -0.8814 -0.4706
vn -0.0424 -0.8815 -0.4703
vn -0.0385 -0.8817 -0.4702
vn -0.0398 -0.8818 -0.4699
vn -0.9976 -0.0164 0.0668
vn -0.9980 -0.0139 0.0621
vn -0.8672 -0.2213 0.4462
vn -0.5610 -0.3901 0.7301
vn -0.5565 -0.3918 0.7326
vn 0.8576 -0.2747 0.4348
vn 0.5978 -0.4086 0.6897
vn 0.6021 -0.4071 0.6868
vn 0.8581 -0.2743 0.4341
vn 0.9856 0.0554 -0.1597
vn 0.8698 0.2155 -0.4439
vn 0.9855 0.0556 -0.1602
vn 0.6365 0.3520 -0.6863
vn 0.6372 0.3517 -0.6858
vn 0.0186 0.4676 -0.8837
vn 0.0198 0.4676 -0.8837
vn -0.3819 0.4382 -0.8137
vn -0.3857 0.4375 -0.8123
vn -0.0395 -0.8809 -0.4716
vn -0.0412 -0.8825 -0.4685
vn -0.0408 -0.8824 -0.4687
vn -0.0404 -0.8813 -0.4708
vn 0.0199 0.8757 0.4825
vn 0.0201 0.8756 0.4827
vn 0.0262 0.8780 0.4779
vn 0.0273 0.8784 0.4772
vn -0.0264 -0.8803 -0.4737
vn -0.0255 -0.8802 -0.4738
vn 0.0006 -0.8859 -0.4638
vn 0.0039 -0.8870 -0.4617
vn 0.0237 0.8786 0.4769
vn 0.0243 0.8787 0.4767
vn 0.0397 0.8798 0.4737
vn -0.0286 -0.8779 -0.4779
vn -0.0209 -0.8707 -0.4913
vn -0.0208 -0.8713 -0.4904
vn -0.0277 -0.8777 -0.4785
vn 0.0259 0.8783 0.4775
vn 0.0184 0.8772 0.4798
vn 0.0184 0.8770 0.4801
vn 0.0271 0.8785 0.4769
vn 0.0406 0.8818 0.4699
vn 0.0404 0.8817 0.4700
vn 0.0495 0.8874 0.4583
vn 0.0500 0.8882 0.4568
vn -0.0404 -0.8882 -0.4576
vn 0.0909 0.8988 0.4289
vn 0.0537 0.8852 0.4621
vn -0.1501 -0.4797 0.8645
vn -0.1692 -0.4779 0.8620
vn 0.2636 -0.4778 0.8380
vn 0.2514 -0.4790 0.8410
vn 0.9835 -0.1131 0.1413
vn 0.9834 -0.1134 0.1417
vn 0.3548 0.4334 -0.8284
vn 0.3551 0.4333 -0.8283
vn -0.6997 0.3467 -0.6247
vn -0.7082 0.3429 -0.6171
vn -0.9361 0.1787 -0.3029
vn -0.9291 0.1873 -0.3189
vn -0.5915 -0.6325 0.5001
vn -0.5443 -0.6125 0.5732
vn 0.0363 0.8826 0.4688
vn 0.0362 0.8825 0.4688
vn 0.0460 0.8829 0.4672
vn 0.0460 0.8830 0.4672
vn 0.0258 0.8772 0.4794
vn 0.0254 0.8770 0.4798
vn 0.0172 -0.8754 -0.4831
vn 0.0177 -0.8782 -0.4780
vn 0.0143 -0.8613 -0.5079
vn -0.0002 -0.8756 -0.4830
vn -0.0119 -0.8706 -0.4918
vn -0.0087 -0.8720 -0.4894
vn -0.0282 0.7170 -0.6965
vn 0.1410 0.7471 -0.6496
vn 0.0896 0.7404 -0.6662
vn 0.8532 0.2112 0.4769
vn 0.8405 0.2134 0.4981
vn 0.6969 0.2253 0.6808
vn 0.7211 0.2245 0.6554
vn 0.8134 -0.0033 0.5818
vn 0.8599 0.0810 0.5040
vn 0.8763 0.1178 0.4672
vn -0.0336 0.8705 -0.4910
vn -0.0646 0.8772 -0.4758
vn 0.1403 0.8127 -0.5655
vn 0.1618 0.8031 -0.5735
vn -0.4527 0.2426 0.8580
vn -0.4423 0.2379 0.8647
vn -0.6634 0.3754 0.6473
vn -0.6633 0.3753 0.6474
vn 0.0079 0.1487 0.9889
vn -0.2382 0.1705 0.9561
vn -0.2416 0.1711 0.9552
vn 0.0118 0.1484 0.9889
vn -0.7726 0.5191 0.3655
vn -0.7645 0.6279 0.1458
vn -0.7656 0.6256 0.1500
vn -0.7709 0.5138 0.3765
vn 0.3244 0.1564 0.9329
vn 0.3051 0.1540 0.9398
vn -0.6703 0.7393 -0.0642
vn -0.6709 0.7389 -0.0633
vn -0.4869 0.8322 -0.2654
vn -0.4708 0.8375 -0.2774
vn 0.5328 0.1964 0.8231
vn 0.5541 0.2029 0.8073
vn -0.2668 0.8807 -0.3913
vn -0.2412 0.8838 -0.4009
vn 0.3376 0.5064 0.7934
vn 0.1668 0.4551 0.8747
vn 0.1724 0.4562 0.8730
vn 0.3331 0.5047 0.7964
vn 0.4861 0.5765 0.6567
vn 0.4954 0.5817 0.6451
vn 0.0322 0.9955 -0.0891
vn 0.2301 0.9687 -0.0928
vn 0.2214 0.9706 -0.0940
vn 0.0098 0.9962 -0.0867
vn -0.2154 0.9758 -0.0386
vn -0.2098 0.9769 -0.0405
vn -0.0077 0.4431 0.8964
vn -0.0362 0.4444 0.8951
vn -0.2711 0.4938 0.8262
vn -0.2420 0.4851 0.8403
vn -0.4583 0.6043 0.6518
vn -0.4578 0.6038 0.6526
vn 0.6026 0.7383 0.3031
vn 0.5905 0.6536 0.4733
vn 0.5877 0.6500 0.4819
vn 0.6029 0.7369 0.3057
vn 0.5324 0.8375 0.1232
vn 0.5327 0.8372 0.1236
vn 0.3849 0.9226 -0.0247
vn 0.3862 0.9221 -0.0238
vn -0.4892 0.8570 0.1621
vn -0.5030 0.8440 0.1862
vn -0.3808 0.9236 0.0433
vn -0.3761 0.9257 0.0400
vn -0.5404 0.7456 0.3900
vn -0.5398 0.7399 0.4014
vn 0.0439 0.8830 0.4673
vn 0.0458 0.8816 0.4697
vn 0.0061 -0.8604 -0.5095
vn -0.0527 -0.8778 -0.4762
vn -0.0564 -0.8852 -0.4617
vn 0.2091 0.9412 0.2654
vn 0.1987 0.9307 0.3072
vn 0.2581 0.9044 0.3397
vn 0.3898 -0.6686 -0.6333
vn 0.4331 -0.6329 -0.6417
vn 0.5505 -0.7238 -0.4161
vn 0.4972 -0.7620 -0.4149
vn 0.0985 0.1025 0.9898
vn -0.4118 0.6509 0.6378
vn -0.3813 0.6752 0.6315
vn 0.1588 0.0687 0.9849
vn 0.3724 -0.2385 0.8969
vn 0.3835 -0.2821 0.8794
vn -0.5872 0.5487 -0.5951
vn -0.5875 0.5831 -0.5611
vn -0.6313 0.7450 -0.2154
vn -0.6512 0.7442 -0.1489
vn -0.1200 0.6839 -0.7196
vn -0.0731 0.6038 -0.7938
vn 0.2582 0.7706 -0.5827
vn 0.1257 0.8364 -0.5335
vn -0.1356 -0.7214 -0.6791
vn 0.0067 -0.8693 -0.4943
vn -0.1001 -0.8936 -0.4376
vn -0.2288 -0.7468 -0.6244
vn 0.3969 0.2018 0.8954
vn -0.0060 0.8695 0.4939
vn 0.1144 0.8958 0.4295
vn 0.4590 0.2587 0.8499
vn 0.5173 0.0259 0.8554
vn 0.4745 -0.0488 0.8789
vn -0.4420 0.7357 -0.5133
vn -0.3710 0.7863 -0.4940
vn -0.2977 0.9064 -0.2996
vn -0.3874 0.8731 -0.2960
vn -0.4668 -0.7723 -0.4309
vn -0.3387 -0.8974 -0.2827
vn -0.6222 -0.7823 -0.0312
vn -0.7070 -0.6823 -0.1859
vn 0.6272 0.2518 0.7370
vn 0.3801 0.8901 0.2514
vn 0.6290 0.7770 0.0237
vn 0.8190 0.2429 0.5198
vn 0.7703 -0.0781 0.6328
vn 0.6394 0.0140 0.7688
vn 0.2790 0.1101 0.9540
vn -0.2051 0.7888 0.5795
vn 0.4036 -0.1466 0.9031
vn -0.2493 0.7747 -0.5811
vn -0.1308 0.9006 -0.4145
vn 0.0638 -0.6513 -0.7562
vn 0.2133 -0.7844 -0.5824
vn -0.5375 0.6588 -0.5264
vn -0.5298 0.8024 -0.2747
vn 0.2402 -0.5420 -0.8053
vn 0.0757 -0.8118 -0.5790
vn 0.1028 -0.8361 -0.5388
vn 0.1037 -0.8104 -0.5766
vn 0.3048 0.8593 0.4108
vn 0.7133 -0.6031 0.3570
vn -0.8673 -0.2623 0.4231
vn -0.7015 -0.4114 0.5819
vn -0.6266 -0.3802 0.6803
vn -0.7781 0.5046 0.3742
vn -0.5913 0.4709 0.6546
vn -0.4430 0.6243 0.6434
vn -0.6206 0.7166 0.3185
vn -0.4475 -0.1552 0.8807
vn -0.2716 -0.4289 0.8615
vn -0.1583 -0.0076 0.9874
vn -0.9891 -0.0700 0.1297
vn -0.9540 0.2784 0.1113
vn -0.8256 0.5636 -0.0263
vn -0.9668 0.1660 -0.1944
vn -0.4605 0.2327 0.8566
vn -0.2492 0.3987 0.8826
vn -0.6408 -0.6317 0.4363
vn -0.7371 -0.6669 0.1095
vn -0.5738 -0.8149 -0.0815
vn -0.4309 -0.8270 0.3612
vn -0.3737 -0.6834 0.6272
vn -0.9193 -0.3933 0.0132
vn -0.9661 -0.1849 0.1799
vn -0.9499 -0.1902 -0.2481
vn -0.8396 -0.4772 -0.2597
vn -0.1092 0.8335 0.5416
vn -0.3257 0.9341 0.1462
vn 0.2288 -0.4540 0.8611
vn 0.2606 0.0712 0.9628
vn -0.5622 0.7755 -0.2871
vn -0.7244 0.3619 -0.5868
vn 0.1214 0.5514 0.8253
vn -0.5429 -0.5605 -0.6254
vn -0.2834 -0.9032 -0.3224
vn -0.0413 -0.9898 0.1365
vn 0.1080 -0.8343 0.5406
vn -0.7055 -0.1380 -0.6952
vn 0.0686 0.8878 0.4551
vn -0.1847 0.9819 0.0428
vn 0.4435 -0.4320 0.7853
vn 0.4290 0.1161 0.8958
vn -0.4078 0.8323 -0.3754
vn -0.5496 0.4180 -0.7233
vn 0.2906 0.5750 0.7648
vn -0.1596 -0.9013 -0.4027
vn 0.1042 -0.9939 0.0358
vn 0.3079 -0.8448 0.4376
vn -0.5316 -0.1263 -0.8376
vn -0.3954 -0.5663 -0.7232
vn -0.2479 -0.5042 -0.8272
vn -0.4293 -0.5335 -0.7287
vn -0.4427 -0.5397 -0.7161
vn -0.2598 -0.5045 -0.8234
vn -0.4485 -0.8720 -0.1961
vn -0.4485 -0.8720 -0.1960
vn -0.2966 -0.9542 -0.0392
vn -0.2863 -0.9576 -0.0323
vn -0.5258 -0.7525 -0.3966
vn -0.5244 -0.7592 -0.3856
vn 0.4401 -0.7317 -0.5205
vn 0.4413 -0.7291 -0.5231
vn 0.3994 -0.8296 -0.3901
vn 0.3969 -0.8358 -0.3793
vn 0.4202 -0.6455 -0.6378
vn 0.4199 -0.6453 -0.6381
vn 0.3004 -0.5974 -0.7436
vn 0.3046 -0.5979 -0.7414
vn -0.0299 -0.5342 -0.8448
vn -0.0303 -0.5341 -0.8449
vn -0.0936 -0.9932 0.0698
vn 0.1052 -0.9909 0.0846
vn 0.0862 -0.9923 0.0889
vn -0.1085 -0.9921 0.0637
vn 0.2720 -0.9623 -0.0088
vn 0.2808 -0.9596 -0.0169
vn 0.3680 -0.9101 -0.1904
vn 0.3683 -0.9091 -0.1944
vn 0.1491 -0.5752 -0.8043
vn 0.1587 -0.5767 -0.8014
vn -0.5224 -0.6377 -0.5661
vn -0.5199 -0.6283 -0.5787
vn 0.6992 0.7131 -0.0522
vn 0.1296 -0.8580 -0.4971
vn 0.2842 -0.4959 -0.8206
vn 0.1365 -0.9543 -0.2657
vn 0.0375 -0.9748 -0.2198
vn -0.2389 -0.9673 -0.0848
vn -0.5063 -0.8541 0.1189
vn 0.3249 -0.8747 -0.3596
vn -0.6981 -0.7137 0.0578
vn -0.5620 -0.7943 0.2307
vn 0.8906 0.2276 0.3938
vn 0.8117 -0.1485 0.5650
vn -0.7937 -0.5961 -0.1215
vn -0.7504 -0.6482 0.1292
vn -0.5981 -0.7409 0.3056
vn 0.9711 0.1099 0.2120
vn 0.8112 0.5443 -0.2139
vn 0.8607 0.3780 -0.3410
vn 0.9854 -0.1080 0.1313
vn 0.7896 -0.3299 0.5175
vn 0.7610 -0.4429 0.4740
vn -0.1213 0.4245 -0.8973
vn 0.4063 0.6001 -0.6891
vn -0.8460 -0.5287 -0.0692
vn -0.1505 0.3003 -0.9419
vn 0.3436 0.4023 -0.8486
vt 0.394473 0.377904
vt 0.394544 0.397111
vt 0.371946 0.398499
vt 0.357835 0.381088
vt 0.374034 0.213696
vt 0.394593 0.212334
vt 0.394628 0.226985
vt 0.361427 0.231703
vt 0.342847 0.365838
vt 0.339046 0.397000
vt 0.322932 0.384092
vt 0.357864 0.410301
vt 0.417150 0.398333
vt 0.431315 0.410029
vt 0.414975 0.424164
vt 0.408484 0.419048
vt 0.431133 0.380824
vt 0.446015 0.365473
vt 0.466035 0.383579
vt 0.450026 0.396594
vt 0.498875 0.282844
vt 0.504007 0.265375
vt 0.529801 0.271020
vt 0.523318 0.293066
vt 0.303491 0.317995
vt 0.282528 0.335820
vt 0.273892 0.316183
vt 0.297991 0.301392
vt 0.484237 0.318413
vt 0.491683 0.301390
vt 0.515352 0.314670
vt 0.505339 0.336345
vt 0.295552 0.356011
vt 0.318009 0.338254
vt 0.470690 0.337707
vt 0.493192 0.355365
vt 0.309338 0.371495
vt 0.330608 0.352558
vt 0.458169 0.352112
vt 0.479526 0.370902
vt 0.440645 0.260203
vt 0.424860 0.263216
vt 0.420058 0.252910
vt 0.436393 0.246548
vt 0.342556 0.341820
vt 0.356975 0.352687
vt 0.375689 0.352507
vt 0.381884 0.330777
vt 0.394316 0.333122
vt 0.394399 0.355738
vt 0.413086 0.352373
vt 0.406731 0.330683
vt 0.464251 0.309674
vt 0.455604 0.323011
vt 0.436326 0.307799
vt 0.442668 0.298076
vt 0.450568 0.277031
vt 0.453444 0.265905
vt 0.474665 0.270490
vt 0.473092 0.283294
vt 0.313475 0.270946
vt 0.334796 0.266190
vt 0.337561 0.276564
vt 0.314992 0.282902
vt 0.323207 0.308487
vt 0.345230 0.297273
vt 0.352182 0.308160
vt 0.332936 0.323374
vt 0.431794 0.352419
vt 0.446105 0.341476
vt 0.435832 0.291043
vt 0.423280 0.287003
vt 0.426395 0.275586
vt 0.440916 0.275609
vt 0.460427 0.327556
vt 0.470665 0.312881
vt 0.363686 0.303684
vt 0.372579 0.294778
vt 0.383945 0.301745
vt 0.378789 0.314052
vt 0.316721 0.312091
vt 0.328112 0.327970
vt 0.362767 0.275702
vt 0.366195 0.288165
vt 0.353712 0.292099
vt 0.348322 0.275759
vt 0.364331 0.263397
vt 0.348571 0.260414
vt 0.352787 0.246769
vt 0.369121 0.253116
vt 0.372189 0.360877
vt 0.427747 0.231520
vt 0.410444 0.243238
vt 0.417722 0.324675
vt 0.429162 0.346679
vt 0.427430 0.317278
vt 0.442968 0.336594
vt 0.447009 0.287921
vt 0.469863 0.296652
vt 0.319237 0.298664
vt 0.341887 0.289453
vt 0.361123 0.317550
vt 0.345672 0.336909
vt 0.359577 0.346928
vt 0.370853 0.324855
vt 0.289446 0.282336
vt 0.265336 0.292868
vt 0.258819 0.271894
vt 0.284343 0.265887
vt 0.405855 0.301600
vt 0.410940 0.313848
vt 0.394559 0.317423
vt 0.394558 0.303662
vt 0.415712 0.295517
vt 0.424736 0.304583
vt 0.476602 0.298212
vt 0.479789 0.284292
vt 0.308334 0.283968
vt 0.311947 0.300199
vt 0.412035 0.194636
vt 0.419122 0.212685
vt 0.415126 0.213611
vt 0.407973 0.195933
vt 0.357683 0.228253
vt 0.348529 0.243360
vt 0.377079 0.194676
vt 0.381153 0.195966
vt 0.370025 0.212779
vt 0.440642 0.243130
vt 0.431474 0.228071
vt 0.376961 0.319443
vt 0.394568 0.322979
vt 0.360014 0.308031
vt 0.348823 0.294669
vt 0.428351 0.308903
vt 0.412777 0.319224
vt 0.343027 0.275912
vt 0.440774 0.293681
vt 0.446253 0.275745
vt 0.343581 0.258589
vt 0.445642 0.258354
vt 0.418445 0.275074
vt 0.417978 0.264680
vt 0.415451 0.283543
vt 0.374054 0.284708
vt 0.378135 0.289122
vt 0.370681 0.275224
vt 0.413908 0.255712
vt 0.405455 0.249387
vt 0.394700 0.246385
vt 0.394684 0.238282
vt 0.402878 0.293939
vt 0.410140 0.289831
vt 0.394551 0.295288
vt 0.386792 0.294122
vt 0.375317 0.255920
vt 0.371212 0.264879
vt 0.379858 0.243144
vt 0.383869 0.249483
vt 0.416636 0.360716
vt 0.394428 0.365422
vt 0.394568 0.195393
vt 0.866513 0.419424
vt 0.908529 0.419476
vt 0.910090 0.427388
vt 0.865415 0.426997
vt 0.914329 0.437138
vt 0.914175 0.443990
vt 0.865045 0.443849
vt 0.865260 0.438593
vt 0.910109 0.411568
vt 0.865434 0.411849
vt 0.865308 0.400252
vt 0.914373 0.401828
vt 0.785577 0.408545
vt 0.769677 0.404971
vt 0.775866 0.391517
vt 0.789946 0.394494
vt 0.840747 0.411276
vt 0.841035 0.419392
vt 0.813064 0.419358
vt 0.813270 0.409846
vt 0.841861 0.438964
vt 0.841987 0.444000
vt 0.813753 0.445687
vt 0.814234 0.440161
vt 0.813249 0.428868
vt 0.840726 0.427508
vt 0.814285 0.398553
vt 0.841911 0.399822
vt 0.797900 0.410141
vt 0.798704 0.419345
vt 0.784222 0.419343
vt 0.801160 0.440644
vt 0.802257 0.446448
vt 0.791580 0.449864
vt 0.789920 0.444131
vt 0.785602 0.430127
vt 0.797892 0.428542
vt 0.853408 0.438126
vt 0.853023 0.443332
vt 0.853410 0.426573
vt 0.801203 0.398032
vt 0.853428 0.412243
vt 0.853973 0.419409
vt 0.853455 0.400690
vt 0.394617 0.416790
vt 0.380766 0.419151
vt 0.374312 0.424317
vt 0.394801 0.274731
vt 0.394801 0.276878
vt 0.392786 0.277125
vt 0.391079 0.272587
vt 0.399207 0.267159
vt 0.394801 0.265265
vt 0.394801 0.262753
vt 0.400726 0.264936
vt 0.390316 0.269143
vt 0.385630 0.272481
vt 0.386702 0.267712
vt 0.398523 0.272587
vt 0.399287 0.269143
vt 0.402901 0.267712
vt 0.403973 0.272481
vt 0.390396 0.267159
vt 0.388877 0.264936
vt 0.392271 0.279418
vt 0.394801 0.279940
vt 0.394801 0.281696
vt 0.390295 0.280434
vt 0.387056 0.276918
vt 0.397332 0.279418
vt 0.396816 0.277125
vt 0.402546 0.276918
vt 0.399308 0.280434
vt 0.394801 0.257590
vt 0.403124 0.260856
vt 0.380897 0.272821
vt 0.382169 0.266508
vt 0.407434 0.266508
vt 0.408705 0.272822
vt 0.386479 0.260856
vt 0.401696 0.283649
vt 0.394801 0.285587
vt 0.387906 0.283649
vt 0.382764 0.278485
vt 0.406839 0.278485
vt 0.394802 0.250717
vt 0.406861 0.256073
vt 0.375610 0.273198
vt 0.376860 0.264219
vt 0.412742 0.264220
vt 0.413992 0.273199
vt 0.382742 0.256073
vt 0.394801 0.290504
vt 0.385373 0.288171
vt 0.378256 0.281164
vt 0.411346 0.281164
vt 0.404230 0.288171
vt 0.481564 0.270181
vt 0.306547 0.270734
vt 0.780202 0.384029
vt 0.791651 0.388753
vt 0.865106 0.394997
vt 0.914236 0.394976
vt 0.813819 0.393025
vt 0.842050 0.394787
vt 0.802323 0.392226
vt 0.853084 0.395484
vt 0.766344 0.419404
vt 0.769863 0.433693
vt 0.780117 0.454472
vt 0.775947 0.446969
vt 0.749699 0.419579
vt 0.753287 0.436873
vt 0.736429 0.439559
vt 0.733855 0.419796
vt 0.760306 0.451998
vt 0.765899 0.461309
vt 0.758618 0.467163
vt 0.749701 0.456864
vt 0.752920 0.401724
vt 0.760176 0.386176
vt 0.766149 0.376815
vt 0.735997 0.398969
vt 0.749187 0.381670
vt 0.759022 0.370784
s 1
usemtl 03_-_Default
f 1233/1488/1646 1241/1489/1647 1181/1490/1648 1082/1491/1649
f 1186/1492/1650 1187/1493/1651 1149/1494/1652 1125/1495/1653
f 1079/1496/1654 1082/1491/1655 1086/1497/1656 1085/1498/1657
f 1082/1491/1655 1181/1490/1658 1183/1499/1659 1086/1497/1656
f 1184/1500/1660 1185/1501/1661 1090/1502/1662 1083/1503/1662
f 1081/1504/1663 1080/1505/1664 1088/1506/1665 1087/1507/1666
f 1152/1508/1667 1242/1509/1668 1148/1510/1669 1092/1511/1670
f 1094/1512/1671 1095/1513/1672 1262/1514/1673 1263/1515/1674
f 1093/1516/1675 1264/1517/1676 1265/1518/1677 1133/1519/1678
f 1135/1520/1679 1095/1513/1672 1094/1512/1671 1097/1521/1680
f 1098/1522/1681 1093/1516/1675 1133/1519/1678 1099/1523/1682
f 1085/1498/1657 1266/1524/1683 1267/1525/1684 1079/1496/1654
f 1268/1526/1685 1269/1527/1686 1088/1506/1665 1080/1505/1664
f 1281/1528/1687 1270/1529/1688 1105/1530/1689 1127/1531/1690
f 1267/1525/1691 1272/1532/1692 1120/1533/1693 1079/1496/1694
f 1231/1534/1695 1122/1535/1696 1102/1536/1697 1101/1537/1697
f 1222/1538/1698 1101/1537/1697 1102/1536/1697 1137/1539/1699
f 1225/1540/1700 1224/1541/1701 1139/1542/1702 1140/1543/1703
f 1141/1544/1704 1142/1545/1705 1112/1546/1705 1226/1547/1706
f 1112/1548/1705 1142/1549/1705 1143/1550/1707 1227/1551/1708
f 1228/1552/1709 1144/1553/1710 1145/1554/1711 1229/1555/1712
f 1106/1556/1713 1274/1557/1714 1268/1526/1715 1080/1505/1716
f 1096/1558/1717 1110/1559/1718 1108/1560/1719 1134/1561/1720
f 1098/1522/1721 1107/1562/1722 1109/1563/1723 1093/1516/1724
f 1278/1564/1725 1271/1565/1726 1114/1566/1727 1130/1567/1727
f 1097/1521/1728 1094/1512/1729 1116/1568/1730 1118/1569/1731
f 1117/1570/1732 1115/1571/1733 1132/1572/1734 1100/1573/1735
f 1277/1574/1736 1280/1575/1737 1124/1576/1738 1119/1577/1739
f 1120/1533/1693 1121/1578/1740 1082/1491/1649 1079/1496/1694
f 1126/1579/1741 1127/1531/1690 1105/1530/1689 1104/1580/1742
f 1137/1539/1699 1138/1581/1743 1223/1582/1744 1222/1538/1698
f 1138/1581/1743 1282/1583/1745 1288/1584/1746 1223/1582/1744
f 1284/1585/1747 1273/1586/1748 1225/1540/1700 1140/1543/1703
f 1289/1587/1749 1283/1588/1750 1144/1553/1710 1228/1552/1709
f 1229/1555/1712 1145/1554/1711 1285/1589/1751 1286/1590/1752
f 1230/1591/1753 1146/1592/1754 1122/1535/1696 1231/1534/1695
f 1253/1593/1755 1091/1594/1756 1148/1595/1669 1242/1596/1668
f 1111/1597/1757 1131/1598/1758 1123/1599/1759 1113/1600/1760
f 1114/1566/1727 1113/1600/1760 1123/1599/1759 1130/1567/1727
f 1111/1597/1757 1276/1601/1761 1279/1602/1762 1131/1598/1758
f 1264/1517/1763 1287/1603/1764 1254/1604/1765 1152/1508/1765
f 1154/1605/1766 1275/1606/1767 1263/1515/1768 1253/1593/1766
f 1090/1607/1769 1185/1608/1770 1182/1609/1771 1129/1610/1769
f 1086/1611/1772 1125/1495/1773 1124/1576/1774 1085/1612/1775
f 1089/1613/1776 1128/1614/1776 1186/1492/1777 1183/1615/1778
f 1088/1616/1779 1127/1531/1780 1126/1579/1781 1087/1617/1782
f 1091/1618/1783 1130/1567/1784 1123/1599/1785 1148/1619/1786
f 1132/1572/1787 1278/1564/1788 1262/1620/1789 1095/1621/1790
f 1131/1598/1791 1279/1602/1792 1265/1622/1793 1092/1623/1794
f 1135/1624/1795 1100/1573/1796 1132/1572/1787 1095/1621/1790
f 1133/1625/1797 1096/1558/1798 1134/1561/1799 1099/1626/1800
f 1124/1576/1774 1280/1575/1801 1266/1627/1802 1085/1612/1775
f 1099/1626/1800 1134/1561/1799 1281/1528/1803 1269/1628/1804
f 1139/1629/1805 1282/1630/1806 1270/1529/1807 1108/1560/1808
f 1110/1559/1809 1140/1631/1810 1139/1629/1805 1108/1560/1808
f 1144/1632/1811 1283/1633/1812 1271/1565/1813 1115/1571/1814
f 1117/1570/1815 1145/1634/1816 1144/1632/1811 1115/1571/1814
f 1105/1530/1817 1138/1635/1818 1137/1636/1819 1104/1580/1820
f 1102/1637/1821 1136/1638/1822 1104/1580/1820 1137/1636/1819
f 1141/1639/1823 1284/1640/1824 1276/1601/1825 1111/1597/1826
f 1113/1600/1827 1142/1641/1828 1141/1639/1823 1111/1597/1826
f 1114/1566/1829 1143/1642/1830 1142/1641/1828 1113/1600/1827
f 1119/1577/1831 1146/1643/1832 1285/1644/1833 1277/1574/1834
f 1147/1645/1835 1122/1646/1836 1146/1643/1832 1119/1577/1831
f 1136/1638/1822 1102/1637/1821 1122/1646/1836 1147/1645/1835
f 1148/1619/1786 1123/1599/1785 1131/1598/1791 1092/1623/1794
f 1147/1645/1837 1125/1495/1653 1149/1494/1652 1136/1638/1838
f 1119/1577/1739 1124/1576/1738 1125/1495/1653 1147/1645/1837
f 1106/1556/1713 1080/1505/1716 1081/1504/1839 1103/1647/1840
f 1221/1648/1841 1233/1488/1646 1082/1491/1649 1121/1578/1740
f 1129/1610/1842 1182/1609/1843 1187/1493/1651 1150/1649/1844
f 1149/1494/1652 1126/1579/1741 1104/1580/1742 1136/1638/1838
f 1247/1650/1845 1244/1651/1846 1151/1652/1847 1157/1653/1848
f 1155/1654/1849 1235/1655/1850 1238/1656/1851 1163/1657/1852
f 1157/1653/1853 1151/1652/1854 1155/1654/1849 1163/1657/1852
f 1153/1658/1855 1158/1659/1856 1160/1660/1857 1156/1661/1858
f 1162/1662/1859 1256/1663/1860 1259/1664/1861 1164/1665/1862
f 1166/1666/1863 1245/1667/1864 1246/1668/1865 1170/1669/1866
f 1171/1670/1867 1236/1671/1868 1237/1672/1869 1167/1673/1870
f 1169/1674/1871 1165/1675/1872 1171/1670/1867 1167/1673/1870
f 1166/1666/1873 1170/1669/1874 1172/1676/1875 1168/1677/1876
f 1178/1678/1877 1248/1679/1878 1243/1680/1879 1162/1662/1880
f 1175/1681/1881 1239/1682/1882 1234/1683/1883 1159/1684/1884
f 1161/1685/1885 1177/1686/1886 1175/1681/1881 1159/1684/1884
f 1171/1670/1867 1179/1687/1887 1240/1688/1888 1236/1671/1868
f 1165/1675/1872 1173/1689/1889 1179/1687/1887 1171/1670/1867
f 1170/1669/1874 1178/1678/1890 1180/1690/1891 1172/1676/1875
f 1174/1691/1892 1249/1692/1893 1245/1667/1864 1166/1666/1863
f 1158/1659/1856 1174/1691/1894 1176/1693/1895 1160/1660/1857
f 1170/1669/1866 1246/1668/1865 1248/1679/1878 1178/1678/1877
f 1167/1673/1870 1237/1672/1869 1239/1682/1882 1175/1681/1881
f 1177/1686/1886 1169/1674/1871 1167/1673/1870 1175/1681/1881
f 1179/1687/1887 1163/1657/1852 1238/1656/1851 1240/1688/1888
f 1173/1689/1889 1157/1653/1853 1163/1657/1852 1179/1687/1887
f 1178/1678/1890 1162/1662/1859 1164/1665/1862 1180/1690/1891
f 1158/1659/1896 1247/1650/1845 1249/1692/1893 1174/1691/1892
f 1174/1691/1894 1166/1666/1873 1168/1677/1876 1176/1693/1895
f 1083/1503/1897 1232/1694/1898 1241/1489/1647 1184/1500/1899
f 1128/1614/1900 1150/1649/1844 1187/1493/1651 1186/1492/1650
f 1181/1490/1658 1084/1695/1901 1089/1696/1901 1183/1499/1659
f 1081/1504/1663 1087/1507/1666 1185/1501/1661 1184/1500/1660
f 1185/1608/1770 1087/1617/1782 1126/1579/1781 1182/1609/1771
f 1125/1495/1773 1086/1611/1772 1183/1615/1778 1186/1492/1777
f 1182/1609/1843 1126/1579/1741 1149/1494/1652 1187/1493/1651
f 1232/1697/1902 1235/1698/1902 1155/1699/1903 1084/1700/1904
f 1129/1701/1905 1150/1702/1906 1194/1703/1907 1193/1704/1908
f 1089/1705/1909 1084/1700/1904 1189/1706/1910 1190/1707/1911
f 1083/1708/1912 1090/1709/1913 1191/1710/1914 1188/1711/1915
f 1128/1712/1916 1089/1705/1909 1190/1707/1911 1192/1713/1917
f 1090/1709/1913 1129/1701/1905 1193/1704/1908 1191/1710/1914
f 1150/1702/1906 1128/1712/1916 1192/1713/1917 1194/1703/1907
f 1151/1714/1918 1244/1715/1919 1250/1716/1920 1195/1717/1921
f 1155/1699/1903 1151/1714/1918 1195/1717/1921 1197/1718/1922
f 1153/1719/1923 1156/1720/1924 1198/1721/1925 1196/1722/1926
f 1156/1720/1924 1083/1708/1912 1188/1711/1915 1198/1721/1925
f 1084/1700/1904 1155/1699/1903 1197/1718/1922 1189/1706/1910
f 1194/1703/1907 1205/1723/1927 1204/1724/1928 1193/1704/1908
f 1189/1706/1910 1200/1725/1929 1201/1726/1930 1190/1707/1911
f 1191/1710/1914 1202/1727/1931 1199/1728/1932 1188/1711/1915
f 1190/1707/1911 1201/1726/1930 1203/1729/1933 1192/1713/1917
f 1193/1704/1908 1204/1724/1928 1202/1727/1931 1191/1710/1914
f 1192/1713/1917 1203/1729/1933 1205/1723/1927 1194/1703/1907
f 1196/1722/1926 1207/1730/1934 1251/1731/1935 1250/1716/1920
f 1195/1717/1921 1206/1732/1936 1208/1733/1937 1197/1718/1922
f 1198/1721/1925 1209/1734/1938 1207/1730/1934 1196/1722/1926
f 1188/1711/1915 1199/1728/1932 1209/1734/1938 1198/1721/1925
f 1197/1718/1922 1208/1733/1937 1200/1725/1929 1189/1706/1910
f 1204/1724/1928 1205/1723/1927 1216/1735/1939 1215/1736/1940
f 1201/1726/1930 1200/1725/1929 1211/1737/1941 1212/1738/1942
f 1199/1728/1932 1202/1727/1931 1213/1739/1943 1210/1740/1944
f 1203/1729/1933 1201/1726/1930 1212/1738/1942 1214/1741/1945
f 1202/1727/1931 1204/1724/1928 1215/1736/1940 1213/1739/1943
f 1205/1723/1927 1203/1729/1933 1214/1741/1945 1216/1735/1939
f 1206/1732/1936 1251/1731/1935 1252/1742/1946 1217/1743/1947
f 1208/1733/1937 1206/1732/1936 1217/1743/1947 1219/1744/1948
f 1207/1730/1934 1209/1734/1938 1220/1745/1949 1218/1746/1950
f 1209/1734/1938 1199/1728/1932 1210/1740/1944 1220/1745/1949
f 1200/1725/1929 1208/1733/1937 1219/1744/1948 1211/1737/1941
f 1229/1555/1951 1286/1590/1952 1272/1532/1953 1118/1569/1954
f 1221/1648/1955 1101/1537/1956 1222/1538/1957 1103/1647/1958
f 1101/1537/1956 1221/1648/1955 1121/1578/1959 1231/1534/1960
f 1226/1547/1961 1254/1604/1962 1287/1603/1963 1273/1586/1964
f 1112/1546/1965 1260/1747/1966 1254/1604/1962 1226/1547/1961
f 1227/1551/1967 1154/1605/1968 1260/1748/1966 1112/1548/1965
f 1229/1555/1951 1118/1569/1954 1116/1568/1969 1228/1552/1970
f 1223/1582/1971 1288/1584/1972 1274/1557/1973 1106/1556/1974
f 1107/1562/1975 1224/1541/1976 1225/1540/1977 1109/1563/1978
f 1227/1551/1967 1289/1587/1979 1275/1606/1980 1154/1605/1968
f 1120/1533/1981 1230/1591/1982 1231/1534/1960 1121/1578/1959
f 1103/1647/1958 1222/1538/1957 1223/1582/1971 1106/1556/1974
f 1233/1488/1646 1081/1504/1839 1184/1500/1899 1241/1489/1647
f 1164/1665/1862 1259/1664/1861 1255/1749/1983 1234/1750/1883
f 1156/1661/1858 1160/1660/1857 1238/1751/1851 1235/1752/1850
f 1168/1677/1876 1172/1676/1875 1237/1753/1869 1236/1754/1868
f 1180/1690/1891 1164/1665/1862 1234/1750/1883 1239/1755/1882
f 1240/1756/1888 1176/1693/1895 1168/1677/1876 1236/1754/1868
f 1172/1676/1875 1180/1690/1891 1239/1755/1882 1237/1753/1869
f 1238/1751/1851 1160/1660/1857 1176/1693/1895 1240/1756/1888
f 1084/1695/1984 1181/1490/1648 1241/1489/1647 1232/1694/1898
f 1232/1697/1902 1083/1708/1912 1156/1720/1924 1235/1698/1902
f 1221/1648/1841 1103/1647/1840 1081/1504/1839 1233/1488/1646
f 1158/1659/1896 1153/1658/1985 1244/1651/1846 1247/1650/1845
f 1165/1675/1986 1169/1674/1987 1246/1668/1865 1245/1667/1864
f 1177/1686/1988 1161/1685/1989 1243/1680/1879 1248/1679/1878
f 1173/1689/1990 1165/1675/1986 1245/1667/1864 1249/1692/1893
f 1169/1674/1987 1177/1686/1988 1248/1679/1878 1246/1668/1865
f 1157/1653/1848 1173/1689/1990 1249/1692/1893 1247/1650/1845
f 1153/1719/1923 1196/1722/1926 1250/1716/1920 1244/1715/1919
f 1251/1731/1935 1206/1732/1936 1195/1717/1921 1250/1716/1920
f 1207/1730/1934 1218/1746/1950 1252/1742/1946 1251/1731/1935
f 1261/1757/1991 1243/1680/1879 1161/1685/1989 1257/1758/1992
f 1159/1684/1884 1234/1683/1883 1255/1759/1983 1258/1760/1993
f 1161/1685/1885 1159/1684/1884 1258/1760/1993 1257/1758/1994
f 1162/1662/1880 1243/1680/1879 1261/1757/1991 1256/1663/1995
f 1295/1761/1996 1291/1762/1997 1253/1763/1755 1242/1764/1668
f 1292/1765/1998 1294/1766/1999 1260/1767/2000 1154/1768/2001
f 1291/1762/2002 1292/1765/1998 1154/1768/2001 1253/1763/2003
f 1256/1663/1860 1290/1769/2004 1293/1770/2005 1259/1664/1861
f 1259/1664/1861 1293/1770/2005 1294/1771/1999 1255/1749/1983
f 1152/1772/1667 1290/1769/2006 1295/1761/1996 1242/1764/1668
f 1091/1594/1756 1253/1593/1755 1263/1515/1674 1262/1514/1673
f 1264/1517/1676 1152/1508/1667 1092/1511/1670 1265/1518/1677
f 1266/1524/1683 1135/1520/1679 1097/1521/1680 1267/1525/1684
f 1098/1522/1681 1099/1523/1682 1269/1527/1686 1268/1526/1685
f 1281/1528/1687 1134/1561/1720 1108/1560/1719 1270/1529/1688
f 1267/1525/1691 1097/1521/1728 1118/1569/1731 1272/1532/1692
f 1107/1562/1722 1098/1522/1721 1268/1526/1715 1274/1557/1714
f 1278/1564/1725 1132/1572/1734 1115/1571/1733 1271/1565/1726
f 1117/1570/1732 1100/1573/1735 1280/1575/1737 1277/1574/1736
f 1282/1583/1745 1139/1542/1702 1224/1541/1701 1288/1584/1746
f 1141/1544/1704 1226/1547/1706 1273/1586/1748 1284/1585/1747
f 1227/1551/1708 1143/1550/1707 1283/1588/1750 1289/1587/1749
f 1146/1592/1754 1230/1591/1753 1286/1590/1752 1285/1589/1751
f 1110/1559/1718 1096/1558/1717 1279/1602/1762 1276/1601/1761
f 1264/1517/1763 1093/1516/1724 1109/1563/1723 1287/1603/1764
f 1116/1568/1730 1094/1512/1729 1263/1515/1768 1275/1606/1767
f 1130/1567/1784 1091/1618/1783 1262/1620/1789 1278/1564/1788
f 1096/1558/1798 1133/1625/1797 1265/1622/1793 1279/1602/1792
f 1280/1575/1801 1100/1573/1796 1135/1624/1795 1266/1627/1802
f 1127/1531/1780 1088/1616/1779 1269/1628/1804 1281/1528/1803
f 1282/1630/1806 1138/1635/1818 1105/1530/1817 1270/1529/1807
f 1143/1642/1830 1114/1566/1829 1271/1565/1813 1283/1633/1812
f 1140/1631/1810 1110/1559/1809 1276/1601/1825 1284/1640/1824
f 1145/1634/1816 1117/1570/1815 1277/1574/1834 1285/1644/1833
f 1230/1591/1982 1120/1533/1981 1272/1532/1953 1286/1590/1952
f 1287/1603/1963 1109/1563/1978 1225/1540/1977 1273/1586/1964
f 1224/1541/1976 1107/1562/1975 1274/1557/1973 1288/1584/1972
f 1228/1552/1970 1116/1568/1969 1275/1606/1980 1289/1587/1979
f 1261/1757/1991 1257/1758/1992 1291/1762/1997 1295/1761/1996
f 1258/1760/1993 1255/1759/1983 1294/1766/1999 1292/1765/1998
f 1257/1758/1994 1258/1760/1993 1292/1765/1998 1291/1762/2002
f 1290/1769/2004 1152/1772/2007 1254/1773/2008 1293/1770/2005
f 1293/1770/2005 1254/1773/2008 1260/1774/2000 1294/1771/1999
f 1290/1769/2006 1256/1663/1995 1261/1757/1991 1295/1761/1996
o thigh_low
v -16.673630 49.828415 3.070462
v -17.286034 48.345783 2.827744
v -18.620182 47.531918 2.392070
v -20.166471 47.697685 1.929854
v -21.334274 48.779766 1.617645
v -21.677528 50.364845 1.574700
v -21.065123 51.847473 1.817417
v -19.730976 52.661335 2.253092
v -18.184687 52.495567 2.715307
v -17.016882 51.413490 3.027516
v -13.711768 50.205009 -6.703034
v -14.324173 48.722382 -6.945753
v -15.658320 47.908516 -7.381428
v -17.204611 48.074287 -7.843643
v -18.372414 49.156364 -8.155853
v -18.715668 50.741440 -8.198797
v -18.103262 52.224068 -7.956081
v -16.769115 53.037933 -7.520407
v -15.222825 52.872166 -7.058190
v -14.055022 51.790085 -6.745981
v -14.217136 50.140751 -5.035432
v -16.168261 49.892670 1.402859
v -16.780668 48.410042 1.160141
v -14.829541 48.658123 -5.278150
v -18.114815 47.596176 0.724468
v -16.163689 47.844257 -5.713823
v -19.661102 47.761948 0.262251
v -17.709978 48.010029 -6.176039
v -20.828907 48.844025 -0.049958
v -18.877781 49.092106 -6.488248
v -21.172161 50.429100 -0.092903
v -19.221037 50.677185 -6.531195
v -20.559755 51.911728 0.149814
v -18.608629 52.159813 -6.288477
v -19.225609 52.725594 0.585488
v -17.274483 52.973675 -5.852802
v -17.679317 52.559826 1.047704
v -15.728193 52.807911 -5.390587
v -16.511517 51.477745 1.359913
v -14.560390 51.725826 -5.078379
v -16.552315 56.394058 -7.325392
v -18.258686 57.496273 -8.057632
v -18.872986 57.363819 -5.929961
v -17.057686 56.329807 -5.657794
v -15.357538 56.147549 -5.149587
v -13.536459 56.775677 -4.342131
v -12.863115 56.898083 -6.437682
v -14.852164 56.211792 -6.817190
v -21.329493 57.051468 2.175928
v -19.514162 56.017445 2.448078
v -17.814009 55.835205 2.956307
v -15.992962 56.463333 3.763772
v -15.319626 56.585747 1.668223
v -17.308647 55.899479 1.288722
v -19.008793 56.081726 0.780499
v -20.715187 57.183929 0.048258
v -18.851837 58.645851 -8.368343
v -19.597170 58.551075 -5.908903
v -12.714311 57.813213 -3.851481
v -11.968975 57.907986 -6.310927
v -22.053692 58.238728 2.196974
v -15.170826 57.500885 4.254416
v -14.425498 57.595654 1.794971
v -21.308353 58.333508 -0.262465
v -18.132313 62.558922 -7.927794
v -18.882389 62.440189 -5.608649
v -12.814837 61.895054 -3.807975
v -12.201857 62.066853 -6.125709
v -21.338928 62.127842 2.497225
v -15.271376 61.582726 4.297918
v -14.658404 61.754528 1.980186
v -20.588850 62.246586 0.178087
v -18.980238 60.685886 -8.298387
v -19.714249 60.589935 -5.895393
v -12.240348 59.792801 -3.663062
v -11.521937 59.892063 -6.066103
v -22.170780 60.277592 2.210484
v -14.696877 59.480480 4.442836
v -13.978470 59.579742 2.039794
v -21.436766 60.373550 -0.192505
v -16.352533 63.788071 -7.105652
v -16.927610 63.714954 -5.208039
v -14.269647 63.430012 -4.413521
v -13.694578 63.503132 -6.311138
v -19.384155 63.402607 2.897842
v -16.726198 63.117672 3.692367
v -16.151129 63.190800 1.794756
v -18.809082 63.475735 1.000234
vn -0.2898 -0.0369 0.9564
vn 0.7198 -0.6670 0.1924
vn 0.9531 -0.1022 0.2849
vn 0.2116 -0.9770 0.0265
vn -0.3775 -0.9139 -0.1496
vn -0.8223 -0.5016 -0.2685
vn -0.9531 0.1022 -0.2849
vn -0.8650 0.4389 -0.2432
vn -0.8651 0.4387 -0.2433
vn 0.2940 0.9475 0.1258
vn 0.2941 0.9475 0.1256
vn -0.1239 0.9923 0.0007
vn 0.9240 0.2477 0.2914
vn 0.9240 0.2474 0.2915
vn 0.2898 0.0369 -0.9564
vn 0.3109 0.0281 -0.9500
vn 0.2681 0.0328 -0.9628
vn 0.3223 0.0233 -0.9464
vn 0.2561 0.0306 -0.9662
vn 0.2898 0.0368 -0.9564
vn -0.3212 -0.0427 0.9461
vn -0.2590 -0.0495 0.9646
vn -0.2700 -0.0450 0.9618
vn -0.3101 -0.0406 0.9498
vn -0.9430 0.1880 -0.2747
vn -0.9429 0.1882 -0.2747
vn 0.9561 -0.0145 0.2928
vn 0.9561 -0.0143 0.2928
vn 0.2958 -0.0978 -0.9502
vn 0.3032 -0.1268 -0.9444
vn -0.9160 -0.2824 -0.2849
vn -0.9139 -0.2895 -0.2846
vn -0.2231 -0.0641 0.9727
vn -0.2706 -0.1960 0.9425
vn -0.2797 -0.1741 0.9442
vn -0.3569 -0.0493 0.9328
vn -0.3175 -0.1697 0.9330
vn -0.3280 -0.1899 0.9254
vn 0.8451 -0.4771 0.2410
vn 0.8482 -0.4710 0.2423
vn 0.2417 -0.1203 -0.9629
vn 0.2563 -0.0932 -0.9621
vn 0.2168 0.0234 -0.9759
vn 0.3592 0.0076 -0.9332
vn -0.9160 -0.2825 -0.2849
vn 0.9549 -0.0783 0.2864
vn 0.0872 0.9941 0.0647
vn -0.9507 0.1260 -0.2833
vn -0.0872 -0.9941 -0.0647
vn -0.9174 -0.2733 -0.2892
vn -0.9172 -0.2739 -0.2892
vn -0.2937 -0.0866 0.9520
vn -0.2936 -0.0864 0.9520
vn 0.8549 -0.4599 0.2402
vn 0.8551 -0.4594 0.2403
vn -0.2937 -0.0864 0.9520
vn 0.8551 -0.4593 0.2403
vn -0.9172 -0.2740 -0.2892
vn -0.9395 0.1954 -0.2812
vn -0.9396 0.1950 -0.2813
vn -0.7305 0.6530 -0.1999
vn -0.7259 0.6586 -0.1982
vn -0.2877 -0.0193 0.9575
vn -0.2877 -0.0194 0.9575
vn -0.2836 0.0197 0.9587
vn -0.2837 0.0185 0.9587
vn 0.9590 0.0154 0.2829
vn 0.9590 0.0159 0.2829
vn 0.8175 0.5138 0.2602
vn 0.8253 0.5003 0.2617
vn 0.2922 0.0559 -0.9547
vn 0.2922 0.0560 -0.9547
vn 0.2955 0.0939 -0.9507
vn 0.2956 0.0956 -0.9505
vn -0.9395 0.1953 -0.2812
vn 0.2857 -0.0092 -0.9583
vn 0.2857 -0.0095 -0.9583
vn -0.2407 0.9699 -0.0356
vn 0.4049 0.9007 0.1574
vn 0.2999 0.1910 -0.9347
vn -0.2408 0.9699 -0.0356
vn -0.2727 0.1182 0.9548
vt 0.738760 0.292570
vt 0.738762 0.259335
vt 0.750836 0.255413
vt 0.750833 0.296494
vt 0.833825 0.229531
vt 0.822953 0.229556
vt 0.822849 0.184442
vt 0.833722 0.184417
vt 0.844697 0.229506
vt 0.844594 0.184392
vt 0.855569 0.229481
vt 0.855467 0.184368
vt 0.866441 0.229456
vt 0.866339 0.184343
vt 0.877313 0.229432
vt 0.877211 0.184318
vt 0.888185 0.229408
vt 0.888084 0.184294
vt 0.899057 0.229384
vt 0.898956 0.184269
vt 0.909930 0.229359
vt 0.909828 0.184245
vt 0.812080 0.229581
vt 0.801208 0.229606
vt 0.801104 0.184492
vt 0.811976 0.184467
vt 0.884603 0.294756
vt 0.884547 0.253661
vt 0.896629 0.257569
vt 0.896676 0.290815
vt 0.904063 0.267825
vt 0.904078 0.280535
vt 0.865042 0.280585
vt 0.865024 0.267886
vt 0.872474 0.257602
vt 0.872520 0.290849
vt 0.731299 0.282299
vt 0.731299 0.269605
vt 0.770331 0.269604
vt 0.770322 0.282310
vt 0.762906 0.292572
vt 0.762909 0.259337
vt 0.833852 0.241216
vt 0.822980 0.241241
vt 0.822822 0.172756
vt 0.833695 0.172731
vt 0.844724 0.241190
vt 0.844568 0.172707
vt 0.855596 0.241165
vt 0.855440 0.172682
vt 0.866467 0.241141
vt 0.866313 0.172658
vt 0.877339 0.241117
vt 0.877185 0.172633
vt 0.888210 0.241093
vt 0.888057 0.172609
vt 0.812108 0.241267
vt 0.811949 0.172781
vt 0.937388 0.252038
vt 0.930248 0.267242
vt 0.923149 0.227810
vt 0.923525 0.242672
vt 0.793608 0.226599
vt 0.793514 0.221493
vt 0.781506 0.211638
vt 0.776943 0.219708
vt 0.793077 0.191936
vt 0.793505 0.186870
vt 0.776157 0.193056
vt 0.780372 0.200777
vt 0.776934 0.242952
vt 0.777225 0.228180
vt 0.930292 0.281042
vt 0.937326 0.296125
vt 0.796520 0.282860
vt 0.803297 0.297786
vt 0.803194 0.254209
vt 0.796546 0.269049
vt 0.776801 0.186153
vt 0.777091 0.171380
vt 0.919723 0.226872
vt 0.919676 0.221936
vt 0.931744 0.211679
vt 0.936443 0.219302
vt 0.919060 0.192791
vt 0.918832 0.188037
vt 0.934654 0.193799
vt 0.930384 0.201559
vt 0.923023 0.171004
vt 0.923402 0.185866
vt 0.923560 0.204266
vt 0.915326 0.197053
vt 0.915215 0.217625
vt 0.915665 0.226086
vt 0.911205 0.221775
vt 0.923543 0.209008
vt 0.789077 0.208884
vt 0.797724 0.217017
vt 0.799888 0.192583
vt 0.796560 0.188839
vt 0.796405 0.195680
vt 0.789192 0.203500
vt 0.932386 0.226572
vt 0.932367 0.243805
vt 0.770551 0.189344
vt 0.771671 0.223718
vt 0.767937 0.244174
vt 0.767844 0.226939
vt 0.812158 0.247854
vt 0.812117 0.304063
vt 0.767803 0.187376
vt 0.767710 0.170139
vt 0.932260 0.169763
vt 0.932246 0.186997
vt 0.946071 0.243626
vt 0.946070 0.226777
vt 0.959796 0.227040
vt 0.960068 0.243390
vt 0.762117 0.225536
vt 0.760881 0.188215
vt 0.751339 0.192355
vt 0.752820 0.222572
vt 0.754147 0.227214
vt 0.754208 0.244037
vt 0.738934 0.243751
vt 0.739515 0.227652
vt 0.961715 0.304465
vt 0.961538 0.243564
vt 0.976806 0.249153
vt 0.978040 0.297525
vt 0.827820 0.306534
vt 0.827895 0.245505
vt 0.843699 0.251772
vt 0.842852 0.301210
vt 0.754011 0.170414
vt 0.754073 0.187239
vt 0.738797 0.186954
vt 0.739378 0.170854
vt 0.950895 0.223115
vt 0.948270 0.187897
vt 0.957333 0.190498
vt 0.960050 0.218425
vt 0.945951 0.186815
vt 0.945945 0.169965
vt 0.959673 0.170224
vt 0.959949 0.186575
vt 0.945812 0.246017
vt 0.945931 0.302217
vt 0.939276 0.189968
vt 0.941673 0.222469
vt 0.975579 0.228669
vt 0.975508 0.241965
vt 0.725044 0.242584
vt 0.724862 0.229287
vt 0.988102 0.263178
vt 0.988144 0.284881
vt 0.724906 0.185788
vt 0.724724 0.172489
vt 0.964447 0.198142
vt 0.965370 0.210693
vt 0.975458 0.171848
vt 0.975390 0.185145
vt 0.994266 0.228769
vt 0.994195 0.242065
vt 0.994146 0.171943
vt 0.994079 0.185240
vt 0.854406 0.265134
vt 0.854393 0.286841
vt 0.745052 0.200735
vt 0.745482 0.214010
s 1
usemtl 03_-_Default
f 1300/1775/2009 1297/1776/2009 1296/1777/2009 1301/1778/2009
f 1319/1779/2010 1316/1780/2011 1317/1781/2011 1318/1782/2010
f 1321/1783/2012 1319/1779/2010 1318/1782/2010 1320/1784/2012
f 1323/1785/2013 1321/1783/2012 1320/1784/2012 1322/1786/2013
f 1325/1787/2014 1323/1785/2013 1322/1786/2013 1324/1788/2014
f 1327/1789/2015 1325/1787/2014 1324/1788/2014 1326/1790/2015
f 1329/1791/2016 1327/1789/2015 1326/1790/2015 1328/1792/2017
f 1331/1793/2018 1329/1791/2016 1328/1792/2017 1330/1794/2019
f 1333/1795/2020 1331/1793/2018 1330/1794/2019 1332/1796/2020
f 1335/1797/2021 1333/1798/2020 1332/1799/2020 1334/1800/2022
f 1316/1780/2011 1335/1797/2021 1334/1800/2022 1317/1781/2011
f 1306/1801/2023 1311/1802/2023 1312/1803/2024 1315/1804/2025
f 1313/1805/2026 1314/1806/2027 1315/1804/2025 1312/1803/2024
f 1308/1807/2028 1309/1808/2028 1310/1809/2023 1307/1810/2023
f 1311/1802/2023 1306/1801/2023 1307/1810/2023 1310/1809/2023
f 1299/1811/2009 1298/1812/2009 1297/1776/2009 1300/1775/2009
f 1304/1813/2029 1303/1814/2030 1302/1815/2031 1305/1816/2032
f 1301/1778/2009 1296/1777/2009 1305/1816/2032 1302/1815/2031
f 1307/1817/2010 1306/1818/2011 1316/1780/2011 1319/1779/2010
f 1296/1819/2011 1297/1820/2010 1318/1782/2010 1317/1781/2011
f 1308/1821/2012 1307/1817/2010 1319/1779/2010 1321/1783/2012
f 1297/1820/2010 1298/1822/2012 1320/1784/2012 1318/1782/2010
f 1309/1823/2013 1308/1821/2012 1321/1783/2012 1323/1785/2013
f 1298/1822/2012 1299/1824/2013 1322/1786/2013 1320/1784/2012
f 1310/1825/2014 1309/1823/2013 1323/1785/2013 1325/1787/2014
f 1299/1824/2013 1300/1826/2014 1324/1788/2014 1322/1786/2013
f 1311/1827/2015 1310/1825/2014 1325/1787/2014 1327/1789/2015
f 1300/1826/2014 1301/1828/2015 1326/1790/2015 1324/1788/2014
f 1312/1829/2033 1311/1827/2015 1327/1789/2015 1329/1791/2016
f 1301/1828/2015 1302/1830/2034 1328/1792/2017 1326/1790/2015
f 1306/1818/2011 1315/1831/2035 1335/1797/2021 1316/1780/2011
f 1305/1832/2036 1296/1819/2011 1317/1781/2011 1334/1800/2022
f 1313/1805/2026 1312/1803/2024 1337/1833/2037 1336/1834/2038
f 1312/1829/2033 1329/1791/2016 1338/1835/2039 1337/1836/2040
f 1329/1837/2041 1331/1838/2041 1339/1839/2042 1338/1840/2043
f 1333/1841/2044 1335/1842/2044 1341/1843/2045 1340/1844/2046
f 1335/1797/2021 1315/1831/2035 1342/1845/2047 1341/1846/2048
f 1315/1804/2025 1314/1806/2027 1343/1847/2049 1342/1848/2050
f 1302/1815/2031 1303/1814/2030 1345/1849/2042 1344/1850/2043
f 1304/1813/2029 1305/1816/2032 1347/1851/2045 1346/1852/2046
f 1305/1832/2036 1334/1800/2022 1348/1853/2047 1347/1854/2048
f 1334/1855/2051 1332/1856/2051 1349/1857/2049 1348/1858/2050
f 1330/1859/2052 1328/1860/2052 1351/1861/2037 1350/1862/2038
f 1328/1792/2017 1302/1830/2034 1344/1863/2053 1351/1864/2040
f 1350/1862/2054 1345/1865/2054 1303/1866/2054 1330/1859/2019
f 1304/1867/2055 1332/1856/2055 1330/1868/2055 1303/1869/2055
f 1346/1870/2056 1349/1857/2056 1332/1856/2020 1304/1867/2056
f 1336/1871/2054 1339/1839/2054 1331/1838/2019 1313/1872/2054
f 1313/1873/2055 1331/1874/2055 1333/1841/2055 1314/1875/2055
f 1340/1844/2056 1343/1876/2056 1314/1875/2056 1333/1841/2020
f 1346/1870/2057 1345/1865/2057 1350/1862/2057 1349/1857/2057
f 1340/1844/2057 1339/1839/2057 1336/1871/2057 1343/1876/2057
f 1337/1836/2040 1338/1835/2039 1353/1877/2058 1352/1878/2059
f 1341/1843/2045 1354/1879/2060 1353/1880/2061 1338/1840/2043
f 1341/1846/2048 1342/1845/2047 1355/1881/2062 1354/1882/2063
f 1343/1847/2049 1336/1834/2038 1337/1833/2037 1342/1848/2050
f 1347/1851/2045 1357/1883/2060 1356/1884/2064 1344/1850/2043
f 1347/1854/2048 1348/1853/2047 1358/1885/2062 1357/1886/2065
f 1349/1857/2049 1350/1862/2038 1351/1861/2037 1348/1858/2050
f 1351/1864/2040 1344/1863/2053 1356/1887/2058 1359/1888/2066
f 1368/1889/2067 1369/1890/2068 1361/1891/2069 1360/1892/2070
f 1369/1893/2071 1370/1894/2072 1362/1895/2073 1361/1896/2074
f 1370/1897/2075 1371/1898/2076 1363/1899/2077 1362/1900/2078
f 1371/1901/2079 1368/1902/2080 1360/1903/2081 1363/1904/2082
f 1372/1905/2071 1373/1906/2072 1365/1907/2073 1364/1908/2074
f 1373/1909/2075 1374/1910/2076 1366/1911/2077 1365/1912/2078
f 1374/1913/2079 1375/1914/2080 1367/1915/2081 1366/1916/2082
f 1375/1917/2083 1372/1918/2068 1364/1919/2069 1367/1920/2070
f 1353/1877/2058 1369/1890/2068 1368/1889/2067 1352/1878/2059
f 1354/1879/2060 1370/1894/2072 1369/1893/2071 1353/1880/2061
f 1355/1881/2062 1371/1898/2076 1370/1897/2075 1354/1882/2063
f 1352/1921/2084 1368/1902/2080 1371/1901/2079 1355/1922/2085
f 1357/1883/2060 1373/1906/2072 1372/1905/2071 1356/1884/2064
f 1358/1885/2062 1374/1910/2076 1373/1909/2075 1357/1886/2065
f 1359/1923/2084 1375/1914/2080 1374/1913/2079 1358/1924/2085
f 1356/1887/2058 1372/1918/2068 1375/1917/2083 1359/1888/2066
f 1360/1892/2070 1361/1891/2069 1377/1925/2086 1376/1926/2086
f 1362/1900/2078 1363/1899/2077 1379/1927/2087 1378/1928/2087
f 1360/1903/2081 1376/1929/2088 1379/1930/2088 1363/1904/2082
f 1365/1912/2078 1366/1911/2077 1382/1931/2087 1381/1932/2087
f 1367/1915/2081 1383/1933/2088 1382/1934/2088 1366/1916/2082
f 1367/1920/2070 1364/1919/2069 1380/1935/2089 1383/1936/2089
f 1376/1926/2086 1377/1925/2086 1378/1937/2087 1379/1938/2087
f 1381/1939/2087 1382/1940/2087 1383/1936/2089 1380/1935/2089
f 1339/1839/2042 1340/1844/2046 1341/1843/2045 1338/1840/2043
f 1345/1849/2042 1346/1852/2046 1347/1851/2045 1344/1850/2043
f 1364/1908/2074 1365/1907/2073 1381/1941/2090 1380/1942/2090
f 1361/1896/2074 1362/1895/2073 1378/1943/2090 1377/1944/2090
f 1359/1923/2084 1358/1924/2085 1348/1858/2050 1351/1861/2037
f 1352/1921/2084 1355/1922/2085 1342/1848/2050 1337/1833/2037
o head_low
v 1.105400 102.746117 32.327023
v -25.884691 104.703453 -1.073215
v -28.204725 103.733276 5.364890
v -28.491179 103.005524 11.131155
v -27.363756 102.400185 16.807772
v -24.152761 101.915810 22.838020
v -13.670033 101.748566 30.961578
v -6.381062 102.049286 33.200207
v -25.839725 113.887711 -0.263880
v -26.045700 111.574921 0.932101
v -26.615509 109.861443 2.827518
v -27.226761 109.001656 5.338629
v -27.704556 109.124191 8.154290
v -27.856304 110.207108 10.950031
v -27.663864 112.085678 13.295910
v -27.337376 114.478882 14.677580
v -27.111906 117.027466 14.723576
v -27.013136 119.343201 13.434401
v -26.869108 121.068375 11.168873
v -26.529949 121.935654 8.421235
v -26.031015 121.812531 5.623947
v -25.557440 120.720764 3.107958
v -25.296036 118.829712 1.156598
v -25.565058 116.434937 -0.175119
v -26.308180 112.063583 0.632371
v -27.500616 110.464935 1.953575
v -28.993065 109.668800 3.645287
v -30.558317 109.796364 5.449964
v -31.958075 110.828217 7.092854
v -32.979240 112.607262 8.323848
v -33.466351 114.862671 8.955534
v -33.345242 117.251053 8.891747
v -32.634361 119.408813 8.142191
v -31.441927 121.007462 6.820990
v -29.949478 121.803604 5.129276
v -28.384226 121.676041 3.324602
v -26.984465 120.644180 1.681709
v -25.963299 118.865128 0.450716
v -26.853458 116.540344 -0.501161
v -26.961357 114.412453 -0.444329
v -27.594704 112.490036 0.223470
v -28.657080 111.065750 1.400570
v -29.986750 110.356438 2.907770
v -31.381285 110.470093 4.515613
v -32.628372 111.389412 5.979314
v -33.538158 112.974411 7.076046
v -33.972137 114.983826 7.638832
v -33.864243 117.111717 7.582005
v -33.230896 119.034142 6.914206
v -32.168518 120.458420 5.737104
v -30.838848 121.167732 4.229903
v -29.444317 121.054077 2.622061
v -28.197227 120.134766 1.158358
v -27.287439 118.549744 0.061628
v -30.724546 115.770660 3.297843
v -26.908339 116.422714 0.425364
v -27.001562 114.584190 0.474466
v -27.548782 112.923195 1.051454
v -28.466686 111.692604 2.068480
v -29.615534 111.079758 3.370718
v -30.820427 111.177948 4.759911
v -31.897924 111.972244 6.024565
v -32.683990 113.341713 6.972151
v -33.058952 115.077866 7.458406
v -32.965733 116.916382 7.409304
v -32.418510 118.577377 6.832318
v -31.500608 119.807968 5.815291
v -30.351757 120.420815 4.513054
v -29.146868 120.322617 3.123861
v -28.069368 119.528328 1.859206
v -27.283302 118.158859 0.911620
v -23.975395 116.798569 -2.123983
v -24.361679 113.216263 -2.248814
v -25.431000 110.328979 -0.351305
v -25.975462 108.070938 2.028585
v -26.777994 106.928589 5.334682
v -27.402544 107.053978 9.062081
v -27.596418 108.439964 12.813387
v -27.331299 110.913239 16.010582
v -26.886168 114.118515 17.915167
v -26.581383 117.552849 17.983576
v -24.305992 122.835320 2.196484
v -23.938364 120.175842 -0.547810
v -23.234777 116.960503 -2.970858
v -23.391567 112.978439 -3.372337
v -24.133917 110.573135 -1.943371
v -24.388968 124.668579 1.141002
v -23.050837 122.568741 -0.213819
v -23.114510 120.417961 -1.697614
v -25.839029 124.040207 9.427895
v -26.454664 120.658951 16.214113
v -26.274239 122.936165 13.126301
v -28.854418 105.137451 9.544226
v -28.349873 105.443192 4.657439
v 0.874523 106.436920 33.285683
v -28.096622 105.549088 17.352638
v -25.223522 106.140228 22.938820
v -13.854013 105.503922 31.422649
v -6.639153 105.789825 33.734634
v -14.771955 134.469727 12.783289
v -24.997988 112.199722 24.822792
v -25.332920 119.058762 24.470583
v -16.079302 126.166229 29.034655
v -24.245443 128.308060 7.917555
v -25.313482 124.194435 21.429981
v -24.441393 128.272797 16.232956
v -16.752335 131.006241 21.979380
v 7.890038 107.362961 30.234716
v -6.271821 136.552429 18.692722
v 3.136654 129.413116 29.539341
v -0.694505 134.400848 25.285389
v -2.133334 128.645493 32.741207
v -3.853800 133.300568 27.613314
v -9.086399 127.391693 31.922611
v -9.887983 132.276474 26.368853
v -15.730574 119.569786 32.223312
v -14.821024 111.881699 32.613430
v -6.694768 112.121124 35.284119
v -7.851925 120.572372 34.801846
v 0.674398 112.852127 35.208954
v -0.490056 121.268867 35.233616
v 7.490872 113.720055 31.764542
v 6.206812 122.199356 32.204456
v 7.926630 103.650902 29.324661
v 16.482019 105.519600 19.557863
v 18.545614 106.559464 12.384669
v -12.238688 107.224289 -12.891785
v -18.320442 106.357437 -9.722992
v -6.547957 107.803467 -13.960247
v -0.753698 108.218544 -13.620018
v 5.675801 108.437904 -11.270027
v 15.175970 108.055817 -2.022946
v 18.393396 107.466286 4.871370
v -19.577808 117.744064 -7.021355
v -19.232494 115.332397 -7.819048
v -17.672907 113.405655 -8.641931
v -18.094326 113.859558 -8.759919
v -15.600359 112.269936 -9.767967
v -16.694567 112.827713 -10.402809
v -13.094744 112.091660 -10.820898
v -15.129314 112.700142 -12.207485
v -10.455674 112.895706 -11.569279
v -13.636866 113.496284 -13.899199
v -7.965068 114.556381 -11.794987
v -12.444431 115.094925 -15.220404
v -6.007064 116.820999 -11.467981
v -11.733547 117.252686 -15.969954
v -5.060594 119.349762 -10.795238
v -11.612442 119.641083 -16.033743
v -5.455105 121.762787 -10.040314
v -12.099550 121.896477 -15.402056
v -7.121898 123.692467 -9.310621
v -13.120716 123.675522 -14.171064
v -9.620224 124.839890 -8.554703
v -14.520475 124.707382 -12.528172
v -12.397932 125.025665 -7.738293
v -16.085728 124.834946 -10.723497
v -15.015863 124.221024 -6.971539
v -17.578176 124.038811 -9.031782
v -17.184647 122.551498 -6.466076
v -18.770611 122.440163 -7.710581
v -18.688805 120.274406 -6.398569
v -19.481495 120.282394 -6.961029
v -19.674408 116.005760 -8.776731
v -20.108389 118.015167 -8.213942
v -18.764622 114.420761 -9.873459
v -17.517530 113.501442 -11.337162
v -16.122999 113.387787 -12.945004
v -14.793331 114.097092 -14.452204
v -13.730953 115.521378 -15.629303
v -13.097605 117.443794 -16.297106
v -12.989708 119.571686 -16.353933
v -13.423689 121.581100 -15.791145
v -14.333477 123.166107 -14.694416
v -15.580566 124.085411 -13.230713
v -16.975098 124.199066 -11.622871
v -18.304768 123.489761 -10.115673
v -19.367147 122.065491 -8.938570
v -20.000492 120.143051 -8.270773
v -19.195208 118.109207 -8.394365
v -18.820242 116.373055 -8.880621
v -16.860794 118.802002 -12.554932
v -18.034176 115.003586 -9.828207
v -16.956678 114.209290 -11.092863
v -15.751787 114.111099 -12.482054
v -14.602938 114.723946 -13.784292
v -13.685032 115.954544 -14.801321
v -13.137814 117.615540 -15.378305
v -13.044590 119.454056 -15.427408
v -13.419554 121.190201 -14.941153
v -14.205620 122.559669 -13.993567
v -15.283119 123.353966 -12.728910
v -16.488008 123.452164 -11.339718
v -17.636860 122.839310 -10.037481
v -18.554764 121.608719 -9.020452
v -19.101982 119.947723 -8.443468
v -21.297773 117.384033 -5.185762
v -20.812143 113.992378 -6.307598
v -15.947096 110.263664 -9.438545
v -12.645977 110.018593 -10.824846
v -9.144314 111.046188 -11.815645
v -5.788511 113.208321 -12.123287
v -3.103366 116.210739 -11.693319
v -1.782037 119.607597 -10.790638
v -2.307276 122.860443 -9.773121
v -4.582939 125.441254 -8.795534
v -7.976672 126.936974 -7.796404
v -11.707012 127.130211 -6.731634
v -15.422810 126.092194 -5.524719
v -18.273458 124.154343 -4.701534
v -20.388828 120.951958 -4.606596
v -22.038393 117.222092 -4.338888
v -21.712536 113.345566 -5.292259
v -19.990469 111.479111 -6.681274
v -19.363663 108.302597 -9.582567
v -20.005676 125.665985 -3.961625
v -20.309408 123.289421 -3.254284
v -21.423258 120.802612 -3.625401
v -8.539432 109.579376 -13.685339
v -13.264965 108.741547 -12.591686
v 16.670595 109.280830 20.210958
v 18.756351 110.346832 12.838359
v 4.827805 112.711029 -11.423954
v -0.919860 111.491356 -13.723160
v 14.898659 111.790764 -1.455151
v 18.178875 111.216354 5.355976
v 14.724842 118.341980 -1.171355
v 5.566052 118.882629 -10.126249
v 12.781408 125.804001 -0.379282
v 3.900048 125.450638 -8.956422
v 8.408089 131.520447 1.034301
v -0.002851 129.728668 -7.511952
v -14.968702 130.626007 -3.145176
v -5.674614 132.376205 -5.226280
v 0.557429 134.791077 2.186195
v -9.428196 135.886429 6.432701
v -26.247715 106.796654 -1.705275
v -2.108546 137.461441 13.871039
v 5.551306 135.775131 18.128731
v 11.195004 131.175049 20.324108
v 15.585335 124.250168 21.478888
v 12.039537 132.010925 7.765748
v 5.615578 135.666412 8.633596
v 13.650534 132.096680 14.692837
v 7.547696 135.793533 14.576054
v 18.499474 117.629913 6.475278
v 16.287518 125.850525 7.199129
v 19.402500 116.947083 13.793946
v 17.688065 125.243561 14.447488
v 16.925072 115.782867 20.977112
v 2.520226 99.343536 35.867950
v -28.909330 101.622696 -3.024999
v -31.610670 100.493057 4.471231
v -31.944237 99.645615 11.185903
v -30.631386 98.940704 17.796175
v -26.793610 98.361786 25.003521
v -15.151726 98.162674 34.134705
v -6.197567 98.532097 36.884758
v 10.462982 100.397087 32.371918
v 20.425821 102.573135 20.999001
v 22.828915 103.784088 12.645589
v -13.018629 104.558258 -16.788202
v -20.101408 103.548721 -13.097845
v -6.391914 105.232697 -18.032396
v 0.355352 105.716034 -17.636209
v 8.039879 105.978218 -14.827507
v 18.699203 105.564270 -4.572802
v 22.651661 104.840057 3.896543
v 3.808552 93.959526 38.191101
v -30.965853 96.481255 -4.841154
v -33.954723 95.231384 3.452982
v -34.323784 94.293755 10.882263
v -32.871212 93.513824 18.196033
v -28.561171 92.863663 26.290298
v -16.045879 92.640541 36.180714
v -5.837032 93.061722 39.316116
v 12.597361 95.125305 34.322601
v 23.620041 97.532951 21.738932
v 26.278593 98.872665 12.497297
v -13.384024 99.729218 -20.068983
v -21.220478 98.612259 -15.985937
v -6.052060 100.475441 -21.445589
v 1.413281 101.010223 -21.007238
v 10.043451 101.304657 -17.852903
v 21.576181 100.866707 -6.838966
v 26.082472 100.041008 2.817136
v -26.052210 109.960045 -1.050911
v -27.158445 107.828590 0.366288
v -28.186872 106.615295 4.349284
v -28.810970 106.816154 8.416425
v -28.932610 108.391762 12.443941
v -28.552870 110.846169 15.647033
v -28.086927 114.143295 17.602051
v -27.802427 117.957748 17.685032
v -26.042727 124.728714 4.562870
v -25.035009 123.990463 5.466537
v -25.333006 110.212112 -3.095372
v -23.020197 124.076828 1.469744
v -26.765482 124.872330 8.319826
v -27.636143 121.188736 15.813042
v -27.349022 123.630486 12.501736
v -19.299187 111.436607 -8.772789
v -18.594976 111.823685 -8.168085
v -17.694286 109.897957 -10.455688
v -13.756826 109.770462 -12.151031
v -9.939230 110.942505 -13.162832
v -6.339551 113.331795 -13.390530
v -3.627878 116.296082 -12.853928
v -2.271504 119.787903 -11.917099
v -2.856225 123.412308 -10.840187
v -5.248654 126.083817 -9.786366
v -8.873846 127.670135 -8.624062
v -13.180506 127.802368 -7.309223
v -16.587807 126.798668 -6.249930
v -21.222576 111.110870 -7.795524
v -19.298248 124.860794 -2.908037
v -14.600954 133.513870 16.832151
v -12.359203 134.686615 16.150166
v -14.070644 132.550873 22.027798
v -15.505695 132.566742 19.294205
v -10.397743 134.042984 22.590979
v -12.188162 133.095993 23.107391
v -9.947998 135.373535 17.676352
v -9.531258 134.903641 20.578070
v -2.171080 135.480087 4.051004
v 0.730611 135.769989 5.069185
v -5.274597 136.256027 7.965976
v -4.892456 135.651825 5.310774
v -0.482783 136.884247 10.184978
v -3.460024 136.793457 10.209794
v 1.956622 136.174561 6.934281
v 1.554778 136.637878 8.921152
v -13.310408 133.134079 18.108467
v -12.189087 133.744751 17.843685
v -13.110262 132.584183 20.763922
v -13.727507 132.647903 19.310946
v -11.262520 133.376190 21.144615
v -12.112059 132.897903 21.384018
v -11.184326 134.069977 18.584948
v -10.821787 133.895248 20.010616
v -1.903531 135.218689 5.742120
v -0.386476 135.356705 6.173759
v -3.437367 135.641464 7.559783
v -3.192822 135.314209 6.290201
v -1.046750 136.028717 8.760187
v -2.530270 135.958954 8.606787
v 0.305071 135.598755 7.140906
v 0.109856 135.847595 8.090935
v -12.978024 132.517975 18.418365
v -12.142519 132.938156 18.238834
v -12.837875 132.122589 20.405390
v -13.305105 132.175049 19.312904
v -11.459551 132.670822 20.654762
v -12.085604 132.338333 20.850622
v -11.411024 133.157272 18.786118
v -11.144405 133.032227 19.819944
v -1.759348 134.684708 6.047817
v -0.618125 134.783020 6.374603
v -2.779471 134.948257 7.484242
v -2.573152 134.733475 6.589898
v -1.225829 135.218445 8.193457
v -2.209039 135.165070 8.153871
v -0.114937 134.941299 7.101076
v -0.274197 135.101456 7.798896
v -15.256054 140.585114 20.141121
v -14.664789 141.203888 20.011646
v -15.087915 139.968842 21.941372
v -15.460226 140.051331 20.935738
v -14.081135 140.808029 22.205685
v -14.528219 140.312744 22.366756
v -14.119230 141.504059 20.527637
v -13.885775 141.320358 21.462894
v -2.990394 145.538300 4.520204
v -1.989503 145.843826 4.692760
v -4.168023 146.035187 5.640995
v -3.913254 145.610107 4.911133
v -2.697861 146.690918 6.203528
v -3.652325 146.489136 6.178365
v -1.628983 146.258347 5.227171
v -1.868698 146.573883 5.782522
v -16.560398 141.696732 20.422348
v -15.984007 142.599457 20.317568
v -16.280319 140.877548 22.601646
v -16.694466 140.956177 21.366993
v -15.288862 142.119385 23.045656
v -15.727137 141.396225 23.197395
v -15.407867 143.045685 20.996357
v -15.123503 142.812729 22.141685
v -3.139035 145.754059 3.845722
v -1.713281 146.209122 4.080898
v -4.899867 146.565521 5.385628
v -4.515147 145.894318 4.342770
v -2.743084 147.518295 6.180944
v -4.121345 147.231293 6.150801
v -1.176620 146.874176 4.792635
v -1.530887 147.372147 5.577679
v -18.062016 142.781952 21.249861
v -17.685047 143.647720 21.213947
v -17.693001 141.953751 23.124928
v -18.086164 142.047501 22.032173
v -16.979418 143.142303 23.558121
v -17.256021 142.449020 23.651546
v -17.247129 144.079132 21.832092
v -16.956341 143.843323 22.828314
v -3.481277 147.648621 2.783640
v -2.395583 148.052612 2.920804
v -4.819954 148.384506 3.861694
v -4.507694 147.776810 3.172707
v -3.239841 149.268570 4.350716
v -4.281587 149.010132 4.350616
v -2.026348 148.629150 3.412564
v -2.314112 149.081390 3.937634
v -17.653456 143.066437 22.499777
v -3.431531 148.672638 3.415431
v -17.963406 142.519958 20.608578
v -17.384592 143.729462 20.550182
v -17.487064 141.380585 23.291319
v -18.041178 141.508224 21.747154
v -16.405966 143.022766 23.876732
v -16.829159 142.055511 24.027878
v -16.764225 144.323029 21.434439
v -16.371710 143.995773 22.833885
v -3.428158 146.919006 2.793550
v -1.891703 147.474365 3.003184
v -5.316613 147.893158 4.380077
v -4.887944 147.051971 3.369304
v -3.072196 149.130157 5.061653
v -4.532767 148.773087 5.062246
v -1.346927 148.243378 3.737782
v -1.755154 148.862610 4.502567
v -17.597813 142.205399 20.192081
v -16.864794 143.534958 20.085543
v -17.097761 140.934357 23.245014
v -17.728928 141.082611 21.496548
v -15.773319 142.744293 23.873602
v -16.317400 141.681046 24.064991
v -16.094776 144.186523 21.058392
v -15.651232 143.817291 22.660545
v -3.311006 146.168106 3.120481
v -1.561278 146.762619 3.385461
v -5.437501 147.207397 4.974981
v -4.961413 146.330841 3.768198
v -2.861857 148.500824 5.860909
v -4.536599 148.117157 5.839359
v -0.937037 147.598175 4.249250
v -1.381780 148.248749 5.164024
v -13.349142 135.965240 18.930069
v -14.080338 138.565231 19.486467
v -12.537161 136.299149 18.729624
v -13.372770 139.055588 19.319408
v -13.254902 135.636200 20.882278
v -13.970371 138.090912 21.366768
v -13.687304 135.703644 19.822937
v -14.365652 138.159393 20.333818
v -11.914112 136.040619 21.078577
v -12.785543 138.733856 21.591961
v -12.527685 135.776276 21.292107
v -13.322245 138.344833 21.781551
v -11.842360 136.484589 19.248699
v -12.756695 139.307098 19.837048
v -11.598787 136.362427 20.253166
v -12.524546 139.155807 20.807144
v -1.922943 136.961502 6.339315
v -2.146919 139.446457 6.348304
v -2.401688 141.682907 6.023705
v -2.717975 143.952377 5.330639
v -0.799957 137.057037 6.649598
v -1.055486 139.596375 6.633209
v -1.342663 141.902313 6.274987
v -1.692700 144.228699 5.538375
v -2.956433 137.165543 7.743063
v -3.220309 139.727478 7.672238
v -3.514000 142.056610 7.272663
v -3.868959 144.404175 6.502686
v -2.750845 136.981201 6.861436
v -3.002652 139.488281 6.830225
v -3.282568 141.744278 6.469827
v -3.623588 144.023163 5.742713
v -1.408940 137.452515 8.447084
v -1.689358 140.093170 8.352707
v -2.004271 142.534897 7.919367
v -2.382230 144.990784 7.103232
v -2.389615 137.386765 8.403433
v -2.665478 140.000000 8.303879
v -2.973320 142.399826 7.873050
v -3.343007 144.814758 7.066803
v -0.312091 137.197449 7.359615
v -0.600113 139.803833 7.305326
v -0.921537 142.197144 6.902923
v -1.306958 144.599625 6.113256
v -0.479315 137.347549 8.045559
v -0.786508 139.993912 7.955781
v -1.127667 142.438354 7.518745
v -1.532917 144.886795 6.692993
v -20.426626 101.638458 27.507427
v -20.648577 105.772415 27.896976
v -21.365215 111.896271 28.625101
v -21.943300 119.098312 28.314667
v -21.695362 125.202255 25.130903
v -20.949253 129.927429 18.995476
v 10.823250 108.471321 -8.225848
v 10.400457 112.561356 -7.606617
v 9.862360 118.724258 -7.082606
v 8.136541 125.675339 -6.080664
v 3.949564 130.809601 -4.192772
v -2.775169 133.883209 -1.778515
v -12.407671 133.764755 1.406608
v -19.874378 131.880295 10.283382
v -22.553274 98.053696 30.255659
v 13.836416 106.010391 -11.354841
v -23.933393 92.532410 31.981514
v 16.329065 101.335907 -14.057375
v 13.047659 104.575226 25.070560
v 13.331646 108.302475 26.059933
v -22.635506 117.090645 -3.656126
v -22.526285 113.035721 -4.365929
v -23.553902 110.648254 -5.738981
v -23.317278 107.578697 -6.136602
v -21.246830 124.370514 -0.995485
v -21.822708 122.769073 -1.817387
v -22.313826 120.620728 -2.673643
v -19.645397 130.206268 1.564688
v 2.673409 135.360245 22.110928
v -4.280941 137.178314 16.388794
v 7.923038 130.231369 25.684322
v 11.714148 123.203476 27.604757
v 12.875444 114.938400 26.982327
v -22.825968 105.561272 -6.112539
v -12.022635 135.636810 9.310951
v 16.694269 101.467354 27.642841
v -25.342962 102.622803 -8.897842
v 19.498638 96.312798 29.071613
v -27.005239 97.590965 -11.351250
v -22.065502 111.004288 -4.366314
v -22.283236 125.031555 -1.770741
v -16.628357 133.112366 4.780890
vn 0.1251 -0.2566 -0.9584
vn 0.0619 -0.6707 -0.7392
vn 0.0814 -0.5366 -0.8399
vn -0.0293 -0.8698 -0.4925
vn -0.0341 -0.7829 -0.6211
vn -0.1811 -0.9700 -0.1622
vn -0.2152 -0.9213 -0.3240
vn -0.3630 -0.9162 0.1697
vn -0.4240 -0.9055 -0.0183
vn -0.5264 -0.7226 0.4481
vn -0.6157 -0.7465 0.2522
vn -0.6384 -0.4339 0.6358
vn -0.7567 -0.4736 0.4507
vn -0.6838 -0.1071 0.7217
vn -0.8236 -0.1282 0.5524
vn -0.6637 0.2183 0.7154
vn -0.8036 0.2397 0.5447
vn -0.5751 0.5352 0.6187
vn -0.6961 0.5762 0.4283
vn -0.4102 0.8067 0.4255
vn -0.5129 0.8300 0.2192
vn -0.1783 0.9717 0.1548
vn -0.2771 0.9595 -0.0512
vn 0.0936 0.9850 -0.1450
vn -0.0199 0.9410 -0.3379
vn 0.3721 0.8324 -0.4107
vn 0.2246 0.7757 -0.5898
vn 0.6095 0.5276 -0.5917
vn 0.4224 0.4832 -0.7669
vn 0.2773 0.1546 -0.9483
vn 0.1486 -0.1776 -0.9728
vn 0.2205 0.1539 -0.9632
vn 0.0466 -0.5304 -0.8465
vn -0.0731 -0.7480 -0.6597
vn -0.2877 -0.8624 -0.4165
vn -0.5127 -0.8441 -0.1571
vn -0.7139 -0.6957 0.0791
vn -0.8607 -0.4400 0.2561
vn -0.9307 -0.1158 0.3469
vn -0.9133 0.2276 0.3377
vn -0.8111 0.5378 0.2300
vn -0.6397 0.7676 0.0400
vn -0.4252 0.8820 -0.2032
vn -0.2002 0.8637 -0.4626
vn 0.0011 0.7153 -0.6988
vn 0.1631 0.4541 -0.8759
vn -0.6060 0.0493 -0.7939
vn -0.6100 -0.0300 -0.7918
vn -0.7546 0.0207 -0.6559
vn -0.6337 -0.1017 -0.7669
vn -0.6733 -0.1548 -0.7230
vn -0.7228 -0.1813 -0.6668
vn -0.7748 -0.1770 -0.6069
vn -0.8213 -0.1427 -0.5523
vn -0.8553 -0.0836 -0.5114
vn -0.8715 -0.0087 -0.4904
vn -0.8674 0.0706 -0.4925
vn -0.8438 0.1423 -0.5174
vn -0.8042 0.1954 -0.5613
vn -0.7546 0.2219 -0.6175
vn -0.7026 0.2176 -0.6775
vn -0.6561 0.1834 -0.7320
vn -0.6222 0.1243 -0.7729
vn -0.9952 -0.0701 -0.0679
vn -0.9832 0.1667 -0.0742
vn -0.9127 0.3806 -0.1485
vn -0.7945 0.5391 -0.2795
vn -0.6465 0.6181 -0.4472
vn -0.4913 0.6054 -0.6262
vn -0.3525 0.5031 -0.7891
vn -0.2513 0.3267 -0.9111
vn -0.2030 0.1031 -0.9737
vn -0.2150 -0.1337 -0.9674
vn -0.2855 -0.3477 -0.8931
vn -0.4037 -0.5062 -0.7621
vn -0.5517 -0.5851 -0.5944
vn -0.7069 -0.5725 -0.4154
vn -0.8457 -0.4702 -0.2525
vn -0.9469 -0.2938 -0.1305
vn -0.8259 0.0112 -0.5636
vn -0.7981 0.2040 -0.5669
vn -0.7831 0.1888 -0.5925
vn -0.7876 -0.0126 -0.6160
vn -0.8935 -0.1089 -0.4356
vn -0.8697 -0.1165 -0.4796
vn -0.9289 -0.1663 -0.3307
vn -0.9293 -0.1685 -0.3287
vn -0.9513 -0.2055 -0.2298
vn -0.9532 -0.2059 -0.2212
vn -0.9799 -0.1803 -0.0853
vn -0.9829 -0.1722 -0.0657
vn -0.9942 -0.0977 0.0460
vn -0.9949 -0.0765 0.0662
vn -0.9925 0.0022 0.1225
vn -0.9913 0.0196 0.1299
vn -0.9872 0.0667 0.1450
vn -0.9869 0.0705 0.1454
vn -0.9843 0.1031 0.1436
vn -0.9844 0.1013 0.1439
vn -0.9785 0.1710 0.1157
vn -0.9801 0.1557 0.1232
vn -0.9612 0.2741 0.0305
vn -0.9663 0.2521 0.0531
vn -0.9253 0.3622 -0.1129
vn -0.9325 0.3507 -0.0864
vn -0.8868 0.3833 -0.2581
vn -0.8720 0.4055 -0.2743
vn -0.8590 0.3456 -0.3776
vn -0.8064 0.4384 -0.3969
vn -0.8279 0.3099 -0.4675
vn -0.8119 0.3161 -0.4908
vn -0.7665 0.1723 -0.6187
vn -0.7545 -0.0379 -0.6552
vn -0.7537 -0.1460 -0.6408
vn -0.9416 -0.0016 -0.3368
vn -0.9119 0.1364 -0.3870
vn -0.8629 0.0455 -0.5033
vn -0.8846 -0.0960 -0.4563
vn -0.7364 0.5325 -0.4173
vn -0.7608 0.4430 -0.4742
vn -0.7774 0.3133 -0.5454
vn -0.9610 -0.2069 -0.1837
vn -0.9810 -0.1789 0.0755
vn -0.9926 -0.1214 -0.0072
vn -0.9642 -0.1290 -0.2317
vn -0.9984 -0.0276 -0.0501
vn -0.9704 -0.0440 -0.2373
vn -0.8649 -0.2502 -0.4351
vn 0.2644 -0.2018 0.9431
vn 0.5284 -0.2117 0.8222
vn 0.5391 -0.1845 0.8218
vn 0.2567 -0.2227 0.9405
vn -0.9300 -0.2159 0.2973
vn -0.8050 -0.1977 0.5593
vn -0.8412 -0.1511 0.5192
vn -0.9467 -0.1076 0.3037
vn -0.6163 -0.1389 0.7751
vn -0.6132 -0.1634 0.7728
vn -0.3763 -0.1310 0.9172
vn -0.0973 -0.1693 0.9807
vn -0.1120 -0.2082 0.9717
vn -0.3813 -0.1711 0.9085
vn -0.9857 -0.0460 0.1624
vn -0.9352 -0.0221 0.3535
vn -0.6247 -0.1013 0.7743
vn -0.8339 -0.0736 0.5469
vn -0.6410 0.1736 0.7476
vn -0.8392 0.1528 0.5219
vn -0.6064 0.5331 0.5899
vn -0.8108 0.4307 0.3964
vn -0.9280 -0.0407 0.3703
vn -0.9371 0.1038 0.3333
vn -0.9220 0.3089 0.2334
vn -0.7197 0.6316 -0.2883
vn -0.7079 0.6942 -0.1304
vn -0.6924 0.6314 -0.3491
vn -0.8230 0.5637 -0.0704
vn -0.8695 0.4864 0.0859
vn -0.7367 0.6549 0.1684
vn -0.5470 0.7810 0.3013
vn -0.5229 0.8524 -0.0026
vn -0.4712 0.5339 0.7021
vn -0.2945 0.5245 0.7989
vn -0.3074 0.7859 0.5366
vn -0.4806 0.7761 0.4083
vn 0.0746 0.5597 0.8253
vn 0.3742 0.6035 0.7041
vn 0.1151 0.8663 0.4861
vn -0.0553 0.8224 0.5662
vn -0.1799 0.9532 0.2429
vn -0.4445 0.1773 0.8780
vn -0.4065 -0.1060 0.9075
vn -0.1378 -0.1172 0.9835
vn -0.2097 0.1800 0.9611
vn 0.2340 -0.1057 0.9665
vn 0.1733 0.2043 0.9634
vn 0.5461 -0.0610 0.8355
vn 0.5041 0.2453 0.8281
vn -0.8640 -0.4729 0.1728
vn -0.7035 -0.7083 0.0579
vn -0.5838 -0.8119 -0.0007
vn -0.4629 -0.8767 -0.1309
vn -0.3211 -0.9336 -0.1588
vn -0.1760 -0.9127 -0.3688
vn -0.0047 -0.9314 -0.3639
vn 0.0863 -0.7939 -0.6019
vn 0.2801 -0.7755 -0.5657
vn 0.2906 -0.5484 -0.7841
vn 0.4898 -0.5004 -0.7139
vn 0.4114 -0.2182 -0.8850
vn 0.6016 -0.1628 -0.7821
vn 0.4359 0.1472 -0.8879
vn 0.6175 0.1774 -0.7663
vn 0.3631 0.4949 -0.7895
vn 0.5539 0.4846 -0.6770
vn 0.2039 0.7730 -0.6008
vn 0.4146 0.7516 -0.5130
vn -0.0187 0.9381 -0.3460
vn 0.2015 0.9404 -0.2739
vn -0.2697 0.9611 -0.0597
vn -0.0570 0.9982 0.0161
vn -0.5058 0.8347 0.2177
vn -0.3096 0.8968 0.3160
vn -0.6828 0.5773 0.4478
vn -0.4971 0.6424 0.5833
vn -0.7706 0.2223 0.5973
vn -0.5805 0.2674 0.7691
vn -0.9076 -0.1045 0.4067
vn -0.9305 -0.0978 0.3530
vn -0.8892 -0.4045 0.2139
vn -0.7164 -0.6972 0.0260
vn 0.0983 -0.5182 -0.8496
vn 0.2005 -0.2080 -0.9574
vn 0.2179 0.1354 -0.9665
vn 0.1479 0.4596 -0.8757
vn -0.9102 0.2194 0.3514
vn -0.6740 0.0444 -0.7374
vn -0.7146 0.0034 -0.6995
vn -0.7285 0.2008 -0.6550
vn -0.7087 0.2236 -0.6691
vn -0.5375 -0.0311 -0.8427
vn -0.5752 -0.0521 -0.8163
vn -0.4304 -0.0573 -0.9008
vn -0.4280 -0.0589 -0.9018
vn -0.3285 -0.0693 -0.9419
vn -0.3203 -0.0675 -0.9449
vn -0.1971 -0.0092 -0.9803
vn -0.1801 0.0033 -0.9836
vn -0.0872 0.1006 -0.9911
vn -0.0716 0.1254 -0.9895
vn -0.0312 0.2124 -0.9767
vn -0.0271 0.2304 -0.9727
vn -0.0205 0.2781 -0.9603
vn -0.0208 0.2817 -0.9593
vn -0.0282 0.3121 -0.9496
vn -0.0276 0.3105 -0.9502
vn -0.0670 0.3702 -0.9265
vn -0.0572 0.3575 -0.9321
vn -0.1663 0.4480 -0.8785
vn -0.1410 0.4325 -0.8905
vn -0.3164 0.4953 -0.8091
vn -0.2897 0.4912 -0.8214
vn -0.4555 0.4776 -0.7512
vn -0.4727 0.4931 -0.7303
vn -0.5604 0.4109 -0.7191
vn -0.5872 0.4863 -0.6471
vn -0.6364 0.3518 -0.6865
vn -0.6577 0.3497 -0.6671
vn -0.7429 -0.0351 -0.6685
vn -0.7484 0.1763 -0.6394
vn -0.7088 -0.1361 -0.6922
vn -0.4678 0.1061 -0.8774
vn -0.5570 -0.0234 -0.8302
vn -0.6263 0.0995 -0.7732
vn -0.5374 0.2213 -0.8137
vn -0.6575 0.4694 -0.5894
vn -0.6185 0.5587 -0.5525
vn -0.7050 0.3302 -0.6277
vn -0.2845 -0.0601 -0.9568
vn -0.3459 0.0058 -0.9382
vn -0.1342 0.0662 -0.9887
vn -0.0415 0.0266 -0.9988
vn -0.3679 0.0902 -0.9255
vn -0.1940 0.1481 -0.9697
vn -0.5054 -0.1737 -0.8452
vn 0.9930 -0.0425 0.1101
vn 0.9932 -0.0617 0.0983
vn 0.9137 -0.1019 0.3934
vn 0.9177 -0.1261 0.3767
vn 0.7590 -0.1329 0.6374
vn 0.7579 -0.1888 0.6245
vn 0.1885 0.0286 -0.9817
vn 0.1721 0.1370 -0.9755
vn 0.4052 0.1214 -0.9061
vn 0.4583 0.0785 -0.8853
vn 0.6882 0.1212 -0.7153
vn 0.6855 0.1457 -0.7134
vn 0.8581 0.1389 -0.4944
vn 0.8563 0.0995 -0.5067
vn 0.9652 0.0273 -0.2601
vn 0.9690 0.0638 -0.2386
vn 0.0176 0.1732 -0.9847
vn 0.2063 0.2274 -0.9517
vn 0.4189 0.2003 -0.8856
vn 0.6764 0.1832 -0.7134
vn 0.3518 0.4132 -0.8399
vn 0.5970 0.4443 -0.6680
vn 0.1827 0.6486 -0.7389
vn 0.3819 0.7497 -0.5405
vn 0.2272 0.2118 -0.9505
vn 0.1631 0.3444 -0.9246
vn 0.0302 0.5171 -0.8554
vn -0.4911 0.6646 -0.5632
vn -0.5783 0.6468 -0.4972
vn -0.3928 0.7714 -0.5006
vn -0.3004 0.6986 -0.6494
vn -0.0774 0.8021 -0.5921
vn -0.1527 0.6594 -0.7361
vn -0.2556 0.9140 -0.3151
vn 0.0587 0.9146 -0.4001
vn -0.7479 -0.0429 -0.6624
vn -0.7577 0.1692 -0.6302
vn -0.7270 -0.1623 -0.6672
vn -0.7378 -0.1058 -0.6667
vn -0.7543 0.0221 -0.6562
vn -0.7134 0.4549 -0.5331
vn -0.6924 0.5222 -0.4979
vn -0.7429 0.3196 -0.5882
vn -0.6439 0.6371 -0.4237
vn -0.5781 0.7388 -0.3463
vn 0.0287 0.9996 0.0046
vn -0.0796 0.9884 0.1296
vn 0.2456 0.8888 0.3868
vn 0.3269 0.9133 0.2429
vn 0.5178 0.6328 0.5758
vn 0.6273 0.6590 0.4150
vn 0.6934 0.2848 0.6619
vn 0.8341 0.3177 0.4508
vn 0.3278 0.9252 -0.1910
vn 0.6338 0.7275 -0.2627
vn 0.5112 0.7489 -0.4217
vn 0.1757 0.9205 -0.3489
vn 0.7087 0.6984 0.1003
vn 0.3884 0.9196 0.0583
vn 0.7526 0.4391 -0.4908
vn 0.8681 0.4157 -0.2713
vn 0.9559 0.1219 -0.2672
vn 0.8395 0.1664 -0.5173
vn 0.9237 0.3684 0.1054
vn 0.9933 0.0603 0.0983
vn 0.9050 0.0180 0.4251
vn 0.7531 -0.0044 0.6579
vn -0.7078 -0.2346 -0.6664
vn -0.4459 0.8720 -0.2022
vn -0.2985 0.9527 -0.0576
vn -0.4015 0.9111 0.0935
vn 0.2416 0.7634 0.5991
vn 0.0982 0.7369 0.6689
vn 0.1512 0.5837 0.7978
vn 0.3314 0.6146 0.7159
vn -0.6833 0.7291 -0.0394
vn -0.6396 0.7458 -0.1861
vn -0.7535 0.6022 -0.2638
vn -0.8118 0.5781 -0.0829
vn -0.6903 0.7115 0.1315
vn -0.8206 0.5576 0.1252
vn -0.6507 0.6992 0.2961
vn -0.7751 0.5403 0.3275
vn -0.5824 0.6916 0.4272
vn -0.6876 0.5340 0.4921
vn -0.2867 0.6968 0.6574
vn -0.4467 0.6986 0.5589
vn -0.5301 0.5332 0.6593
vn -0.3337 0.5389 0.7735
vn -0.1166 0.7155 0.6888
vn -0.1137 0.5538 0.8248
vn 0.5274 0.8307 0.1781
vn 0.4767 0.8149 0.3298
vn 0.6312 0.6805 0.3721
vn 0.6891 0.7013 0.1828
vn -0.4146 0.7950 -0.4428
vn -0.2767 0.8180 -0.5043
vn -0.3103 0.6877 -0.6563
vn -0.4801 0.6621 -0.5754
vn -0.1086 0.8387 -0.5336
vn -0.1058 0.7139 -0.6922
vn 0.0596 0.8545 -0.5160
vn 0.1007 0.7318 -0.6740
vn 0.1986 0.8623 -0.4658
vn 0.2749 0.7444 -0.6085
vn 0.3456 0.8718 -0.3471
vn 0.4612 0.7499 -0.4743
vn 0.4657 0.8614 -0.2029
vn 0.5184 0.8543 -0.0373
vn 0.6809 0.7276 -0.0837
vn 0.6006 0.7432 -0.2949
vn 0.3702 0.7980 0.4755
vn 0.5068 0.6502 0.5660
vn -0.5418 0.7742 -0.3272
vn -0.6382 0.6323 -0.4392
vn 0.1927 0.4273 0.8834
vn 0.4009 0.4559 0.7946
vn -0.8324 0.4480 -0.3264
vn -0.8982 0.4232 -0.1191
vn -0.9101 0.3981 0.1149
vn -0.8588 0.3798 0.3438
vn -0.7607 0.3686 0.5343
vn -0.5823 0.3744 0.7217
vn -0.3650 0.3729 0.8531
vn -0.1067 0.3980 0.9112
vn 0.7478 0.5321 0.3970
vn 0.8074 0.5617 0.1805
vn -0.3297 0.5475 -0.7691
vn -0.5240 0.5155 -0.6780
vn -0.0997 0.5753 -0.8118
vn 0.1337 0.5968 -0.7912
vn 0.3356 0.6083 -0.7193
vn 0.5434 0.6205 -0.5655
vn 0.7947 0.5951 -0.1196
vn 0.7040 0.6066 -0.3693
vn 0.6034 0.5008 0.6206
vn -0.7003 0.4863 -0.5225
vn -0.7046 0.5969 0.3837
vn -0.6063 0.7267 0.3229
vn -0.5120 0.8168 0.2658
vn -0.3066 0.9469 0.0974
vn -0.2502 0.9675 0.0354
vn -0.0839 0.9803 -0.1787
vn -0.0418 0.9691 -0.2433
vn 0.0782 0.8815 -0.4656
vn 0.0969 0.8543 -0.5107
vn 0.1791 0.6697 -0.7207
vn 0.1978 0.6059 -0.7706
vn 0.2438 0.2650 -0.9329
vn 0.2453 0.2195 -0.9443
vn 0.2449 0.0003 -0.9695
vn 0.0574 -0.4994 -0.8645
vn -0.0832 -0.7022 -0.7071
vn -0.0198 -0.6170 -0.7867
vn -0.3258 0.9440 -0.0518
vn -0.2854 0.9578 -0.0353
vn -0.2767 0.9604 -0.0318
vn -0.5034 -0.8534 -0.1354
vn -0.4655 -0.8706 -0.1594
vn -0.3628 -0.8961 -0.2558
vn -0.3484 -0.8952 -0.2779
vn -0.4494 -0.8588 -0.2460
vn -0.5248 -0.8375 -0.1522
vn -0.2389 -0.8273 -0.5084
vn -0.3242 -0.8550 -0.4048
vn 0.0292 0.9352 -0.3530
vn 0.0872 0.8784 -0.4699
vn 0.1556 0.7850 -0.5996
vn -0.1830 0.9822 -0.0415
vn -0.1275 0.9860 -0.1073
vn -0.4225 0.8858 0.1919
vn -0.3683 0.9181 0.1463
vn -0.6399 0.6932 0.3316
vn -0.6040 0.7324 0.3143
vn -0.8309 0.3811 0.4053
vn -0.7972 0.4563 0.3953
vn -0.9207 -0.0353 0.3886
vn -0.9184 0.0110 0.3955
vn -0.9046 -0.2509 0.3445
vn -0.6523 -0.7553 -0.0637
vn -0.5688 -0.8083 -0.1520
vn -0.7380 -0.6733 0.0448
vn -0.3723 -0.8607 -0.3472
vn -0.2758 -0.8535 -0.4421
vn -0.1419 -0.8054 -0.5756
vn -0.0642 -0.7458 -0.6631
vn -0.0602 -0.7540 -0.6541
vn -0.0814 -0.7774 -0.6237
vn -0.2508 0.9661 -0.0612
vn -0.2551 0.9644 -0.0699
vn -0.2748 0.9552 -0.1102
vn -0.1796 -0.8391 -0.5135
vn -0.1660 -0.8341 -0.5260
vn -0.2380 0.9710 -0.0225
vn -0.2698 -0.8750 -0.4020
vn -0.2700 -0.8751 -0.4017
vn -0.5185 0.8308 0.2021
vn -0.4889 0.8498 0.1969
vn -0.4119 0.7789 0.4729
vn -0.4710 0.7743 0.4226
vn -0.2288 0.9128 0.3384
vn -0.2199 0.8844 0.4117
vn -0.3697 0.9081 0.1969
vn -0.3546 0.9160 0.1876
vn -0.1528 0.9692 -0.1932
vn -0.0544 0.9395 -0.3382
vn -0.0509 0.9284 -0.3682
vn -0.0332 0.9835 -0.1781
vn -0.0239 0.9803 -0.1962
vn 0.1994 0.9772 -0.0735
vn 0.1219 0.9902 -0.0685
vn 0.1927 0.9212 -0.3380
vn 0.2510 0.9249 -0.2855
vn -0.1812 0.8819 0.4353
vn -0.0424 0.9784 0.2025
vn 0.3091 0.9317 0.1906
vn -0.0064 0.7975 0.6033
vn -0.1324 0.9895 -0.0576
vn -0.3743 0.9195 -0.1199
vn -0.3258 0.8674 -0.3761
vn 0.1442 0.9486 -0.2817
vn -0.5774 0.8161 -0.0240
vn -0.6472 0.7493 0.1404
vn -0.7912 0.6004 0.1161
vn -0.6772 0.7149 -0.1742
vn -0.5780 0.7447 0.3337
vn -0.3996 0.7851 0.4732
vn -0.4162 0.6525 0.6333
vn -0.6897 0.5944 0.4135
vn -0.0038 0.9875 0.1573
vn 0.2170 0.9751 -0.0455
vn 0.3726 0.9231 0.0948
vn 0.0323 0.8813 0.4715
vn 0.2365 0.9279 -0.2880
vn 0.0891 0.8930 -0.4411
vn 0.1697 0.7920 -0.5865
vn 0.4036 0.8550 -0.3257
vn -0.0991 0.8697 -0.4835
vn -0.2576 0.8868 -0.3837
vn -0.3826 0.7869 -0.4842
vn -0.1149 0.7603 -0.6393
vn -0.3392 0.9277 -0.1561
vn -0.2570 0.9624 0.0878
vn -0.4272 0.8245 0.3711
vn -0.5696 0.8167 -0.0926
vn 0.7444 0.6648 0.0623
vn 0.4043 0.5759 0.7106
vn -0.0844 0.6851 -0.7236
vn 0.5287 0.6935 -0.4894
vn -0.9385 0.3429 0.0395
vn -0.7289 0.5160 -0.4499
vn -0.3140 0.4028 0.8598
vn -0.8009 0.3108 0.5118
vn 0.5750 0.7189 0.3906
vn 0.0315 0.5551 0.8312
vn 0.2978 0.5755 -0.7616
vn 0.6569 0.6773 -0.3314
vn -0.6058 0.5677 -0.5573
vn -0.1353 0.5499 -0.8242
vn -0.5236 0.4629 0.7153
vn -0.8384 0.5264 0.1414
vn -0.9271 -0.3675 -0.0743
vn -0.6282 -0.0642 -0.7754
vn -0.6533 0.0075 -0.7570
vn -0.9827 -0.1842 -0.0190
vn -0.0296 -0.1623 0.9863
vn 0.0175 -0.2263 0.9739
vn -0.6557 -0.4329 0.6186
vn -0.7141 -0.2503 0.6538
vn 0.9729 0.2096 0.0978
vn 0.9083 0.3910 0.1485
vn 0.6768 0.1367 0.7233
vn 0.7019 0.0438 0.7109
vn 0.1226 0.3020 -0.9454
vn 0.7353 0.4706 -0.4878
vn 0.7996 0.2754 -0.5337
vn 0.1617 0.2047 -0.9654
vn -0.8061 -0.1370 -0.5757
vn -0.7847 -0.2403 -0.5714
vn -0.1014 -0.2336 -0.9670
vn -0.1274 -0.0870 -0.9880
vn -0.4294 0.0484 0.9018
vn -0.4454 0.1629 0.8804
vn -0.9606 -0.0677 0.2697
vn -0.9583 -0.0843 0.2731
vn 0.7452 0.2650 0.6120
vn 0.1797 0.2697 0.9460
vn 0.1827 0.1293 0.9746
vn 0.7534 0.1584 0.6382
vn 0.5964 -0.1016 -0.7962
vn 0.9825 0.1061 -0.1530
vn 0.9806 0.1037 -0.1664
vn 0.5843 0.0037 -0.8115
vn -0.5292 -0.2052 -0.8233
vn -0.7641 -0.6226 -0.1689
vn -0.3948 -0.8678 -0.3019
vn -0.2321 -0.4131 -0.8806
vn -0.4932 -0.6864 0.5345
vn 0.1309 -0.3495 0.9277
vn 0.4162 -0.5384 0.7328
vn -0.1253 -0.9292 0.3477
vn 0.6711 0.1832 0.7184
vn 0.8290 0.5246 0.1938
vn 0.8607 0.4822 0.1636
vn 0.7931 0.0827 0.6035
vn 0.6600 0.6132 -0.4340
vn 0.1136 0.3416 -0.9329
vn 0.2709 0.2153 -0.9382
vn 0.7097 0.5591 -0.4286
vn 0.0830 -0.9416 -0.3264
vn -0.4126 -0.9105 -0.0277
vn -0.5153 -0.8508 -0.1035
vn 0.0584 -0.9017 -0.4285
vn -0.6047 -0.5674 0.5589
vn -0.2722 -0.1427 0.9516
vn -0.3559 -0.0005 0.9345
vn -0.7249 -0.4559 0.5163
vn 0.2194 0.0340 0.9750
vn 0.6586 -0.0899 0.7471
vn 0.7103 0.0591 0.7014
vn 0.2063 0.1897 0.9599
vn 0.8559 -0.4517 0.2517
vn 0.5734 -0.7901 -0.2165
vn 0.6268 -0.7164 -0.3063
vn 0.9274 -0.3285 0.1790
vn -0.8788 0.0408 -0.4755
vn -0.9206 -0.3901 -0.0181
vn -0.9824 0.0087 0.1864
vn -0.9700 0.2381 -0.0491
vn -0.7260 -0.4181 0.5460
vn -0.3701 -0.0463 0.9278
vn -0.6972 0.2052 0.6869
vn -0.8800 -0.0026 0.4749
vn -0.0364 0.4997 0.8654
vn 0.0625 0.8836 0.4641
vn -0.4775 0.7402 0.4734
vn -0.5230 0.5193 0.6759
vn -0.1452 0.9859 -0.0834
vn -0.5566 0.6487 -0.5191
vn -0.8127 0.5782 -0.0717
vn -0.5879 0.7901 0.1737
vn -0.0900 -0.2426 -0.9659
vn -0.6987 -0.1149 -0.7061
vn -0.5081 0.2924 -0.8101
vn -0.1433 0.2079 -0.9676
vn -0.9336 0.3380 -0.1190
vn -0.5443 0.7636 0.3473
vn -0.4311 0.8871 -0.1649
vn -0.6622 0.5935 -0.4574
vn 0.0579 0.9082 0.4146
vn 0.5717 0.8125 0.1140
vn 0.2576 0.9159 -0.3079
vn -0.0589 0.9906 -0.1235
vn 0.7843 0.4415 -0.4358
vn 0.4856 -0.0155 -0.8740
vn 0.2010 0.3494 -0.9152
vn 0.3854 0.6554 -0.6496
vn -0.8533 0.3902 0.3459
vn -0.1657 0.7031 -0.6915
vn -0.1663 -0.9127 -0.3731
vn -0.0231 -0.4478 -0.8939
vn 0.5674 -0.5792 0.5853
vn 0.1183 -0.9602 0.2531
vn 0.9052 0.4093 0.1144
vn 0.8594 -0.0114 0.5111
vn 0.3895 0.1345 -0.9112
vn 0.7532 0.4699 -0.4602
vn -0.7090 -0.5680 -0.4181
vn -0.0136 -0.6642 -0.7475
vn -0.5086 0.4080 0.7582
vn -0.9595 -0.0856 0.2682
vn 0.7354 0.4692 0.4889
vn 0.1517 0.5875 0.7949
vn 0.6523 -0.4273 -0.6261
vn 0.9929 0.0504 -0.1073
vn -0.8263 -0.5515 -0.1139
vn -0.7682 -0.0547 -0.6379
vn -0.1919 -0.1690 0.9668
vn -0.5969 -0.5876 0.5464
vn 0.3081 0.8567 0.4136
vn 0.1905 0.4307 0.8822
vn -0.3917 0.6131 -0.6861
vn 0.0778 0.9756 -0.2055
vn -0.7312 0.0207 -0.6819
vn -0.9934 -0.1122 0.0234
vn -0.7495 -0.1735 0.6388
vn -0.1369 -0.1430 0.9802
vn 0.6400 -0.0118 0.7683
vn 0.9871 0.1198 0.1066
vn 0.7995 0.1840 -0.5718
vn 0.0805 0.1551 -0.9846
vn -0.7625 -0.3503 -0.5440
vn -0.7497 -0.4069 -0.5219
vn -0.0547 -0.4664 -0.8829
vn -0.0717 -0.3871 -0.9192
vn -0.1480 0.0500 -0.9877
vn -0.1355 0.1124 -0.9844
vn -0.7756 0.0178 -0.6309
vn -0.8220 -0.0406 -0.5680
vn -0.4655 0.2819 0.8390
vn -0.4763 0.3415 0.8103
vn -0.9645 -0.0383 0.2613
vn -0.9629 -0.0497 0.2653
vn -0.9556 -0.1033 0.2758
vn -0.9829 -0.0958 0.1571
vn -0.4417 -0.1364 0.8867
vn -0.4140 -0.0701 0.9076
vn 0.7252 0.4294 0.5382
vn 0.1644 0.4880 0.8572
vn 0.1723 0.4156 0.8931
vn 0.7343 0.3738 0.5666
vn 0.1935 -0.0928 0.9767
vn 0.8227 0.0095 0.5683
vn 0.7573 0.0478 0.6513
vn 0.1813 -0.0153 0.9833
vn 0.6230 -0.2674 -0.7351
vn 0.9835 0.1188 -0.1364
vn 0.9837 0.1135 -0.1394
vn 0.6149 -0.2105 -0.7600
vn 0.9524 0.1159 -0.2821
vn 0.5348 0.1453 -0.8324
vn 0.5735 0.1014 -0.8129
vn 0.9785 0.1031 -0.1787
vt 0.164852 0.518167
vt 0.171516 0.516757
vt 0.169957 0.516269
vt 0.177869 0.514266
vt 0.174762 0.512483
vt 0.184288 0.510885
vt 0.178542 0.507903
vt 0.190570 0.506548
vt 0.181312 0.502913
vt 0.196635 0.501434
vt 0.183263 0.497770
vt 0.201988 0.495638
vt 0.184583 0.492523
vt 0.205515 0.489297
vt 0.185397 0.487207
vt 0.206234 0.482711
vt 0.185768 0.481820
vt 0.204213 0.476147
vt 0.185666 0.476410
vt 0.200275 0.469876
vt 0.185135 0.471058
vt 0.195451 0.464044
vt 0.184122 0.465816
vt 0.190264 0.458683
vt 0.182506 0.460706
vt 0.184780 0.453882
vt 0.180228 0.455786
vt 0.179100 0.449826
vt 0.177155 0.451232
vt 0.172960 0.446782
vt 0.158197 0.519720
vt 0.163079 0.515382
vt 0.157515 0.516206
vt 0.168074 0.513181
vt 0.172290 0.509899
vt 0.175696 0.505898
vt 0.178260 0.501435
vt 0.180105 0.496738
vt 0.181353 0.491845
vt 0.182115 0.486828
vt 0.182443 0.481728
vt 0.182362 0.476578
vt 0.181885 0.471497
vt 0.180960 0.466589
vt 0.179480 0.461885
vt 0.177380 0.457428
vt 0.174588 0.453315
vt 0.170956 0.449570
vt 0.386806 0.641738
vt 0.381903 0.666385
vt 0.322399 0.641737
vt 0.367942 0.687280
vt 0.347047 0.701241
vt 0.322399 0.706144
vt 0.297752 0.701241
vt 0.276857 0.687279
vt 0.262896 0.666385
vt 0.257993 0.641738
vt 0.262896 0.617090
vt 0.276857 0.596196
vt 0.297752 0.582234
vt 0.322399 0.577331
vt 0.347047 0.582234
vt 0.367942 0.596195
vt 0.381903 0.617090
vt 0.162406 0.513013
vt 0.157545 0.513694
vt 0.166848 0.511098
vt 0.170665 0.508197
vt 0.173740 0.504514
vt 0.176205 0.500431
vt 0.177902 0.496018
vt 0.179064 0.491366
vt 0.179769 0.486560
vt 0.180058 0.481661
vt 0.179923 0.476706
vt 0.179569 0.471819
vt 0.178743 0.467151
vt 0.177379 0.462717
vt 0.175426 0.458556
vt 0.172845 0.454754
vt 0.169567 0.451473
vt 0.118914 0.568401
vt 0.120523 0.560072
vt 0.128959 0.560107
vt 0.126551 0.572054
vt 0.113445 0.575189
vt 0.116872 0.581126
vt 0.105725 0.577678
vt 0.105917 0.583595
vt 0.098112 0.577002
vt 0.096063 0.582420
vt 0.091193 0.573975
vt 0.087031 0.578210
vt 0.085623 0.568996
vt 0.079688 0.571346
vt 0.082033 0.562733
vt 0.075040 0.563024
vt 0.080844 0.556211
vt 0.073662 0.554969
vt 0.082159 0.550276
vt 0.074674 0.547974
vt 0.085566 0.544655
vt 0.078749 0.541226
vt 0.091275 0.540253
vt 0.086051 0.535242
vt 0.098634 0.537987
vt 0.096025 0.531636
vt 0.106791 0.538858
vt 0.108774 0.531330
vt 0.114099 0.543694
vt 0.119546 0.536962
vt 0.118874 0.551135
vt 0.126677 0.547795
vt 0.132784 0.560121
vt 0.131451 0.573642
vt 0.124658 0.581137
vt 0.054667 0.442330
vt 0.061329 0.446285
vt 0.062764 0.452193
vt 0.052815 0.448916
vt 0.124434 0.532428
vt 0.128661 0.539244
vt 0.131504 0.547746
vt 0.041015 0.430445
vt 0.035982 0.415166
vt 0.042712 0.418267
vt 0.046055 0.431374
vt 0.047868 0.420438
vt 0.049399 0.431706
vt 0.046687 0.448703
vt 0.017691 0.306545
vt 0.019967 0.287044
vt 0.029683 0.288300
vt 0.027473 0.307453
vt 0.030945 0.399921
vt 0.025271 0.382092
vt 0.036807 0.380782
vt 0.039385 0.397212
vt 0.021168 0.366354
vt 0.031841 0.364067
vt 0.018221 0.346411
vt 0.016978 0.326490
vt 0.026666 0.326277
vt 0.027849 0.345101
vt 0.049940 0.408616
vt 0.054467 0.398303
vt 0.046773 0.360990
vt 0.050588 0.372883
vt 0.062580 0.358428
vt 0.066072 0.368981
vt 0.077067 0.358146
vt 0.079238 0.369308
vt 0.061517 0.390633
vt 0.070905 0.386337
vt 0.081040 0.385812
vt 0.111991 0.396270
vt 0.110162 0.382945
vt 0.121629 0.399253
vt 0.103072 0.391337
vt 0.092007 0.387649
vt 0.093948 0.371517
vt 0.093681 0.360831
vt 0.113269 0.367964
vt 0.075072 0.344059
vt 0.074574 0.328821
vt 0.089379 0.332003
vt 0.092355 0.349286
vt 0.075984 0.314998
vt 0.081645 0.303247
vt 0.096128 0.312843
vt 0.089552 0.319002
vt 0.110442 0.327799
vt 0.060041 0.343361
vt 0.043290 0.343928
vt 0.041931 0.324963
vt 0.059827 0.326454
vt 0.043295 0.308746
vt 0.060755 0.311612
vt 0.045437 0.291422
vt 0.064608 0.296016
vt 0.130375 0.513055
vt 0.135488 0.511169
vt 0.137046 0.511662
vt 0.140299 0.507403
vt 0.143388 0.509186
vt 0.144058 0.502857
vt 0.149777 0.505835
vt 0.146814 0.497905
vt 0.156055 0.501520
vt 0.148755 0.492747
vt 0.162128 0.496407
vt 0.150068 0.487491
vt 0.167488 0.490606
vt 0.150880 0.482167
vt 0.171020 0.484258
vt 0.151250 0.476773
vt 0.171741 0.477664
vt 0.151147 0.471355
vt 0.169718 0.471091
vt 0.150615 0.465997
vt 0.165775 0.464812
vt 0.149600 0.460748
vt 0.160944 0.458973
vt 0.147982 0.455631
vt 0.155750 0.453605
vt 0.145700 0.450704
vt 0.150259 0.448798
vt 0.142624 0.446144
vt 0.144571 0.444737
vt 0.138423 0.441689
vt 0.123709 0.514591
vt 0.123036 0.511072
vt 0.128608 0.510262
vt 0.133615 0.508076
vt 0.137857 0.504821
vt 0.141226 0.500860
vt 0.143767 0.496445
vt 0.145591 0.491721
vt 0.146833 0.486815
vt 0.147594 0.481789
vt 0.147920 0.476681
vt 0.147838 0.471524
vt 0.147361 0.466436
vt 0.146434 0.461522
vt 0.144952 0.456812
vt 0.142849 0.452349
vt 0.140053 0.448230
vt 0.136416 0.444480
vt 0.398044 0.641748
vt 0.462450 0.641748
vt 0.402946 0.666395
vt 0.416908 0.687290
vt 0.437803 0.701252
vt 0.462450 0.706155
vt 0.487097 0.701252
vt 0.507992 0.687291
vt 0.521954 0.666396
vt 0.526857 0.641748
vt 0.521954 0.617101
vt 0.507992 0.596206
vt 0.487097 0.582245
vt 0.462450 0.577342
vt 0.437803 0.582245
vt 0.416908 0.596206
vt 0.402947 0.617101
vt 0.123072 0.508557
vt 0.127942 0.507889
vt 0.132394 0.505985
vt 0.136233 0.503094
vt 0.139355 0.499530
vt 0.141680 0.495441
vt 0.143377 0.491002
vt 0.144538 0.486336
vt 0.145244 0.481520
vt 0.145532 0.476614
vt 0.145396 0.471652
vt 0.145042 0.466759
vt 0.144215 0.462085
vt 0.142848 0.457645
vt 0.140892 0.453479
vt 0.138307 0.449671
vt 0.135025 0.446386
vt 0.152827 0.568420
vt 0.145189 0.572064
vt 0.142795 0.560118
vt 0.151228 0.560095
vt 0.158290 0.575208
vt 0.154860 0.581143
vt 0.166009 0.577697
vt 0.165818 0.583615
vt 0.173624 0.577018
vt 0.175675 0.582439
vt 0.180546 0.573988
vt 0.184711 0.578224
vt 0.186118 0.569005
vt 0.192055 0.571353
vt 0.189707 0.562740
vt 0.196699 0.563028
vt 0.190893 0.556220
vt 0.198071 0.554973
vt 0.189576 0.550291
vt 0.197051 0.547983
vt 0.186167 0.544684
vt 0.192968 0.541247
vt 0.180460 0.540302
vt 0.185664 0.535287
vt 0.173115 0.538054
vt 0.175710 0.531725
vt 0.164981 0.538917
vt 0.163008 0.531400
vt 0.157675 0.543746
vt 0.152244 0.537021
vt 0.152891 0.551168
vt 0.145101 0.547816
vt 0.140287 0.573647
vt 0.138971 0.560126
vt 0.147074 0.581149
vt 0.208349 0.442952
vt 0.210245 0.449525
vt 0.200208 0.452906
vt 0.201641 0.446947
vt 0.143334 0.538768
vt 0.146092 0.532604
vt 0.140279 0.547701
vt 0.222078 0.430946
vt 0.217002 0.431893
vt 0.220341 0.418681
vt 0.227114 0.415544
vt 0.213633 0.432234
vt 0.215152 0.420878
vt 0.216407 0.449359
vt 0.245141 0.306180
vt 0.235313 0.307150
vt 0.232962 0.287842
vt 0.242719 0.286518
vt 0.230300 0.270493
vt 0.240394 0.269462
vt 0.232155 0.400178
vt 0.223649 0.397468
vt 0.226212 0.380919
vt 0.237830 0.382210
vt 0.231167 0.364086
vt 0.241913 0.366354
vt 0.244806 0.346275
vt 0.235117 0.344996
vt 0.236225 0.326065
vt 0.245967 0.326231
vt 0.213041 0.408974
vt 0.208461 0.398595
vt 0.212330 0.373000
vt 0.216142 0.361031
vt 0.196757 0.369096
vt 0.200254 0.358490
vt 0.183530 0.369423
vt 0.185718 0.358220
vt 0.201350 0.390883
vt 0.191892 0.386564
vt 0.181684 0.386023
vt 0.150696 0.396280
vt 0.139731 0.399332
vt 0.148534 0.383051
vt 0.159359 0.391570
vt 0.168768 0.371618
vt 0.170628 0.387817
vt 0.146354 0.367821
vt 0.169063 0.360893
vt 0.135952 0.574103
vt 0.135883 0.560130
vt 0.135988 0.581305
vt 0.206335 0.463724
vt 0.197929 0.461429
vt 0.135794 0.539556
vt 0.135761 0.532600
vt 0.135828 0.547712
vt 0.131195 0.400109
vt 0.131145 0.382163
vt 0.152243 0.328058
vt 0.144887 0.324404
vt 0.157567 0.304582
vt 0.166500 0.312964
vt 0.173182 0.289889
vt 0.180943 0.303261
vt 0.191864 0.279517
vt 0.197964 0.295903
vt 0.173330 0.332066
vt 0.188150 0.328825
vt 0.187702 0.344093
vt 0.170436 0.349336
vt 0.186676 0.314989
vt 0.173115 0.319062
vt 0.202771 0.343358
vt 0.202923 0.326394
vt 0.220880 0.324817
vt 0.219593 0.343874
vt 0.201920 0.311514
vt 0.219425 0.308539
vt 0.217166 0.291154
vt 0.212869 0.273256
vt 0.056779 0.463203
vt 0.051153 0.464616
vt 0.129822 0.368108
vt 0.117328 0.324485
vt 0.126457 0.350083
vt 0.115291 0.352821
vt 0.032258 0.270720
vt 0.049590 0.273544
vt 0.046068 0.498603
vt 0.043394 0.516541
vt 0.031227 0.515767
vt 0.034167 0.495366
vt 0.104122 0.603991
vt 0.120340 0.607739
vt 0.118488 0.618816
vt 0.100061 0.614616
vt 0.091235 0.598377
vt 0.085476 0.608316
vt 0.079327 0.590896
vt 0.072014 0.599880
vt 0.067186 0.579645
vt 0.057833 0.586845
vt 0.050043 0.552120
vt 0.057691 0.568713
vt 0.047476 0.574868
vt 0.039269 0.557096
vt 0.044220 0.534742
vt 0.032282 0.536312
vt 0.225606 0.516507
vt 0.222917 0.498491
vt 0.234825 0.495236
vt 0.237781 0.515732
vt 0.148634 0.607740
vt 0.164855 0.603994
vt 0.168916 0.614621
vt 0.150479 0.618823
vt 0.177746 0.598379
vt 0.183505 0.608321
vt 0.189657 0.590896
vt 0.196972 0.599884
vt 0.201802 0.579642
vt 0.211160 0.586845
vt 0.211303 0.568705
vt 0.221521 0.574863
vt 0.218954 0.552104
vt 0.224780 0.534718
vt 0.236724 0.536288
vt 0.229733 0.557083
vt 0.217640 0.483428
vt 0.229533 0.477528
vt 0.134641 0.609273
vt 0.134675 0.620676
vt 0.016969 0.514918
vt 0.020251 0.491883
vt 0.116183 0.632673
vt 0.095213 0.627718
vt 0.078597 0.620497
vt 0.063277 0.610835
vt 0.046948 0.595866
vt 0.035545 0.582280
vt 0.026098 0.562863
vt 0.018148 0.538332
vt 0.248750 0.491750
vt 0.252046 0.514883
vt 0.173763 0.627726
vt 0.152783 0.632680
vt 0.190384 0.620506
vt 0.205711 0.610844
vt 0.222048 0.595871
vt 0.233458 0.582280
vt 0.250866 0.538309
vt 0.242911 0.562854
vt 0.243034 0.472068
vt 0.134745 0.634528
vt 0.117576 0.584745
vt 0.109135 0.588754
vt 0.096524 0.587361
vt 0.085964 0.582325
vt 0.077548 0.574211
vt 0.072576 0.564979
vt 0.070548 0.555405
vt 0.072172 0.546057
vt 0.077443 0.538077
vt 0.124882 0.587194
vt 0.110551 0.526588
vt 0.123265 0.527130
vt 0.098334 0.527340
vt 0.086266 0.531398
vt 0.162599 0.588776
vt 0.154156 0.584763
vt 0.175217 0.587383
vt 0.185781 0.582341
vt 0.194198 0.574219
vt 0.199166 0.564981
vt 0.201185 0.555405
vt 0.199549 0.546064
vt 0.194268 0.538099
vt 0.185439 0.531448
vt 0.173068 0.527457
vt 0.161248 0.526650
vt 0.146846 0.587206
vt 0.146953 0.527320
vt 0.135991 0.588509
vt 0.135810 0.527560
vt 0.099604 0.348962
vt 0.106258 0.349168
vt 0.095031 0.338507
vt 0.095157 0.343377
vt 0.103192 0.333989
vt 0.097913 0.334900
vt 0.110491 0.344391
vt 0.109582 0.337188
vt 0.145133 0.352534
vt 0.155851 0.349814
vt 0.163092 0.349082
vt 0.153029 0.337344
vt 0.151807 0.344493
vt 0.164834 0.335014
vt 0.159422 0.334153
vt 0.167652 0.343534
vt 0.167711 0.338601
vt 0.101158 0.345196
vt 0.104319 0.345161
vt 0.098501 0.340084
vt 0.098616 0.342728
vt 0.102832 0.337985
vt 0.099924 0.338397
vt 0.106176 0.342795
vt 0.105598 0.339863
vt 0.158318 0.345688
vt 0.161572 0.345405
vt 0.157018 0.340067
vt 0.156351 0.343313
vt 0.162764 0.338576
vt 0.159809 0.338180
vt 0.164094 0.342896
vt 0.164194 0.340250
vt 0.101465 0.343862
vt 0.103248 0.343972
vt 0.099707 0.340993
vt 0.099871 0.342438
vt 0.102270 0.339848
vt 0.100495 0.340044
vt 0.104310 0.342703
vt 0.103985 0.340972
vt 0.159457 0.344182
vt 0.161207 0.344091
vt 0.158656 0.341262
vt 0.158336 0.342972
vt 0.162188 0.340242
vt 0.160239 0.340168
vt 0.162811 0.342628
vt 0.162980 0.341181
vt 0.082888 0.412494
vt 0.082815 0.415864
vt 0.073963 0.415242
vt 0.074022 0.412151
vt 0.074299 0.405856
vt 0.083198 0.405746
vt 0.083032 0.408535
vt 0.074161 0.408500
vt 0.074796 0.400964
vt 0.083554 0.400644
vt 0.083407 0.403512
vt 0.074537 0.403740
vt 0.082925 0.418635
vt 0.082930 0.421118
vt 0.074342 0.420513
vt 0.074167 0.417933
vt 0.091521 0.445278
vt 0.083758 0.445347
vt 0.083968 0.441996
vt 0.091799 0.441986
vt 0.090572 0.450937
vt 0.082953 0.451025
vt 0.083304 0.448248
vt 0.090970 0.448168
vt 0.083149 0.433393
vt 0.082678 0.430379
vt 0.090450 0.430213
vt 0.090999 0.433264
vt 0.083886 0.438225
vt 0.083570 0.435575
vt 0.091480 0.435447
vt 0.091789 0.438159
vt 0.074741 0.397935
vt 0.083413 0.397685
vt 0.083009 0.454081
vt 0.090718 0.453976
vt 0.091378 0.416825
vt 0.091697 0.413006
vt 0.098061 0.413520
vt 0.097738 0.417839
vt 0.091780 0.408582
vt 0.091865 0.405499
vt 0.098755 0.405251
vt 0.098350 0.408777
vt 0.091843 0.403021
vt 0.091596 0.399881
vt 0.098021 0.398483
vt 0.098756 0.402195
vt 0.090550 0.422252
vt 0.091051 0.419828
vt 0.097243 0.421470
vt 0.096187 0.424416
vt 0.127551 0.413393
vt 0.131266 0.411140
vt 0.134151 0.413401
vt 0.128785 0.416165
vt 0.133147 0.407800
vt 0.133090 0.404001
vt 0.136890 0.403544
vt 0.136967 0.408931
vt 0.115221 0.408219
vt 0.117415 0.411635
vt 0.114940 0.414430
vt 0.112080 0.409692
vt 0.119777 0.413469
vt 0.123044 0.414226
vt 0.122642 0.417437
vt 0.118150 0.416840
vt 0.091121 0.396963
vt 0.096780 0.395035
vt 0.113910 0.404170
vt 0.110042 0.404071
vt 0.108025 0.566057
vt 0.099149 0.566836
vt 0.100013 0.563384
vt 0.105613 0.562876
vt 0.091615 0.560794
vt 0.090856 0.553641
vt 0.094661 0.554993
vt 0.095115 0.559542
vt 0.095337 0.549140
vt 0.103461 0.548750
vt 0.102691 0.552008
vt 0.097543 0.552210
vt 0.110554 0.553027
vt 0.112553 0.559729
vt 0.108512 0.558906
vt 0.107268 0.554654
vt 0.176428 0.562479
vt 0.169552 0.566609
vt 0.169878 0.562492
vt 0.173802 0.560104
vt 0.163175 0.563762
vt 0.161583 0.557349
vt 0.165200 0.557163
vt 0.166077 0.560991
vt 0.165064 0.551097
vt 0.171277 0.547888
vt 0.170921 0.551641
vt 0.167359 0.553565
vt 0.176464 0.549260
vt 0.179067 0.554738
vt 0.175474 0.555542
vt 0.173954 0.552333
vt 0.101440 0.557370
vt 0.170341 0.556760
vt 0.101230 0.413874
vt 0.101398 0.418475
vt 0.102375 0.405203
vt 0.101735 0.408877
vt 0.101552 0.397433
vt 0.102315 0.401849
vt 0.101073 0.422765
vt 0.099460 0.426364
vt 0.136895 0.415749
vt 0.130228 0.419567
vt 0.141403 0.403508
vt 0.140666 0.410187
vt 0.112214 0.417522
vt 0.108083 0.411675
vt 0.122343 0.421262
vt 0.116568 0.420380
vt 0.099912 0.392800
vt 0.105628 0.404644
vt 0.097965 0.571040
vt 0.110602 0.569812
vt 0.086710 0.552352
vt 0.087675 0.562398
vt 0.104723 0.543192
vt 0.092456 0.545096
vt 0.117246 0.560836
vt 0.115413 0.550475
vt 0.169689 0.571711
vt 0.180690 0.566154
vt 0.154881 0.557700
vt 0.159322 0.568256
vt 0.171984 0.541568
vt 0.160129 0.545752
vt 0.184601 0.553719
vt 0.180194 0.545090
vt 0.063581 0.414638
vt 0.063196 0.411823
vt 0.063390 0.408515
vt 0.063879 0.406025
vt 0.064473 0.404004
vt 0.064999 0.401261
vt 0.064677 0.419926
vt 0.064263 0.417248
vt 0.064982 0.398123
vt 0.075624 0.445371
vt 0.069759 0.445135
vt 0.069930 0.442070
vt 0.075751 0.442029
vt 0.100171 0.441996
vt 0.107454 0.442006
vt 0.106952 0.444907
vt 0.099830 0.445158
vt 0.074948 0.450983
vt 0.068961 0.450603
vt 0.069352 0.447866
vt 0.075271 0.448239
vt 0.099140 0.448012
vt 0.106055 0.447604
vt 0.105470 0.450309
vt 0.098643 0.450750
vt 0.068863 0.434340
vt 0.068412 0.431433
vt 0.074494 0.430767
vt 0.074935 0.433706
vt 0.105599 0.430477
vt 0.106197 0.433636
vt 0.099253 0.433287
vt 0.098665 0.430193
vt 0.069663 0.438837
vt 0.069265 0.436469
vt 0.075305 0.435855
vt 0.075616 0.438401
vt 0.106855 0.435777
vt 0.107352 0.438439
vt 0.100170 0.438204
vt 0.099811 0.435459
vt 0.068743 0.453692
vt 0.074865 0.454042
vt 0.105732 0.453306
vt 0.098859 0.453748
vt 0.022221 0.269652
vt 0.065095 0.460842
vt 0.104625 0.304780
vt 0.089078 0.290149
vt 0.070482 0.279803
vt 0.212028 0.465056
vt 0.132392 0.368037
vt 0.135687 0.349967
vt 0.039632 0.477234
vt 0.051486 0.483196
vt 0.026194 0.471644
s 1
usemtl 03_-_Default
f 1392/1945/2091 1393/1946/2092 1408/1947/2093
f 1393/1946/2092 1394/1948/2094 1409/1949/2095 1408/1947/2093
f 1394/1948/2094 1395/1950/2096 1410/1951/2097 1409/1949/2095
f 1395/1950/2096 1396/1952/2098 1411/1953/2099 1410/1951/2097
f 1396/1952/2098 1397/1954/2100 1412/1955/2101 1411/1953/2099
f 1397/1954/2100 1398/1956/2102 1413/1957/2103 1412/1955/2101
f 1398/1956/2102 1399/1958/2104 1414/1959/2105 1413/1957/2103
f 1399/1958/2104 1400/1960/2106 1415/1961/2107 1414/1959/2105
f 1400/1960/2106 1401/1962/2108 1416/1963/2109 1415/1961/2107
f 1401/1962/2108 1402/1964/2110 1417/1965/2111 1416/1963/2109
f 1402/1964/2110 1403/1966/2112 1418/1967/2113 1417/1965/2111
f 1403/1966/2112 1404/1968/2114 1419/1969/2115 1418/1967/2113
f 1404/1968/2114 1405/1970/2116 1420/1971/2117 1419/1969/2115
f 1405/1970/2116 1406/1972/2118 1421/1973/2119 1420/1971/2117
f 1406/1972/2118 1407/1974/2120 1421/1973/2119
f 1407/1975/2120 1392/1945/2091 1423/1976/2121 1422/1977/2122
f 1392/1945/2091 1408/1947/2093 1424/1978/2123 1423/1976/2121
f 1408/1947/2093 1409/1949/2095 1425/1979/2124 1424/1978/2123
f 1409/1949/2095 1410/1951/2097 1426/1980/2125 1425/1979/2124
f 1410/1951/2097 1411/1953/2099 1427/1981/2126 1426/1980/2125
f 1411/1953/2099 1412/1955/2101 1428/1982/2127 1427/1981/2126
f 1412/1955/2101 1413/1957/2103 1429/1983/2128 1428/1982/2127
f 1413/1957/2103 1414/1959/2105 1430/1984/2129 1429/1983/2128
f 1414/1959/2105 1415/1961/2107 1431/1985/2130 1430/1984/2129
f 1415/1961/2107 1416/1963/2109 1432/1986/2131 1431/1985/2130
f 1416/1963/2109 1417/1965/2111 1433/1987/2132 1432/1986/2131
f 1417/1965/2111 1418/1967/2113 1434/1988/2133 1433/1987/2132
f 1418/1967/2113 1419/1969/2115 1435/1989/2134 1434/1988/2133
f 1419/1969/2115 1420/1971/2117 1436/1990/2135 1435/1989/2134
f 1420/1971/2117 1421/1973/2119 1437/1991/2136 1436/1990/2135
f 1421/1973/2119 1407/1974/2120 1422/1992/2122 1437/1991/2136
f 1439/1993/2137 1440/1994/2138 1438/1995/2139
f 1440/1994/2138 1441/1996/2140 1438/1995/2139
f 1441/1996/2140 1442/1997/2141 1438/1995/2139
f 1442/1997/2141 1443/1998/2142 1438/1995/2139
f 1443/1998/2142 1444/1999/2143 1438/1995/2139
f 1444/1999/2143 1445/2000/2144 1438/1995/2139
f 1445/2000/2144 1446/2001/2145 1438/1995/2139
f 1446/2001/2145 1447/2002/2146 1438/1995/2139
f 1447/2002/2146 1448/2003/2147 1438/1995/2139
f 1448/2003/2147 1449/2004/2148 1438/1995/2139
f 1449/2004/2148 1450/2005/2149 1438/1995/2139
f 1450/2005/2149 1451/2006/2150 1438/1995/2139
f 1451/2006/2150 1452/2007/2151 1438/1995/2139
f 1452/2007/2151 1453/2008/2152 1438/1995/2139
f 1453/2008/2152 1454/2009/2153 1438/1995/2139
f 1454/2009/2153 1439/1993/2137 1438/1995/2139
f 1422/1977/2154 1423/1976/2155 1440/2010/2155 1439/2011/2154
f 1423/1976/2155 1424/1978/2156 1441/2012/2156 1440/2010/2155
f 1424/1978/2156 1425/1979/2157 1442/2013/2157 1441/2012/2156
f 1425/1979/2157 1426/1980/2158 1443/2014/2158 1442/2013/2157
f 1426/1980/2158 1427/1981/2159 1444/2015/2159 1443/2014/2158
f 1427/1981/2159 1428/1982/2160 1445/2016/2160 1444/2015/2159
f 1428/1982/2160 1429/1983/2161 1446/2017/2161 1445/2016/2160
f 1429/1983/2161 1430/1984/2162 1447/2018/2162 1446/2017/2161
f 1430/1984/2162 1431/1985/2163 1448/2019/2163 1447/2018/2162
f 1431/1985/2163 1432/1986/2164 1449/2020/2164 1448/2019/2163
f 1432/1986/2164 1433/1987/2165 1450/2021/2165 1449/2020/2164
f 1433/1987/2165 1434/1988/2166 1451/2022/2166 1450/2021/2165
f 1434/1988/2166 1435/1989/2167 1452/2023/2167 1451/2022/2166
f 1435/1989/2167 1436/1990/2168 1453/2024/2168 1452/2023/2167
f 1436/1990/2168 1437/1991/2169 1454/2025/2169 1453/2024/2168
f 1437/1991/2169 1422/1992/2154 1439/2026/2154 1454/2025/2169
f 1392/2027/2170 1407/2028/2171 1455/2029/2172 1456/2030/2173
f 1393/2031/2174 1392/2027/2170 1456/2030/2173 1457/2032/2175
f 1394/2033/2176 1393/2031/2174 1457/2032/2175 1458/2034/2177
f 1395/2035/2178 1394/2033/2176 1458/2034/2177 1459/2036/2179
f 1396/2037/2180 1395/2035/2178 1459/2036/2179 1460/2038/2181
f 1397/2039/2182 1396/2037/2180 1460/2038/2181 1461/2040/2183
f 1398/2041/2184 1397/2039/2182 1461/2040/2183 1462/2042/2185
f 1399/2043/2186 1398/2041/2184 1462/2042/2185 1463/2044/2187
f 1400/2045/2188 1399/2043/2186 1463/2044/2187 1464/2046/2189
f 1401/2047/2190 1400/2045/2188 1464/2046/2189 1474/2048/2191
f 1402/2049/2192 1401/2047/2190 1474/2048/2191 1475/2050/2193
f 1403/2051/2194 1402/2049/2192 1475/2050/2193 1473/2052/2195
f 1404/2053/2196 1403/2051/2194 1473/2052/2195 1679/2054/2197
f 1405/2055/2198 1404/2053/2196 1679/2054/2197 1465/2056/2199
f 1406/2057/2200 1405/2055/2198 1465/2056/2199 1466/2058/2201
f 1407/2028/2171 1406/2057/2200 1466/2058/2201 1455/2029/2172
f 1456/2030/2173 1455/2029/2172 1467/2059/2202 1468/2060/2203
f 1457/2032/2175 1456/2030/2173 1468/2060/2203 1469/2061/2204
f 1671/2062/2205 1670/2063/2206 1680/2064/2207 1620/2065/2208
f 1465/2056/2199 1679/2054/2197 1681/2066/2209 1471/2067/2210
f 1466/2058/2201 1465/2056/2199 1471/2067/2210 1472/2068/2211
f 1455/2029/2172 1466/2058/2201 1472/2068/2211 1467/2059/2202
f 1386/2069/2212 1387/2070/2213 1476/2071/2214 1477/2072/2215
f 1673/2073/2216 1672/2074/2217 1477/2072/2215 1476/2071/2214
f 1477/2072/2215 1672/2074/2217 1671/2062/2205 1620/2065/2208
f 1477/2072/2215 1620/2065/2208 1385/2075/2218 1386/2069/2212
f 1384/2076/2219 1507/2077/2220 1491/2078/2221 1478/2079/2222
f 1388/2080/2223 1389/2081/2224 1480/2082/2225 1479/2083/2226
f 1389/2081/2224 1878/2084/2227 1879/2085/2228 1480/2082/2225
f 1390/2086/2229 1391/2087/2230 1482/2088/2231 1481/2089/2232
f 1391/2087/2230 1384/2076/2219 1478/2079/2222 1482/2088/2231
f 1479/2083/2226 1476/2071/2214 1387/2070/2213 1388/2080/2223
f 1476/2071/2214 1479/2083/2226 1674/2090/2233 1673/2073/2216
f 1479/2083/2226 1480/2082/2225 1675/2091/2234 1674/2090/2233
f 1879/2085/2228 1880/2092/2235 1484/2093/2236 1480/2082/2225
f 1484/2093/2236 1880/2092/2235 1881/2094/2237 1485/2095/2238
f 1485/2095/2238 1881/2094/2237 1882/2096/2239 1488/2097/2240
f 1484/2093/2236 1676/2098/2241 1675/2091/2234 1480/2082/2225
f 1485/2095/2238 1677/2099/2242 1676/2098/2241 1484/2093/2236
f 1488/2097/2240 1683/2100/2243 1677/2099/2242 1485/2095/2238
f 1678/2101/2244 1487/2102/2245 1470/2103/2246
f 1682/2104/2247 1684/2105/2248 1489/2106/2249 1487/2102/2245
f 1684/2105/2248 1683/2100/2243 1488/2097/2240 1489/2106/2249
f 1489/2106/2249 1883/2107/2250 1891/2108/2251 1487/2102/2245
f 1488/2097/2240 1882/2096/2239 1883/2107/2250 1489/2106/2249
f 1486/2109/2252 1497/2110/2253 1498/2111/2254 1490/2112/2255
f 1495/2113/2256 1493/2114/2257 1494/2115/2258 1496/2116/2259
f 1497/2110/2253 1495/2113/2256 1496/2116/2259 1498/2111/2254
f 1496/2116/2259 1494/2115/2258 1492/2117/2260 1498/2111/2254
f 1499/2118/2261 1500/2119/2262 1501/2120/2263 1502/2121/2264
f 1502/2121/2264 1501/2120/2263 1503/2122/2265 1504/2123/2266
f 1505/2124/2267 1506/2125/2268 1504/2123/2266 1503/2122/2265
f 1481/2089/2232 1482/2088/2231 1501/2120/2263 1500/2119/2262
f 1502/2121/2264 1497/2110/2253 1486/2109/2252 1499/2118/2261
f 1501/2120/2263 1482/2088/2231 1478/2079/2222 1503/2122/2265
f 1504/2123/2266 1495/2113/2256 1497/2110/2253 1502/2121/2264
f 1506/2125/2268 1493/2114/2257 1495/2113/2256 1504/2123/2266
f 1503/2122/2265 1478/2079/2222 1491/2078/2221 1505/2124/2267
f 1518/2126/2269 1520/2127/2270 1519/2128/2271
f 1519/2128/2271 1520/2127/2270 1522/2129/2272 1521/2130/2273
f 1521/2130/2273 1522/2129/2272 1524/2131/2274 1523/2132/2275
f 1523/2132/2275 1524/2131/2274 1526/2133/2276 1525/2134/2277
f 1525/2134/2277 1526/2133/2276 1528/2135/2278 1527/2136/2279
f 1527/2136/2279 1528/2135/2278 1530/2137/2280 1529/2138/2281
f 1529/2138/2281 1530/2137/2280 1532/2139/2282 1531/2140/2283
f 1531/2140/2283 1532/2139/2282 1534/2141/2284 1533/2142/2285
f 1533/2142/2285 1534/2141/2284 1536/2143/2286 1535/2144/2287
f 1535/2144/2287 1536/2143/2286 1538/2145/2288 1537/2146/2289
f 1537/2146/2289 1538/2145/2288 1540/2147/2290 1539/2148/2291
f 1539/2148/2291 1540/2147/2290 1542/2149/2292 1541/2150/2293
f 1541/2150/2293 1542/2149/2292 1544/2151/2294 1543/2152/2295
f 1543/2152/2295 1544/2151/2294 1546/2153/2296 1545/2154/2297
f 1545/2154/2297 1546/2153/2296 1517/2155/2298
f 1517/2156/2298 1548/2157/2299 1547/2158/2300 1518/2126/2269
f 1518/2126/2269 1547/2158/2300 1549/2159/2301 1520/2127/2270
f 1520/2127/2270 1549/2159/2301 1550/2160/2126 1522/2129/2272
f 1522/2129/2272 1550/2160/2126 1551/2161/2125 1524/2131/2274
f 1524/2131/2274 1551/2161/2125 1552/2162/2124 1526/2133/2276
f 1526/2133/2276 1552/2162/2124 1553/2163/2302 1528/2135/2278
f 1528/2135/2278 1553/2163/2302 1554/2164/2303 1530/2137/2280
f 1530/2137/2280 1554/2164/2303 1555/2165/2304 1532/2139/2282
f 1532/2139/2282 1555/2165/2304 1556/2166/2305 1534/2141/2284
f 1534/2141/2284 1556/2166/2305 1557/2167/2135 1536/2143/2286
f 1536/2143/2286 1557/2167/2135 1558/2168/2134 1538/2145/2288
f 1538/2145/2288 1558/2168/2134 1559/2169/2133 1540/2147/2290
f 1540/2147/2290 1559/2169/2133 1560/2170/2132 1542/2149/2292
f 1542/2149/2292 1560/2170/2132 1561/2171/2131 1544/2151/2294
f 1544/2151/2294 1561/2171/2131 1562/2172/2306 1546/2153/2296
f 1546/2153/2296 1562/2172/2306 1548/2173/2299 1517/2155/2298
f 1563/2174/2146 1565/2175/2139 1564/2176/2145
f 1564/2176/2145 1565/2175/2139 1566/2177/2144
f 1566/2177/2144 1565/2175/2139 1567/2178/2143
f 1567/2178/2143 1565/2175/2139 1568/2179/2142
f 1568/2179/2142 1565/2175/2139 1569/2180/2141
f 1569/2180/2141 1565/2175/2139 1570/2181/2140
f 1570/2181/2140 1565/2175/2139 1571/2182/2138
f 1571/2182/2138 1565/2175/2139 1572/2183/2137
f 1572/2183/2137 1565/2175/2139 1573/2184/2153
f 1573/2184/2153 1565/2175/2139 1574/2185/2152
f 1574/2185/2152 1565/2175/2139 1575/2186/2151
f 1575/2186/2151 1565/2175/2139 1576/2187/2150
f 1576/2187/2150 1565/2175/2139 1577/2188/2149
f 1577/2188/2149 1565/2175/2139 1578/2189/2148
f 1578/2189/2148 1565/2175/2139 1579/2190/2147
f 1579/2190/2147 1565/2175/2139 1563/2174/2146
f 1548/2157/2162 1563/2191/2162 1564/2192/2161 1547/2158/2161
f 1547/2158/2161 1564/2192/2161 1566/2193/2160 1549/2159/2160
f 1549/2159/2160 1566/2193/2160 1567/2194/2159 1550/2160/2159
f 1550/2160/2159 1567/2194/2159 1568/2195/2158 1551/2161/2158
f 1551/2161/2158 1568/2195/2158 1569/2196/2157 1552/2162/2157
f 1552/2162/2157 1569/2196/2157 1570/2197/2156 1553/2163/2156
f 1553/2163/2156 1570/2197/2156 1571/2198/2155 1554/2164/2155
f 1554/2164/2155 1571/2198/2155 1572/2199/2154 1555/2165/2154
f 1555/2165/2154 1572/2199/2154 1573/2200/2169 1556/2166/2169
f 1556/2166/2169 1573/2200/2169 1574/2201/2168 1557/2167/2168
f 1557/2167/2168 1574/2201/2168 1575/2202/2167 1558/2168/2167
f 1558/2168/2167 1575/2202/2167 1576/2203/2166 1559/2169/2166
f 1559/2169/2166 1576/2203/2166 1577/2204/2165 1560/2170/2165
f 1560/2170/2165 1577/2204/2165 1578/2205/2164 1561/2171/2164
f 1561/2171/2164 1578/2205/2164 1579/2206/2163 1562/2172/2163
f 1562/2172/2163 1579/2206/2163 1563/2207/2162 1548/2173/2162
f 1518/2208/2307 1581/2209/2308 1580/2210/2309 1517/2211/2310
f 1519/2212/2311 1686/2213/2312 1581/2209/2308 1518/2208/2307
f 1521/2214/2313 1582/2215/2314 1686/2213/2312 1519/2212/2311
f 1523/2216/2315 1583/2217/2316 1582/2215/2314 1521/2214/2313
f 1525/2218/2317 1584/2219/2318 1583/2217/2316 1523/2216/2315
f 1527/2220/2319 1585/2221/2320 1584/2219/2318 1525/2218/2317
f 1529/2222/2321 1586/2223/2322 1585/2221/2320 1527/2220/2319
f 1531/2224/2323 1587/2225/2324 1586/2223/2322 1529/2222/2321
f 1533/2226/2325 1588/2227/2326 1587/2225/2324 1531/2224/2323
f 1535/2228/2327 1589/2229/2328 1588/2227/2326 1533/2226/2325
f 1537/2230/2329 1590/2231/2330 1589/2229/2328 1535/2228/2327
f 1539/2232/2331 1591/2233/2332 1590/2231/2330 1537/2230/2329
f 1541/2234/2333 1592/2235/2334 1591/2233/2332 1539/2232/2331
f 1543/2236/2335 1593/2237/2336 1592/2235/2334 1541/2234/2333
f 1545/2238/2337 1594/2239/2338 1593/2237/2336 1543/2236/2335
f 1517/2211/2310 1580/2210/2309 1594/2239/2338 1545/2238/2337
f 1581/2209/2308 1596/2240/2339 1595/2241/2340 1580/2210/2309
f 1686/2213/2312 1597/2242/2341 1596/2240/2339 1581/2209/2308
f 1687/2243/2342 1598/2244/2343 1698/2245/2344 1685/2246/2345
f 1593/2237/2336 1600/2247/2346 1699/2248/2347 1592/2235/2334
f 1594/2239/2338 1601/2249/2348 1600/2247/2346 1593/2237/2336
f 1580/2210/2309 1595/2241/2340 1601/2249/2348 1594/2239/2338
f 1510/2250/2349 1603/2251/2350 1602/2252/2351 1512/2253/2352
f 1603/2251/2350 1688/2254/2353 1689/2255/2354 1602/2252/2351
f 1603/2251/2350 1598/2244/2343 1687/2243/2342 1688/2254/2353
f 1511/2256/2355 1598/2244/2343 1603/2251/2350 1510/2250/2349
f 1509/2257/2356 1605/2258/2357 1604/2259/2358 1508/2260/2359
f 1508/2260/2359 1604/2259/2358 1897/2261/2360 1896/2262/2361
f 1513/2263/2362 1607/2264/2363 1606/2265/2364 1514/2266/2365
f 1514/2266/2365 1606/2265/2364 1885/2267/2366 1884/2268/2367
f 1515/2269/2368 1608/2270/2369 1609/2271/2370 1516/2272/2371
f 1516/2272/2371 1609/2271/2370 1605/2258/2357 1509/2257/2356
f 1512/2253/2352 1602/2252/2351 1607/2264/2363 1513/2263/2362
f 1602/2252/2351 1689/2255/2354 1690/2273/2372 1607/2264/2363
f 1607/2264/2363 1690/2273/2372 1691/2274/2373 1606/2265/2364
f 1611/2275/2374 1886/2276/2375 1885/2267/2366 1606/2265/2364
f 1611/2275/2374 1613/2277/2376 1887/2278/2377 1886/2276/2375
f 1613/2277/2376 1615/2279/2378 1888/2280/2379 1887/2278/2377
f 1691/2274/2373 1692/2281/2380 1611/2275/2374 1606/2265/2364
f 1692/2281/2380 1693/2282/2381 1613/2277/2376 1611/2275/2374
f 1693/2282/2381 1694/2283/2382 1615/2279/2378 1613/2277/2376
f 1697/2284/2383 1599/2285/2384 1616/2286/2385
f 1696/2287/2386 1616/2286/2385 1617/2288/2387 1695/2289/2388
f 1695/2289/2388 1617/2288/2387 1615/2279/2378 1694/2283/2382
f 1890/2290/2389 1889/2291/2390 1617/2288/2387 1616/2286/2385
f 1615/2279/2378 1617/2288/2387 1889/2291/2390 1888/2280/2379
f 1899/2292/2391 1898/2293/2392 1595/2241/2340 1596/2240/2339
f 1917/2294/2393 1899/2292/2391 1596/2240/2339 1597/2242/2341
f 1901/2295/2394 1900/2296/2395 1698/2245/2344 1598/2244/2343
f 1600/2247/2346 1903/2297/2396 1902/2298/2397 1699/2248/2347
f 1601/2249/2348 1904/2299/2398 1903/2297/2396 1600/2247/2346
f 1595/2241/2340 1898/2293/2392 1904/2299/2398 1601/2249/2348
f 1599/2285/2384 1918/2300/2399 1905/2301/2400 1616/2286/2385
f 1621/2302/2401 1907/2303/2402 1906/2304/2403 1622/2305/2404
f 1622/2305/2404 1906/2304/2403 1908/2306/2405 1623/2307/2406
f 1623/2307/2406 1908/2306/2405 1909/2308/2407 1624/2309/2408
f 1626/2310/2409 1625/2311/2410 1614/2312/2411 1618/2313/2412
f 1627/2314/2413 1628/2315/2414 1622/2305/2404 1623/2307/2406
f 1625/2311/2410 1626/2310/2409 1628/2315/2414 1627/2314/2413
f 1621/2302/2401 1622/2305/2404 1628/2315/2414 1626/2310/2409
f 1612/2316/2415 1630/2317/2416 1629/2318/2417 1610/2319/2418
f 1630/2317/2416 1632/2320/2419 1631/2321/2420 1629/2318/2417
f 1633/2322/2421 1631/2321/2420 1632/2320/2419 1624/2309/2408
f 1624/2309/2408 1909/2308/2407 1910/2323/2422 1633/2322/2421
f 1629/2318/2417 1609/2271/2370 1608/2270/2369 1610/2319/2418
f 1630/2317/2416 1612/2316/2415 1614/2312/2411 1625/2311/2410
f 1629/2318/2417 1631/2321/2420 1605/2258/2357 1609/2271/2370
f 1632/2320/2419 1630/2317/2416 1625/2311/2410 1627/2314/2413
f 1624/2309/2408 1632/2320/2419 1627/2314/2413 1623/2307/2406
f 1631/2321/2420 1633/2322/2421 1604/2259/2358 1605/2258/2357
f 1385/2075/2218 1620/2065/2208 1901/2324/2394 1911/2325/2423
f 1891/2108/2251 1919/2326/2424 1905/2301/2400 1487/2102/2245
f 1492/2117/2260 1907/2327/2402 1912/2328/2425 1483/2329/2426
f 1491/2078/2221 1897/2330/2360 1910/2331/2422 1505/2124/2267
f 1507/2332/2427 1384/2333/2428 1634/2334/2429 1642/2335/2430
f 1386/2336/2431 1385/2337/2432 1635/2338/2433 1636/2339/2434
f 1387/2340/2435 1386/2336/2431 1636/2339/2434 1637/2341/2436
f 1388/2342/2437 1387/2340/2435 1637/2341/2436 1638/2343/2438
f 1389/2344/2439 1388/2342/2437 1638/2343/2438 1639/2345/2440
f 1390/2346/2441 1878/2347/2442 1892/2348/2443 1640/2349/2444
f 1391/2350/2445 1390/2346/2441 1640/2349/2444 1641/2351/2446
f 1384/2333/2428 1391/2350/2445 1641/2351/2446 1634/2334/2429
f 1509/2352/2447 1508/2353/2448 1643/2354/2449 1644/2355/2450
f 1511/2356/2451 1510/2357/2452 1645/2358/2453 1646/2359/2454
f 1510/2357/2452 1512/2360/2455 1647/2361/2456 1645/2358/2453
f 1512/2360/2455 1513/2362/2457 1648/2363/2458 1647/2361/2456
f 1513/2362/2457 1514/2364/2459 1649/2365/2460 1648/2363/2458
f 1514/2364/2459 1884/2366/2461 1893/2367/2462 1649/2365/2460
f 1515/2368/2463 1516/2369/2464 1651/2370/2465 1650/2371/2466
f 1516/2369/2464 1509/2352/2447 1644/2355/2450 1651/2370/2465
f 1508/2353/2448 1896/2372/2467 1913/2373/2468 1643/2354/2449
f 1385/2337/2432 1911/2374/2469 1914/2375/2470 1635/2338/2433
f 1642/2335/2430 1634/2334/2429 1652/2376/2471 1660/2377/2472
f 1636/2339/2434 1635/2338/2433 1653/2378/2473 1654/2379/2474
f 1637/2341/2436 1636/2339/2434 1654/2379/2474 1655/2380/2475
f 1638/2343/2438 1637/2341/2436 1655/2380/2475 1656/2381/2476
f 1639/2345/2440 1638/2343/2438 1656/2381/2476 1657/2382/2477
f 1640/2349/2444 1892/2348/2443 1894/2383/2478 1658/2384/2479
f 1641/2351/2446 1640/2349/2444 1658/2384/2479 1659/2385/2480
f 1634/2334/2429 1641/2351/2446 1659/2385/2480 1652/2376/2471
f 1644/2355/2450 1643/2354/2449 1661/2386/2481 1662/2387/2482
f 1646/2359/2454 1645/2358/2453 1663/2388/2483 1664/2389/2484
f 1645/2358/2453 1647/2361/2456 1665/2390/2485 1663/2388/2483
f 1647/2361/2456 1648/2363/2458 1666/2391/2486 1665/2390/2485
f 1648/2363/2458 1649/2365/2460 1667/2392/2487 1666/2391/2486
f 1649/2365/2460 1893/2367/2462 1895/2393/2488 1667/2392/2487
f 1650/2371/2466 1651/2370/2465 1669/2394/2489 1668/2395/2490
f 1651/2370/2465 1644/2355/2450 1662/2387/2482 1669/2394/2489
f 1643/2354/2449 1913/2373/2468 1915/2396/2491 1661/2386/2481
f 1635/2338/2433 1914/2375/2470 1916/2397/2492 1653/2378/2473
f 1457/2032/2493 1670/2398/2493 1671/2399/2494 1458/2034/2495
f 1458/2034/2495 1671/2399/2494 1672/2400/2496 1459/2036/2497
f 1459/2036/2497 1672/2400/2496 1673/2401/2498 1460/2038/2499
f 1460/2038/2499 1673/2401/2498 1674/2402/2500 1461/2040/2501
f 1461/2040/2501 1674/2402/2500 1675/2403/2502 1462/2042/2503
f 1462/2042/2503 1675/2403/2502 1676/2404/2504 1463/2044/2505
f 1463/2044/2505 1676/2404/2504 1677/2405/2506 1464/2046/2506
f 1464/2046/2507 1677/2405/2507 1683/2406/2508 1474/2048/2509
f 1670/2398/2510 1457/2032/2510 1469/2061/2511 1680/2407/2512
f 1679/2054/2513 1678/2408/2514 1470/2409/2515 1681/2066/2516
f 1473/2052/2517 1682/2410/2518 1678/2408/2514 1679/2054/2513
f 1475/2050/2519 1684/2411/2520 1682/2410/2518 1473/2052/2517
f 1474/2048/2509 1683/2406/2508 1684/2411/2520 1475/2050/2519
f 1582/2215/2521 1687/2412/2522 1685/2413/2523 1686/2213/2523
f 1583/2217/2524 1688/2414/2525 1687/2412/2522 1582/2215/2521
f 1584/2219/2526 1689/2415/2527 1688/2414/2525 1583/2217/2524
f 1585/2221/2528 1690/2416/2529 1689/2415/2527 1584/2219/2526
f 1586/2223/2530 1691/2417/2531 1690/2416/2529 1585/2221/2528
f 1587/2225/2532 1692/2418/2533 1691/2417/2531 1586/2223/2530
f 1588/2227/2534 1693/2419/2534 1692/2418/2533 1587/2225/2532
f 1589/2229/2535 1694/2420/2536 1693/2419/2537 1588/2227/2537
f 1590/2231/2538 1695/2421/2539 1694/2420/2536 1589/2229/2535
f 1591/2233/2540 1696/2422/2541 1695/2421/2539 1590/2231/2538
f 1592/2235/2542 1697/2423/2543 1696/2422/2541 1591/2233/2540
f 1698/2424/2544 1597/2242/2545 1686/2213/2546 1685/2413/2546
f 1699/2248/2547 1599/2425/2548 1697/2423/2543 1592/2235/2542
f 1680/2407/2512 1469/2061/2511 1917/2294/2549 1900/2426/2549
f 1681/2066/2516 1470/2409/2515 1918/2427/2550 1902/2298/2551
f 1483/2329/2426 1490/2112/2255 1703/2428/2552 1700/2429/2553
f 1490/2112/2255 1498/2111/2254 1705/2430/2554 1702/2431/2555
f 1498/2111/2254 1492/2117/2260 1707/2432/2556 1704/2433/2557
f 1492/2117/2260 1483/2329/2426 1701/2434/2558 1706/2435/2559
f 1618/2313/2412 1619/2436/2560 1711/2437/2561 1708/2438/2562
f 1619/2436/2560 1621/2302/2401 1713/2439/2563 1710/2440/2564
f 1621/2302/2401 1626/2310/2409 1715/2441/2565 1712/2442/2566
f 1626/2310/2409 1618/2313/2412 1709/2443/2567 1714/2444/2568
f 1483/2329/2426 1700/2429/2553 1701/2434/2558
f 1490/2112/2255 1702/2431/2555 1703/2428/2552
f 1498/2111/2254 1704/2433/2557 1705/2430/2554
f 1492/2117/2260 1706/2435/2559 1707/2432/2556
f 1618/2313/2412 1708/2438/2562 1709/2443/2567
f 1619/2436/2560 1710/2440/2564 1711/2437/2561
f 1621/2302/2401 1712/2442/2566 1713/2439/2563
f 1626/2310/2409 1714/2444/2568 1715/2441/2565
f 1700/2429/2569 1703/2428/2570 1719/2445/2571 1716/2446/2572
f 1702/2431/2573 1705/2430/2574 1721/2447/2575 1718/2448/2576
f 1704/2433/2577 1707/2432/2578 1723/2449/2579 1720/2450/2580
f 1706/2435/2581 1701/2434/2582 1717/2451/2583 1722/2452/2584
f 1708/2438/2585 1711/2437/2586 1727/2453/2587 1724/2454/2588
f 1710/2440/2589 1713/2439/2590 1729/2455/2591 1726/2456/2592
f 1712/2442/2593 1715/2441/2594 1731/2457/2595 1728/2458/2596
f 1714/2444/2597 1709/2443/2598 1725/2459/2599 1730/2460/2600
f 1701/2434/2582 1700/2429/2569 1716/2446/2572 1717/2451/2583
f 1703/2428/2570 1702/2431/2573 1718/2448/2576 1719/2445/2571
f 1705/2430/2574 1704/2433/2577 1720/2450/2580 1721/2447/2575
f 1707/2432/2578 1706/2435/2581 1722/2452/2584 1723/2449/2579
f 1709/2443/2598 1708/2438/2585 1724/2454/2588 1725/2459/2599
f 1711/2437/2586 1710/2440/2589 1726/2456/2592 1727/2453/2587
f 1713/2439/2590 1712/2442/2593 1728/2458/2596 1729/2455/2591
f 1715/2441/2594 1714/2444/2597 1730/2460/2600 1731/2457/2595
f 1716/2446/2572 1719/2445/2571 1735/2461/2601 1732/2462/2602
f 1718/2448/2576 1721/2447/2575 1737/2463/2603 1734/2464/2604
f 1720/2450/2580 1723/2449/2579 1739/2465/2605 1736/2466/2606
f 1722/2452/2584 1717/2451/2583 1733/2467/2607 1738/2468/2608
f 1724/2454/2588 1727/2453/2587 1743/2469/2609 1740/2470/2610
f 1726/2456/2592 1729/2455/2591 1745/2471/2611 1742/2472/2612
f 1728/2458/2596 1731/2457/2595 1747/2473/2613 1744/2474/2614
f 1730/2460/2600 1725/2459/2599 1741/2475/2615 1746/2476/2616
f 1717/2451/2583 1716/2446/2572 1732/2462/2602 1733/2467/2607
f 1719/2445/2571 1718/2448/2576 1734/2464/2604 1735/2461/2601
f 1721/2447/2575 1720/2450/2580 1736/2466/2606 1737/2463/2603
f 1723/2449/2579 1722/2452/2584 1738/2468/2608 1739/2465/2605
f 1725/2459/2599 1724/2454/2588 1740/2470/2610 1741/2475/2615
f 1727/2453/2587 1726/2456/2592 1742/2472/2612 1743/2469/2609
f 1729/2455/2591 1728/2458/2596 1744/2474/2614 1745/2471/2611
f 1731/2457/2595 1730/2460/2600 1746/2476/2616 1747/2473/2613
f 1837/2477/2617 1831/2478/2618 1830/2479/2619 1836/2480/2620
f 1840/2481/2621 1841/2482/2622 1835/2483/2623 1834/2484/2624
f 1844/2485/2625 1845/2486/2626 1839/2487/2627 1838/2488/2628
f 1833/2489/2629 1843/2490/2630 1842/2491/2631 1832/2492/2632
f 1859/2493/2633 1860/2494/2634 1848/2495/2635 1847/2496/2636
f 1867/2497/2637 1868/2498/2638 1856/2499/2639 1855/2500/2640
f 1876/2501/2641 1864/2502/2642 1863/2503/2643 1875/2504/2644
f 1852/2505/2645 1872/2506/2646 1871/2507/2647 1851/2508/2648
f 1831/2478/2618 1833/2489/2629 1832/2492/2632 1830/2479/2619
f 1834/2484/2624 1835/2483/2623 1837/2477/2617 1836/2480/2620
f 1838/2488/2628 1839/2487/2627 1841/2482/2622 1840/2481/2621
f 1842/2509/2631 1843/2510/2630 1845/2486/2626 1844/2485/2625
f 1848/2495/2635 1852/2505/2645 1851/2508/2648 1847/2496/2636
f 1855/2500/2640 1856/2499/2639 1860/2494/2634 1859/2493/2633
f 1864/2511/2642 1868/2498/2638 1867/2497/2637 1863/2512/2643
f 1872/2506/2646 1876/2501/2641 1875/2504/2644 1871/2507/2647
f 1748/2513/2649 1751/2514/2650 1767/2515/2651 1764/2516/2652
f 1750/2517/2653 1753/2518/2654 1769/2519/2655 1766/2520/2656
f 1752/2521/2657 1755/2522/2658 1771/2523/2659 1768/2524/2660
f 1754/2525/2661 1749/2526/2662 1765/2527/2663 1770/2528/2664
f 1756/2529/2665 1759/2530/2666 1775/2531/2667 1772/2532/2668
f 1758/2533/2669 1761/2534/2670 1777/2535/2671 1774/2536/2672
f 1760/2537/2673 1763/2538/2674 1779/2539/2675 1776/2540/2676
f 1762/2541/2677 1757/2542/2678 1773/2543/2679 1778/2544/2680
f 1749/2526/2662 1748/2513/2649 1764/2516/2652 1765/2527/2663
f 1751/2514/2650 1750/2517/2653 1766/2520/2656 1767/2515/2651
f 1753/2518/2654 1752/2521/2657 1768/2524/2660 1769/2519/2655
f 1755/2522/2658 1754/2545/2661 1770/2546/2664 1771/2523/2659
f 1757/2542/2678 1756/2529/2665 1772/2532/2668 1773/2543/2679
f 1759/2530/2666 1758/2533/2669 1774/2536/2672 1775/2531/2667
f 1761/2547/2670 1760/2537/2673 1776/2540/2676 1777/2548/2671
f 1763/2538/2674 1762/2541/2677 1778/2544/2680 1779/2539/2675
f 1798/2549/2681 1801/2550/2682 1783/2551/2683 1780/2552/2684
f 1800/2553/2685 1803/2554/2686 1785/2555/2687 1782/2556/2688
f 1802/2557/2689 1805/2558/2690 1787/2559/2691 1784/2560/2692
f 1804/2561/2693 1799/2562/2694 1781/2563/2695 1786/2564/2696
f 1806/2565/2697 1809/2566/2698 1791/2567/2699 1788/2568/2700
f 1808/2569/2701 1811/2570/2702 1793/2571/2703 1790/2572/2704
f 1810/2573/2705 1813/2574/2706 1795/2575/2707 1792/2576/2708
f 1812/2577/2709 1807/2578/2710 1789/2579/2711 1794/2580/2712
f 1799/2562/2694 1798/2549/2681 1780/2552/2684 1781/2563/2695
f 1801/2550/2682 1800/2553/2685 1782/2556/2688 1783/2551/2683
f 1803/2554/2686 1802/2557/2689 1784/2560/2692 1785/2555/2687
f 1805/2558/2690 1804/2561/2693 1786/2564/2696 1787/2559/2691
f 1807/2578/2710 1806/2565/2697 1788/2568/2700 1789/2579/2711
f 1809/2566/2698 1808/2569/2701 1790/2572/2704 1791/2567/2699
f 1811/2570/2702 1810/2573/2705 1792/2576/2708 1793/2571/2703
f 1813/2574/2706 1812/2577/2709 1794/2580/2712 1795/2575/2707
f 1780/2552/2684 1783/2551/2683 1796/2581/2713
f 1782/2556/2688 1785/2555/2687 1796/2581/2713
f 1784/2560/2692 1787/2559/2691 1796/2581/2713
f 1786/2564/2696 1781/2563/2695 1796/2581/2713
f 1788/2568/2700 1791/2567/2699 1797/2582/2714
f 1790/2572/2704 1793/2571/2703 1797/2582/2714
f 1792/2576/2708 1795/2575/2707 1797/2582/2714
f 1794/2580/2712 1789/2579/2711 1797/2582/2714
f 1781/2563/2695 1780/2552/2684 1796/2581/2713
f 1783/2551/2683 1782/2556/2688 1796/2581/2713
f 1785/2555/2687 1784/2560/2692 1796/2581/2713
f 1787/2559/2691 1786/2564/2696 1796/2581/2713
f 1789/2579/2711 1788/2568/2700 1797/2582/2714
f 1791/2567/2699 1790/2572/2704 1797/2582/2714
f 1793/2571/2703 1792/2576/2708 1797/2582/2714
f 1795/2575/2707 1794/2580/2712 1797/2582/2714
f 1767/2515/2651 1817/2583/2715 1814/2584/2716 1764/2516/2652
f 1769/2519/2655 1819/2585/2717 1816/2586/2718 1766/2520/2656
f 1771/2523/2659 1821/2587/2719 1818/2588/2720 1768/2524/2660
f 1765/2527/2663 1815/2589/2721 1820/2590/2722 1770/2528/2664
f 1775/2531/2667 1825/2591/2723 1822/2592/2724 1772/2532/2668
f 1777/2535/2671 1827/2593/2725 1824/2594/2726 1774/2536/2672
f 1779/2539/2675 1829/2595/2727 1826/2596/2728 1776/2540/2676
f 1773/2543/2679 1823/2597/2729 1828/2598/2730 1778/2544/2680
f 1764/2516/2652 1814/2584/2716 1815/2589/2721 1765/2527/2663
f 1766/2520/2656 1816/2586/2718 1817/2583/2715 1767/2515/2651
f 1768/2524/2660 1818/2588/2720 1819/2585/2717 1769/2519/2655
f 1770/2546/2664 1820/2599/2722 1821/2587/2719 1771/2523/2659
f 1772/2532/2668 1822/2592/2724 1823/2597/2729 1773/2543/2679
f 1774/2536/2672 1824/2594/2726 1825/2591/2723 1775/2531/2667
f 1776/2540/2676 1826/2596/2728 1827/2600/2725 1777/2548/2671
f 1778/2544/2680 1828/2598/2730 1829/2595/2727 1779/2539/2675
f 1817/2601/2731 1801/2550/2682 1798/2549/2681 1814/2602/2732
f 1819/2603/2733 1803/2554/2686 1800/2553/2685 1816/2604/2734
f 1821/2605/2735 1805/2558/2690 1802/2557/2689 1818/2606/2736
f 1815/2607/2737 1799/2562/2694 1804/2561/2693 1820/2608/2738
f 1825/2609/2723 1809/2566/2698 1806/2565/2697 1822/2610/2724
f 1827/2611/2725 1811/2570/2702 1808/2569/2701 1824/2612/2726
f 1829/2613/2727 1813/2574/2706 1810/2573/2705 1826/2614/2728
f 1823/2615/2729 1807/2578/2710 1812/2577/2709 1828/2616/2730
f 1814/2602/2732 1798/2549/2681 1799/2562/2694 1815/2607/2737
f 1816/2604/2734 1800/2553/2685 1801/2550/2682 1817/2601/2731
f 1818/2606/2736 1802/2557/2689 1803/2554/2686 1819/2603/2733
f 1820/2608/2738 1804/2561/2693 1805/2558/2690 1821/2605/2735
f 1822/2610/2724 1806/2565/2697 1807/2578/2710 1823/2615/2729
f 1824/2612/2726 1808/2569/2701 1809/2566/2698 1825/2609/2723
f 1826/2614/2728 1810/2573/2705 1811/2570/2702 1827/2611/2725
f 1828/2616/2730 1812/2577/2709 1813/2574/2706 1829/2613/2727
f 1678/2101/2244 1682/2104/2247 1487/2102/2245
f 1616/2286/2385 1696/2287/2386 1697/2284/2383
f 1751/2514/2650 1748/2513/2649 1831/2478/2618 1837/2477/2617
f 1732/2617/2739 1735/2618/2740 1836/2480/2620 1830/2479/2619
f 1841/2482/2622 1753/2518/2654 1750/2517/2653 1835/2483/2623
f 1834/2484/2624 1734/2619/2741 1737/2620/2742 1840/2481/2621
f 1845/2486/2626 1755/2522/2658 1752/2521/2657 1839/2487/2627
f 1838/2488/2628 1736/2621/2743 1739/2622/2744 1844/2485/2625
f 1749/2526/2662 1754/2525/2661 1843/2490/2630 1833/2489/2629
f 1738/2623/2745 1733/2624/2746 1832/2492/2632 1842/2491/2631
f 1748/2513/2649 1749/2526/2662 1833/2489/2629 1831/2478/2618
f 1733/2624/2746 1732/2617/2739 1830/2479/2619 1832/2492/2632
f 1835/2483/2623 1750/2517/2653 1751/2514/2650 1837/2477/2617
f 1836/2480/2620 1735/2618/2740 1734/2619/2741 1834/2484/2624
f 1839/2487/2627 1752/2521/2657 1753/2518/2654 1841/2482/2622
f 1840/2481/2621 1737/2620/2742 1736/2621/2743 1838/2488/2628
f 1843/2510/2630 1754/2545/2661 1755/2522/2658 1845/2486/2626
f 1844/2485/2625 1739/2622/2744 1738/2625/2745 1842/2509/2631
f 1861/2626/2747 1759/2627/2748 1756/2628/2749 1849/2629/2750
f 1860/2494/2634 1861/2626/2747 1849/2629/2750 1848/2495/2635
f 1846/2630/2751 1740/2631/2752 1743/2632/2753 1858/2633/2754
f 1847/2496/2636 1846/2630/2751 1858/2633/2754 1859/2493/2633
f 1869/2634/2755 1761/2635/2756 1758/2636/2757 1857/2637/2758
f 1868/2498/2638 1869/2634/2755 1857/2637/2758 1856/2499/2639
f 1854/2638/2759 1742/2639/2760 1745/2640/2761 1866/2641/2762
f 1855/2500/2640 1854/2638/2759 1866/2641/2762 1867/2497/2637
f 1763/2642/2763 1760/2643/2764 1865/2644/2765 1877/2645/2766
f 1877/2645/2766 1865/2644/2765 1864/2502/2642 1876/2501/2641
f 1744/2646/2767 1747/2647/2768 1874/2648/2769 1862/2649/2770
f 1862/2649/2770 1874/2648/2769 1875/2504/2644 1863/2503/2643
f 1757/2650/2771 1762/2651/2772 1873/2652/2773 1853/2653/2774
f 1853/2653/2774 1873/2652/2773 1872/2506/2646 1852/2505/2645
f 1746/2654/2775 1741/2655/2776 1850/2656/2777 1870/2657/2778
f 1870/2657/2778 1850/2656/2777 1851/2508/2648 1871/2507/2647
f 1756/2628/2749 1757/2650/2771 1853/2653/2774 1849/2629/2750
f 1849/2629/2750 1853/2653/2774 1852/2505/2645 1848/2495/2635
f 1741/2655/2776 1740/2631/2752 1846/2630/2751 1850/2656/2777
f 1850/2656/2777 1846/2630/2751 1847/2496/2636 1851/2508/2648
f 1857/2637/2758 1758/2636/2757 1759/2627/2748 1861/2626/2747
f 1856/2499/2639 1857/2637/2758 1861/2626/2747 1860/2494/2634
f 1858/2633/2754 1743/2632/2753 1742/2639/2760 1854/2638/2759
f 1859/2493/2633 1858/2633/2754 1854/2638/2759 1855/2500/2640
f 1760/2658/2764 1761/2635/2756 1869/2634/2755 1865/2659/2765
f 1865/2659/2765 1869/2634/2755 1868/2498/2638 1864/2511/2642
f 1745/2640/2761 1744/2660/2767 1862/2661/2770 1866/2641/2762
f 1866/2641/2762 1862/2661/2770 1863/2512/2643 1867/2497/2637
f 1762/2651/2772 1763/2642/2763 1877/2645/2766 1873/2652/2773
f 1873/2652/2773 1877/2645/2766 1876/2501/2641 1872/2506/2646
f 1747/2647/2768 1746/2654/2775 1870/2657/2778 1874/2648/2769
f 1874/2648/2769 1870/2657/2778 1871/2507/2647 1875/2504/2644
f 1878/2084/2227 1390/2086/2229 1481/2089/2232 1879/2085/2228
f 1879/2085/2228 1481/2089/2232 1500/2119/2262 1880/2092/2235
f 1880/2092/2235 1500/2119/2262 1499/2118/2261 1881/2094/2237
f 1881/2094/2237 1499/2118/2261 1486/2109/2252 1882/2096/2239
f 1883/2107/2250 1490/2112/2255 1483/2329/2426 1891/2108/2251
f 1882/2096/2239 1486/2109/2252 1490/2112/2255 1883/2107/2250
f 1608/2270/2369 1515/2269/2368 1884/2268/2367 1885/2267/2366
f 1610/2319/2418 1608/2270/2369 1885/2267/2366 1886/2276/2375
f 1612/2316/2415 1610/2319/2418 1886/2276/2375 1887/2278/2377
f 1614/2312/2411 1612/2316/2415 1887/2278/2377 1888/2280/2379
f 1619/2436/2560 1618/2313/2412 1889/2291/2390 1890/2290/2389
f 1618/2313/2412 1614/2312/2411 1888/2280/2379 1889/2291/2390
f 1483/2329/2426 1912/2328/2425 1919/2326/2424 1891/2108/2251
f 1389/2344/2439 1639/2345/2440 1892/2348/2443 1878/2347/2442
f 1515/2368/2463 1650/2371/2466 1893/2367/2462 1884/2366/2461
f 1639/2345/2440 1657/2382/2477 1894/2383/2478 1892/2348/2443
f 1650/2371/2466 1668/2395/2490 1895/2393/2488 1893/2367/2462
f 1897/2330/2360 1491/2078/2221 1507/2077/2220 1896/2662/2361
f 1899/2292/2391 1468/2060/2203 1467/2059/2202 1898/2293/2392
f 1917/2294/2393 1469/2061/2204 1468/2060/2203 1899/2292/2391
f 1901/2324/2394 1620/2065/2208 1680/2064/2207 1900/2663/2395
f 1471/2067/2210 1681/2066/2209 1902/2298/2397 1903/2297/2396
f 1472/2068/2211 1471/2067/2210 1903/2297/2396 1904/2299/2398
f 1467/2059/2202 1472/2068/2211 1904/2299/2398 1898/2293/2392
f 1470/2103/2246 1487/2102/2245 1905/2301/2400 1918/2300/2399
f 1492/2117/2260 1494/2115/2258 1906/2664/2403 1907/2327/2402
f 1494/2115/2258 1493/2114/2257 1908/2665/2405 1906/2664/2403
f 1493/2114/2257 1506/2125/2268 1909/2666/2407 1908/2665/2405
f 1506/2125/2268 1505/2124/2267 1910/2331/2422 1909/2666/2407
f 1901/2295/2394 1598/2244/2343 1511/2256/2355 1911/2667/2423
f 1890/2290/2389 1616/2286/2385 1905/2301/2400 1919/2668/2424
f 1621/2302/2401 1619/2436/2560 1912/2669/2425 1907/2303/2402
f 1604/2259/2358 1633/2322/2421 1910/2323/2422 1897/2261/2360
f 1507/2332/2427 1642/2335/2430 1913/2670/2468 1896/2671/2467
f 1511/2356/2451 1646/2359/2454 1914/2375/2470 1911/2374/2469
f 1642/2335/2430 1660/2377/2472 1915/2672/2491 1913/2670/2468
f 1646/2359/2454 1664/2389/2484 1916/2397/2492 1914/2375/2470
f 1917/2294/2549 1597/2242/2545 1698/2424/2544 1900/2426/2549
f 1918/2427/2550 1599/2425/2548 1699/2248/2547 1902/2298/2551
f 1619/2436/2560 1890/2290/2389 1919/2668/2424 1912/2669/2425
o rotorwing_low001
v 45.195309 110.082130 -22.535355
v 44.760666 109.695747 -24.276331
v 45.506409 109.732491 -25.953142
v 47.083618 110.175179 -26.781200
v 48.754288 110.816658 -26.373043
v 49.736691 111.356789 -24.919645
v 49.571144 111.542824 -23.101070
v 48.335121 111.287720 -21.768251
v 46.606976 110.710854 -21.544838
v 44.519234 112.007355 -22.793842
v 44.084591 111.620972 -24.534821
v 44.830338 111.657715 -26.211630
v 46.407543 112.100403 -27.039690
v 48.078213 112.741890 -26.631531
v 49.060616 113.282013 -25.178133
v 48.895073 113.468048 -23.359560
v 47.659046 113.212944 -22.026741
v 45.930901 112.636078 -21.803326
v 41.622620 109.235077 -16.384045
v 41.560707 108.530128 -16.615856
v 38.583511 107.921631 -20.816641
v 38.461212 109.097603 -20.450909
v 44.168793 107.908981 -32.920288
v 44.765343 107.463715 -32.940182
v 49.263466 109.955315 -33.603043
v 48.360256 110.787323 -33.756702
v 56.444809 113.556458 -22.965652
v 56.512066 112.992691 -22.483824
v 54.067177 113.740707 -17.973440
v 54.012901 114.807564 -18.598349
v 42.477951 108.765678 -21.255127
v 41.974533 107.748894 -22.678946
v 40.775562 109.726570 -24.653334
v 40.925701 110.340965 -23.612854
v 47.794281 109.471283 -29.904583
v 49.610291 109.477478 -29.775709
v 50.365646 112.421059 -29.667507
v 49.185516 112.388588 -29.965605
v 52.070816 112.159309 -21.069414
v 51.357124 111.464455 -19.545494
v 49.341976 113.544945 -18.619396
v 49.982468 114.072166 -19.510696
v 43.579033 109.126656 -22.941956
v 43.492851 108.804871 -24.537075
v 42.817959 110.873642 -25.693321
v 42.660675 111.058350 -24.255852
v 48.479179 110.154716 -28.101276
v 49.886047 110.658638 -27.451530
v 49.799812 113.114304 -27.265837
v 48.671440 112.657326 -28.067785
v 50.099506 111.642685 -21.256763
v 48.850227 111.257217 -20.284096
v 47.339745 113.201508 -20.182049
v 48.582088 113.597160 -20.834145
v 41.711662 108.801514 -19.319248
v 40.603691 107.355690 -20.760693
v 39.191296 108.534790 -23.449642
v 39.184002 109.677460 -22.726526
v 46.583473 108.878036 -31.491444
v 48.861683 108.756233 -31.928131
v 50.679588 111.454353 -31.752216
v 49.488953 112.053894 -31.979361
v 54.006386 112.835022 -21.434332
v 53.632900 112.133736 -19.251556
v 51.347988 113.608391 -17.457085
v 51.578453 114.621216 -18.322960
v 46.197720 113.691566 -24.554289
v 45.230721 112.964279 -23.630379
v 44.996651 112.756203 -24.567928
v 45.398258 112.775993 -25.470930
v 46.247612 113.014381 -25.916853
v 47.147289 113.359833 -25.697042
v 47.676331 113.650703 -24.914358
v 47.587196 113.750885 -23.935030
v 46.921574 113.613510 -23.217283
v 45.990929 113.302856 -23.096964
v 47.353432 110.400505 -24.112417
vn -0.7781 -0.1930 0.5977
vn -0.8430 0.2450 0.4788
vn -0.9497 0.3112 0.0342
vn -0.9143 -0.2820 0.2908
vn -0.3216 -0.3320 -0.8868
vn -0.5489 0.1203 -0.8272
vn -0.2133 0.2761 -0.9372
vn -0.0744 -0.1583 -0.9846
vn 0.1178 0.5725 -0.8114
vn 0.2521 -0.0413 -0.9668
vn 0.9619 0.2520 0.1058
vn 0.7361 0.6730 -0.0720
vn 0.6163 0.7322 0.2901
vn 0.8526 0.3513 0.3869
vn 0.2411 0.7988 0.5512
vn 0.6622 0.3233 0.6760
vn -0.5480 -0.1829 0.8162
vn -0.5787 0.3216 0.7495
vn 0.5404 -0.8218 0.1805
vn 0.6263 -0.7558 0.1911
vn 0.5793 -0.7937 0.1855
vn -0.2163 -0.5663 -0.7953
vn -0.2306 -0.5097 -0.8289
vn -0.4416 0.8751 -0.1979
vn -0.4691 0.8550 -0.2211
vn -0.3917 0.9067 -0.1566
vn 0.3105 0.4661 0.8284
vn 0.2640 0.6233 0.7361
vn 0.2471 0.6691 0.7009
vn 0.1510 -0.9430 0.2966
vn 0.0764 -0.9244 0.3737
vn 0.1180 -0.9361 0.3313
vn 0.9915 -0.0181 0.1287
vn 0.9892 0.0486 0.1385
vn -0.2017 0.9596 -0.1964
vn -0.1636 0.9636 -0.2115
vn -0.2675 0.9486 -0.1690
vn -0.9910 -0.1120 -0.0732
vn -0.9958 0.0749 -0.0528
vn -0.9899 0.1345 -0.0458
vn 0.2648 -0.9578 -0.1116
vn 0.2217 -0.9519 -0.2114
vn 0.2460 -0.9566 -0.1561
vn -0.4211 -0.4238 0.8019
vn -0.4656 -0.3732 0.8024
vn -0.3321 0.9430 0.0213
vn -0.3359 0.9398 0.0622
vn -0.3241 0.9447 -0.0502
vn 0.4536 0.2921 -0.8420
vn 0.3333 0.4365 -0.8357
vn 0.2921 0.4797 -0.8274
vn 0.6353 -0.7307 0.2497
vn 0.8128 -0.5748 0.0944
vn 0.6993 -0.6821 0.2139
vn 0.6441 -0.7301 0.2285
vn -0.1297 -0.7892 -0.6003
vn -0.2277 -0.9687 -0.0986
vn -0.1486 -0.9163 -0.3720
vn -0.1552 -0.7380 -0.6567
vn -0.5877 0.7083 -0.3911
vn -0.8401 0.3518 -0.4128
vn -0.8645 0.3137 -0.3927
vn -0.5919 0.7000 -0.3997
vn 0.1502 0.8941 0.4219
vn 0.1636 0.8681 0.4686
vn 0.1042 0.9717 0.2119
vn 0.0905 0.9881 0.1241
vn 0.0151 -0.9342 0.3564
vn -0.0175 -0.7982 0.6021
vn -0.0074 -0.9007 0.4345
vn 0.0277 -0.9269 0.3742
vn 0.9434 -0.3201 0.0873
vn 0.7033 -0.6630 -0.2566
vn 0.8513 -0.5221 -0.0516
vn 0.9650 -0.2433 0.0975
vn 0.0875 0.9643 -0.2499
vn 0.3924 0.7731 -0.4984
vn 0.4072 0.7414 -0.5334
vn 0.1000 0.9630 -0.2503
vn -0.8766 0.4805 0.0269
vn -0.9013 0.4331 0.0135
vn -0.7481 0.6568 0.0951
vn -0.6871 0.7154 0.1268
vn 0.2609 -0.9303 -0.2577
vn 0.0104 -0.9214 -0.3884
vn 0.1909 -0.9311 -0.3109
vn 0.2392 -0.9371 -0.2544
vn -0.2016 -0.6336 0.7470
vn 0.3325 -0.6695 0.6642
vn 0.0488 -0.7015 0.7110
vn -0.2604 -0.5834 0.7693
vn -0.3925 0.8696 0.2997
vn -0.2004 0.7209 0.6634
vn -0.1612 0.7060 0.6896
vn -0.3956 0.8643 0.3107
vn 0.0021 0.6880 -0.7257
vn 0.0475 0.6643 -0.7460
vn -0.1930 0.7547 -0.6270
vn -0.2708 0.7664 -0.5825
vn 0.8781 -0.4784 0.0010
vn -0.2710 -0.9581 0.0933
vn -0.9670 0.0620 -0.2471
vn 0.0768 0.9962 0.0399
vn -0.0246 -0.6997 0.7140
vn 0.5682 -0.7275 -0.3846
vn 0.4764 0.5054 -0.7194
vn -0.6241 0.7657 0.1558
vn -0.1271 -0.8903 -0.4373
vn 0.5109 -0.6154 0.6002
vn 0.0893 0.5753 0.8131
vn -0.3425 0.7717 -0.5359
vn -0.6402 0.7528 0.1530
vn -0.7122 0.6889 -0.1353
vn -0.5887 0.6949 -0.4129
vn -0.3276 0.7682 -0.5500
vn -0.0509 0.8744 -0.4824
vn 0.1117 0.9639 -0.2418
vn 0.0843 0.9947 0.0593
vn -0.1203 0.9524 0.2800
vn -0.4065 0.8569 0.3170
vn -0.3287 0.9360 -0.1257
vn 0.2505 -0.9565 0.1497
vn 0.2814 -0.9395 0.1954
vn 0.3338 -0.9194 0.2082
vn 0.3833 -0.9055 0.1822
vn 0.4067 -0.9043 0.1295
vn 0.3931 -0.9164 0.0749
vn 0.3488 -0.9362 0.0438
vn 0.2945 -0.9543 0.0508
vn 0.2557 -0.9623 0.0926
vt 0.074326 0.208500
vt 0.058029 0.206974
vt 0.056313 0.218174
vt 0.075225 0.223247
vt 0.088414 0.232529
vt 0.093244 0.250292
vt 0.109287 0.244786
vt 0.102462 0.229910
vt 0.119700 0.240505
vt 0.114784 0.221759
vt 0.116229 0.205695
vt 0.129198 0.192630
vt 0.116407 0.181488
vt 0.106936 0.194838
vt 0.106423 0.174987
vt 0.093715 0.188243
vt 0.079081 0.195024
vt 0.061282 0.190326
vt 0.058647 0.219888
vt 0.065090 0.233147
vt 0.073378 0.253959
vt 0.095324 0.114473
vt 0.102430 0.104862
vt 0.090517 0.100319
vt 0.078535 0.108760
vt 0.111308 0.086486
vt 0.096728 0.085313
vt 0.120163 0.237798
vt 0.128426 0.225587
vt 0.142308 0.208002
vt 0.038878 0.094278
vt 0.043648 0.105236
vt 0.053539 0.097191
vt 0.052219 0.082595
vt 0.055124 0.122112
vt 0.063428 0.110072
vt 0.104915 0.175563
vt 0.090208 0.174514
vt 0.068039 0.171285
vt 0.084593 0.055489
vt 0.072715 0.054138
vt 0.074737 0.066730
vt 0.088038 0.072887
vt 0.052357 0.055636
vt 0.058631 0.068853
vt 0.041414 0.213413
vt 0.025343 0.204090
vt 0.023767 0.223727
vt 0.042714 0.229088
vt 0.029232 0.251295
vt 0.050128 0.254460
vt 0.115399 0.119088
vt 0.133121 0.123775
vt 0.133805 0.113380
vt 0.118218 0.109711
vt 0.127379 0.085307
vt 0.143748 0.081220
vt 0.123171 0.255963
vt 0.123132 0.274547
vt 0.140930 0.266091
vt 0.136099 0.246998
vt 0.162076 0.247572
vt 0.154368 0.227889
vt 0.024845 0.109356
vt 0.011927 0.122360
vt 0.020587 0.128149
vt 0.031557 0.116485
vt 0.048110 0.136618
vt 0.043466 0.152836
vt 0.119141 0.163875
vt 0.135254 0.154616
vt 0.119032 0.143432
vt 0.104914 0.157162
vt 0.092421 0.134380
vt 0.079230 0.150897
vt 0.078554 0.035791
vt 0.073754 0.018095
vt 0.064407 0.022699
vt 0.069021 0.038037
vt 0.043300 0.042303
vt 0.031576 0.030166
vt 0.008104 0.184268
vt 0.005565 0.190349
vt 0.010033 0.235522
vt 0.153933 0.117389
vt 0.151815 0.107649
vt 0.163565 0.068142
vt 0.114584 0.299393
vt 0.121121 0.298549
vt 0.158014 0.272089
vt 0.007054 0.143575
vt 0.016547 0.146610
vt 0.044885 0.176535
vt 0.161044 0.149596
vt 0.157045 0.144356
vt 0.115684 0.125638
vt 0.057815 0.003258
vt 0.050437 0.009963
vt 0.010337 0.019537
vt 0.083319 0.087324
vt 0.081375 0.094178
vt 0.094270 0.086152
vt 0.075480 0.098179
vt 0.068392 0.097455
vt 0.063932 0.107524
vt 0.063428 0.092344
vt 0.062910 0.085239
vt 0.067081 0.079462
vt 0.060590 0.070565
vt 0.073989 0.077719
vt 0.080402 0.080823
vt 0.072931 0.088080
vt 0.094575 0.211083
s 1
usemtl 03_-_Default
f 1920/2673/2779 1929/2674/2780 1930/2675/2781 1921/2676/2782
f 1922/2677/2783 1931/2678/2784 1932/2679/2785 1923/2680/2786
f 1923/2680/2786 1932/2679/2785 1933/2681/2787 1924/2682/2788
f 1925/2683/2789 1934/2684/2790 1935/2685/2791 1926/2686/2792
f 1926/2686/2792 1935/2685/2791 1936/2687/2793 1927/2688/2794
f 1928/2689/2795 1937/2690/2796 1929/2674/2780 1920/2673/2779
f 1921/2676/2797 1962/2691/2798 1963/2692/2799 1922/2677/2797
f 1922/2677/2783 1963/2692/2800 1964/2693/2801 1931/2678/2784
f 1964/2694/2802 1965/2695/2803 1930/2696/2804 1931/2697/2804
f 1930/2696/2805 1965/2695/2806 1962/2698/2807 1921/2699/2805
f 1924/2682/2808 1966/2700/2809 1967/2701/2810 1925/2683/2808
f 1925/2683/2789 1967/2701/2811 1968/2702/2812 1934/2684/2790
f 1968/2703/2813 1969/2704/2814 1933/2705/2815 1934/2706/2815
f 1933/2705/2816 1969/2704/2817 1966/2707/2818 1924/2708/2816
f 1927/2688/2819 1970/2709/2820 1971/2710/2821 1928/2689/2819
f 1928/2689/2795 1971/2710/2822 1972/2711/2823 1937/2690/2796
f 1972/2712/2824 1973/2713/2825 1936/2714/2826 1937/2715/2826
f 1936/2714/2827 1973/2713/2828 1970/2716/2829 1927/2717/2827
f 1950/2718/2830 1974/2719/2831 1975/2720/2832 1951/2721/2833
f 1951/2721/2834 1975/2720/2835 1976/2722/2836 1952/2723/2837
f 1952/2724/2838 1976/2725/2839 1977/2726/2840 1953/2727/2841
f 1950/2728/2842 1953/2727/2843 1977/2726/2844 1974/2729/2845
f 1954/2730/2846 1978/2731/2847 1979/2732/2848 1955/2733/2849
f 1955/2733/2850 1979/2732/2851 1980/2734/2852 1956/2735/2853
f 1956/2736/2854 1980/2737/2855 1981/2738/2856 1957/2739/2857
f 1954/2740/2858 1957/2739/2859 1981/2738/2860 1978/2741/2861
f 1958/2742/2862 1982/2743/2863 1983/2744/2864 1959/2745/2865
f 1959/2745/2866 1983/2744/2867 1984/2746/2868 1960/2747/2869
f 1960/2748/2870 1984/2749/2871 1985/2750/2872 1961/2751/2873
f 1958/2752/2874 1961/2751/2875 1985/2750/2876 1982/2753/2877
f 1962/2691/2798 1950/2718/2830 1951/2721/2833 1963/2692/2799
f 1963/2692/2800 1951/2721/2834 1952/2723/2837 1964/2693/2801
f 1965/2695/2803 1964/2694/2802 1952/2724/2838 1953/2727/2841
f 1965/2695/2806 1953/2727/2843 1950/2728/2842 1962/2698/2807
f 1966/2700/2809 1954/2730/2846 1955/2733/2849 1967/2701/2810
f 1967/2701/2811 1955/2733/2850 1956/2735/2853 1968/2702/2812
f 1969/2704/2814 1968/2703/2813 1956/2736/2854 1957/2739/2857
f 1969/2704/2817 1957/2739/2859 1954/2740/2858 1966/2707/2818
f 1970/2709/2820 1958/2742/2862 1959/2745/2865 1971/2710/2821
f 1971/2710/2822 1959/2745/2866 1960/2747/2869 1972/2711/2823
f 1973/2713/2825 1972/2712/2824 1960/2748/2870 1961/2751/2873
f 1973/2713/2828 1961/2751/2875 1958/2752/2874 1970/2716/2829
f 1974/2719/2831 1938/2754/2878 1939/2755/2878 1975/2720/2832
f 1975/2720/2835 1939/2755/2879 1940/2756/2879 1976/2722/2836
f 1976/2725/2839 1940/2757/2880 1941/2758/2880 1977/2726/2840
f 1974/2729/2845 1977/2726/2844 1941/2758/2881 1938/2759/2881
f 1978/2731/2847 1942/2760/2882 1943/2761/2882 1979/2732/2848
f 1979/2732/2851 1943/2761/2883 1944/2762/2883 1980/2734/2852
f 1980/2737/2855 1944/2763/2884 1945/2764/2884 1981/2738/2856
f 1978/2741/2861 1981/2738/2860 1945/2764/2885 1942/2765/2885
f 1982/2743/2863 1946/2766/2886 1947/2767/2886 1983/2744/2864
f 1983/2744/2867 1947/2767/2887 1948/2768/2887 1984/2746/2868
f 1984/2749/2871 1948/2769/2888 1949/2770/2888 1985/2750/2872
f 1982/2753/2877 1985/2750/2876 1949/2770/2889 1946/2771/2889
f 1987/2772/2890 1988/2773/2891 1930/2696/2781 1929/2774/2780
f 1988/2773/2891 1989/2775/2892 1931/2697/2784 1930/2696/2781
f 1989/2775/2892 1990/2776/2893 1932/2777/2785 1931/2697/2784
f 1990/2776/2893 1991/2778/2894 1933/2705/2787 1932/2777/2785
f 1991/2778/2894 1992/2779/2895 1934/2706/2790 1933/2705/2787
f 1992/2779/2895 1993/2780/2896 1935/2781/2791 1934/2706/2790
f 1993/2780/2896 1994/2782/2897 1936/2714/2793 1935/2781/2791
f 1994/2782/2897 1995/2783/2898 1937/2715/2796 1936/2714/2793
f 1937/2715/2796 1995/2783/2898 1987/2772/2890 1929/2774/2780
f 1988/2773/2891 1987/2772/2890 1986/2784/2899
f 1989/2775/2892 1988/2773/2891 1986/2784/2899
f 1990/2776/2893 1989/2775/2892 1986/2784/2899
f 1991/2778/2894 1990/2776/2893 1986/2784/2899
f 1992/2779/2895 1991/2778/2894 1986/2784/2899
f 1993/2780/2896 1992/2779/2895 1986/2784/2899
f 1994/2782/2897 1993/2780/2896 1986/2784/2899
f 1995/2783/2898 1994/2782/2897 1986/2784/2899
f 1987/2772/2890 1995/2783/2898 1986/2784/2899
f 1921/2676/2900 1996/2785/2900 1920/2673/2900
f 1920/2673/2901 1996/2785/2901 1928/2689/2901
f 1928/2689/2902 1996/2785/2902 1927/2688/2902
f 1927/2688/2903 1996/2785/2903 1926/2686/2903
f 1926/2686/2904 1996/2785/2904 1925/2683/2904
f 1925/2683/2905 1996/2785/2905 1924/2682/2905
f 1924/2682/2906 1996/2785/2906 1923/2680/2906
f 1923/2680/2907 1996/2785/2907 1922/2677/2907
f 1922/2677/2908 1996/2785/2908 1921/2676/2908
o wing_low001
v 48.044559 108.610130 -9.317789
v 35.670624 101.806923 -27.624205
v 33.001125 101.807175 -22.642658
v 42.682137 107.129807 -8.320246
v 27.072569 103.385483 -12.683203
v 31.211578 105.661110 -6.559813
v 47.046333 115.496384 -7.358231
v 41.591125 113.563889 -6.867305
v 29.277071 106.793610 -25.085135
v 31.414379 106.901917 -30.484669
v 30.596424 107.854446 -6.043643
v 25.681488 105.152206 -13.314964
v 61.419701 116.503975 -28.882364
v 55.321316 113.161224 -37.807228
v 47.630562 104.156502 -36.445053
v 60.100212 110.912209 -18.596622
v 60.026398 118.017265 -17.184227
v 43.859516 110.930534 -39.228943
v 56.084759 110.534607 -13.739588
v 42.246082 102.926056 -34.212959
v 38.651711 108.100128 -38.124092
v 55.317993 118.771187 -13.168516
v 41.084202 105.957939 -18.228249
v 39.508911 111.097359 -19.073416
v 38.562016 103.668144 -21.513918
v 35.744156 110.924080 -23.018425
v 36.573128 110.546158 -27.480991
v 39.168209 103.333382 -25.189108
v 44.027748 103.902641 -31.576035
v 41.440666 111.133507 -33.726681
v 47.562721 104.762215 -33.008701
v 45.020531 111.965645 -35.145840
v 51.944618 114.327164 -33.393871
v 54.762604 108.476334 -28.409861
v 54.530815 115.536583 -30.875473
v 55.870804 116.470490 -27.683460
v 55.418354 117.579987 -20.363276
v 56.978733 109.811722 -19.686745
v 52.729412 117.344994 -16.996750
v 54.317780 109.554405 -16.382488
v 45.555992 115.485031 -14.191418
v 46.993622 107.635727 -13.611969
v 43.514214 106.390877 -14.187391
v 42.312656 112.375671 -16.716431
v 58.081051 116.338646 -33.573273
v 46.847412 116.740051 -8.606508
v 41.278206 114.963669 -7.785851
v 29.481050 108.477585 -25.238953
v 31.995731 108.574570 -30.578588
v 29.803097 108.935280 -6.342954
v 25.255905 106.435226 -13.070225
v 59.997044 117.611145 -28.723724
v 54.229660 114.451401 -37.157284
v 58.703564 118.989723 -17.868397
v 44.154720 109.394798 -40.064526
v 38.843895 109.712418 -37.548450
v 56.234867 117.767365 -12.111010
v 37.294903 112.172134 -17.974802
v 38.306061 110.172867 -22.643799
v 38.473389 109.890572 -26.316811
v 42.992641 110.355927 -31.618088
v 45.925308 110.988136 -32.560150
v 51.217537 112.730530 -31.248428
v 53.190372 113.610519 -29.255152
v 54.262436 114.388641 -26.857967
v 53.912598 115.268303 -21.353025
v 51.851902 115.232346 -18.484779
v 45.586365 113.801079 -15.794113
v 41.100445 113.744774 -14.998558
v 59.378971 115.173225 -34.017475
v 34.414970 111.534088 -15.791037
v 27.224422 107.977776 -9.609087
v 31.772484 99.185165 -6.961576
v 56.898701 107.108856 -35.116272
v 29.692471 98.041573 -10.038815
v 57.353168 108.754189 -26.284229
v 31.081465 101.659996 -7.855667
v 29.375616 100.722122 -10.379357
v 41.624855 94.824417 -11.895195
v 39.455544 93.631744 -15.104538
v 55.311905 100.660072 -24.339773
v 40.153824 96.611282 -15.599983
v 58.685478 99.415131 -24.088200
v 55.630531 97.735558 -28.607771
v 41.404503 97.298897 -13.749680
v 54.010780 99.944725 -26.264692
v 47.582314 94.210106 -15.549288
v 45.290558 92.950134 -18.939777
v 51.748398 97.735443 -20.964361
v 45.143169 95.973694 -18.508945
v 53.578186 95.787224 -19.724655
v 50.893532 94.311249 -23.696407
v 46.201817 96.555733 -16.942732
v 50.549122 97.076096 -22.738607
v 44.557129 93.955772 -13.496729
v 42.338928 92.736237 -16.778397
v 54.116692 98.682739 -22.843044
v 42.727283 95.810364 -16.897463
v 56.926701 97.001114 -22.232189
v 54.066635 95.428696 -26.463453
v 43.855602 96.430710 -15.228189
v 52.854549 97.988823 -24.710295
v 36.926163 106.162918 -8.326915
v 28.042572 107.827019 -18.157318
v 35.728596 110.851463 -7.442514
v 30.852953 102.823860 -17.311827
v 28.115074 106.665535 -18.706203
v 34.866562 111.578850 -8.061677
v 30.919485 110.111176 -12.899530
v 23.775011 101.510994 -14.489914
v 31.924942 105.991837 -2.432631
v 30.184690 108.983147 -3.496020
v 22.990835 105.027954 -14.138851
v 28.519789 109.997391 -5.210781
v 23.413666 107.190041 -12.764951
v 25.657312 109.318153 -9.047953
v 32.120125 98.884171 -5.034653
v 28.302557 96.785263 -10.682493
v 32.557922 102.425652 -3.038089
v 25.681807 98.645157 -13.210846
v 20.825577 100.169289 -14.169235
v 30.816059 105.662064 0.611019
v 28.773342 108.794563 -0.718925
v 20.093676 104.022469 -13.559916
v 26.118690 110.485764 -3.393577
v 20.694130 107.503326 -11.418858
v 22.928528 110.197937 -7.530431
v 30.854099 97.760414 -2.474582
v 25.945963 95.061913 -9.735846
v 31.533676 101.919037 0.028659
v 22.804647 97.119804 -12.885361
v 18.512447 99.411499 -12.552179
v 28.696239 105.010567 2.514079
v 26.614004 108.203674 1.158397
v 17.766384 103.339241 -11.931071
v 23.907974 109.927597 -1.568007
v 18.378448 106.887459 -9.748575
v 20.656080 109.634209 -5.784907
v 28.735025 96.956017 -0.631237
v 23.731916 94.205299 -8.033007
v 29.431562 101.175179 1.917350
v 20.540342 96.286774 -11.236622
v 39.945328 104.776642 -17.017929
v 39.867615 105.037933 -21.741640
v 40.023224 104.394585 -25.161175
v 44.448509 104.979729 -30.752361
v 47.415272 105.749611 -31.759037
v 52.777866 107.549660 -30.437941
v 55.875469 109.227036 -25.973772
v 55.517982 110.103821 -20.377720
v 53.454399 109.927750 -17.454456
v 46.999432 108.230011 -14.840157
v 43.832352 107.217743 -15.876186
v 29.661652 104.172607 -9.842381
v 37.759083 104.187042 -15.321058
v 54.230877 100.738907 -25.173483
v 30.365995 101.848999 -9.454931
v 45.513226 97.000443 -17.891600
v 51.024185 98.155655 -22.045954
v 40.848988 97.541992 -14.940136
v 53.045197 98.955894 -23.709419
v 43.321484 96.827362 -16.345804
v 33.928513 104.352196 -12.793228
v 60.102112 108.704063 -32.102139
v 57.612923 98.432587 -26.602427
v 30.986977 97.972084 -8.433899
v 46.513878 92.931763 -17.055929
v 52.563499 94.435379 -21.703869
v 40.251526 93.829659 -13.156676
v 55.751167 95.573616 -24.281525
v 43.369705 92.864044 -14.905506
v 30.691677 96.641312 -7.739746
v 28.922039 95.093605 -5.968411
v 26.760654 94.250015 -4.193954
v 61.720097 109.749344 -28.083115
v 53.821350 106.828873 -31.409441
v 55.162598 102.942154 -26.622057
v 56.349335 100.968628 -30.812727
v 59.842968 102.889404 -25.644135
v 56.589100 103.371437 -25.429556
v 54.625916 102.292076 -28.333961
v 56.148735 107.903725 -29.132486
v 58.919468 102.130295 -28.859741
v 61.340084 117.497734 -22.508991
v 60.761127 110.350655 -23.011518
v 52.241619 105.533699 -36.201664
v 50.082539 111.214149 -39.698669
v 51.712376 116.822983 -8.995502
v 52.167946 109.705154 -11.096354
v 38.594231 102.242310 -31.177725
v 34.377068 107.292015 -34.641888
v 38.436069 110.648346 -30.839453
v 55.978275 117.230721 -23.345186
v 50.646702 108.721741 -14.340410
v 50.214657 106.566505 -31.579475
v 40.999256 103.420067 -28.598289
v 57.649727 109.610771 -22.490543
v 48.605957 113.084724 -34.784920
v 49.157398 116.545403 -14.963470
v 59.891258 118.522942 -22.766525
v 49.359276 112.640274 -38.881756
v 51.174446 117.930016 -10.205407
v 34.825695 108.940819 -34.396118
v 40.199203 109.964706 -29.317190
v 54.377869 115.061012 -23.446022
v 48.676842 111.834824 -32.386009
v 48.834961 114.715256 -16.526327
v 50.311962 109.194130 -15.458441
v 50.878487 105.999504 -32.839561
v 41.653152 104.435677 -28.254118
v 56.011490 109.840645 -22.500870
v 56.827896 104.048706 -32.988899
v 60.893944 106.279419 -27.013329
v 57.532940 106.327400 -26.653515
v 55.045063 105.016762 -30.200710
v 56.149494 105.819336 -28.358379
v 59.956135 105.375443 -30.766449
vn 0.1703 -0.9433 0.2848
vn 0.1536 -0.9556 0.2513
vn 0.2281 -0.9529 0.1999
vn 0.2616 -0.9454 0.1943
vn -0.3899 0.9177 -0.0761
vn -0.4767 0.8790 -0.0044
vn -0.4346 0.8996 0.0419
vn -0.3489 0.9317 -0.1010
vn 0.3015 -0.2160 0.9287
vn 0.3105 -0.2160 0.9257
vn 0.1206 -0.2099 0.9703
vn 0.1058 -0.2090 0.9722
vn 0.1449 -0.1646 0.9757
vn 0.1508 -0.1628 0.9751
vn -0.6325 -0.6290 -0.4520
vn -0.7132 -0.6364 -0.2938
vn -0.7108 -0.6365 -0.2995
vn -0.7129 -0.6592 -0.2392
vn -0.7047 -0.6637 -0.2508
vn -0.5839 -0.7078 -0.3976
vn -0.5904 -0.7063 -0.3907
vn 0.6081 -0.2752 -0.7447
vn 0.5493 -0.2400 -0.8004
vn 0.8373 -0.0655 -0.5427
vn 0.8445 -0.1784 -0.5049
vn 0.9154 -0.0956 0.3911
vn 0.9890 -0.0377 0.1429
vn 0.9869 -0.0428 0.1559
vn 0.8892 -0.1051 0.4452
vn 0.2789 -0.4078 -0.8695
vn 0.2934 -0.3977 -0.8693
vn 0.0450 -0.5535 -0.8316
vn 0.0030 -0.5758 -0.8176
vn 0.6863 -0.1654 0.7083
vn 0.6897 -0.1644 0.7052
vn -0.2525 -0.6824 -0.6860
vn -0.2560 -0.6835 -0.6836
vn 0.4945 -0.2056 0.8445
vn 0.4968 -0.2053 0.8432
vn -0.4379 -0.7191 -0.5395
vn -0.4399 -0.7193 -0.5378
vn -0.3131 0.9397 -0.1373
vn -0.3033 0.9418 -0.1448
vn -0.3031 0.9419 -0.1449
vn -0.3125 0.9399 -0.1377
vn 0.3024 -0.9418 0.1468
vn 0.3038 -0.9419 0.1432
vn 0.3034 -0.9420 0.1436
vn 0.3032 -0.9417 0.1458
vn 0.4804 -0.0052 -0.8770
vn 0.7944 0.1432 -0.5902
vn 0.4760 -0.0071 -0.8794
vn 0.9502 0.2530 -0.1821
vn 0.9509 0.2540 -0.1768
vn 0.0821 0.1743 0.9813
vn 0.0812 0.1741 0.9814
vn 0.4352 0.2605 0.8618
vn 0.4398 0.2614 0.8592
vn -0.5585 -0.0378 0.8286
vn -0.5589 -0.0379 0.8283
vn -0.7903 -0.1453 0.5952
vn -0.7904 -0.1453 0.5952
vn -0.9301 -0.2427 0.2755
vn -0.9303 -0.2429 0.2747
vn -0.8636 -0.3382 -0.3738
vn -0.6260 -0.3233 -0.7097
vn -0.6289 -0.3238 -0.7069
vn -0.8641 -0.3382 -0.3727
vn 0.3014 -0.9424 0.1453
vn 0.3026 -0.9420 0.1448
vn 0.3047 -0.9413 0.1454
vn 0.3052 -0.9412 0.1451
vn -0.2828 0.9460 -0.1584
vn -0.2910 0.9442 -0.1540
vn -0.2900 0.9445 -0.1547
vn -0.2827 0.9461 -0.1581
vn 0.2923 -0.9382 0.1852
vn 0.2936 -0.9429 0.1571
vn 0.2941 -0.9429 0.1563
vn 0.2930 -0.9372 0.1892
vn -0.2995 0.9431 -0.1442
vn -0.2903 0.9440 -0.1569
vn -0.2899 0.9440 -0.1573
vn 0.2754 -0.9489 0.1539
vn 0.2745 -0.9492 0.1535
vn 0.2908 -0.9445 0.1524
vn 0.2900 -0.9447 0.1530
vn -0.2902 0.9443 -0.1551
vn -0.2912 0.9441 -0.1543
vn -0.2846 0.9451 -0.1608
vn -0.2848 0.9450 -0.1609
vn -0.3182 0.9373 -0.1420
vn -0.3033 0.9418 -0.1451
vn -0.3035 0.9417 -0.1450
vn -0.3199 0.9367 -0.1422
vn 0.3153 -0.9370 0.1506
vn -0.3618 0.9250 -0.1161
vn -0.3163 0.9388 -0.1364
vn 0.9214 0.3087 0.2359
vn 0.9160 0.3102 0.2544
vn 0.7287 0.3108 0.6103
vn 0.7208 0.3099 0.6201
vn -0.2597 0.0716 0.9630
vn -0.2602 0.0714 0.9629
vn -0.9511 -0.3056 -0.0440
vn -0.9511 -0.3056 -0.0443
vn -0.3043 -0.2567 -0.9173
vn -0.3151 -0.2594 -0.9129
vn 0.0964 -0.1448 -0.9848
vn 0.0779 -0.1505 -0.9855
vn 0.9913 -0.0117 -0.1312
vn 0.9792 -0.0812 -0.1859
vn -0.3083 0.9408 -0.1413
vn -0.3028 0.9413 -0.1495
vn -0.3029 0.9412 -0.1495
vn -0.3083 0.9407 -0.1413
vn -0.2877 0.9452 -0.1546
vn -0.2882 0.9450 -0.1543
vn 0.2429 -0.9536 0.1777
vn 0.2711 -0.9427 0.1943
vn 0.2664 -0.9447 0.1915
vn 0.2740 -0.9455 0.1760
vn 0.2713 -0.9482 0.1653
vn 0.2703 -0.9491 0.1614
vn -0.9377 0.0090 -0.3472
vn -0.9539 0.0280 -0.2988
vn -0.8907 -0.0343 -0.4533
vn -0.2084 0.5318 0.8208
vn -0.0494 0.6669 0.7435
vn -0.0238 0.6852 0.7280
vn -0.1911 0.5484 0.8141
vn 0.0146 0.4634 0.8860
vn -0.1630 0.4628 0.8713
vn -0.1090 0.4646 0.8788
vn -0.8613 0.2206 -0.4577
vn -0.9522 0.1228 -0.2796
vn -0.9444 0.1342 -0.3003
vn -0.8430 0.2349 -0.4840
vn 0.5684 0.7775 -0.2691
vn 0.4409 0.7018 -0.5595
vn 0.4408 0.7018 -0.5596
vn 0.5711 0.7798 -0.2564
vn 0.5850 0.8105 -0.0288
vn 0.5845 0.8110 -0.0252
vn 0.5136 0.8313 0.2128
vn 0.5121 0.8313 0.2163
vn 0.0117 0.4978 -0.8672
vn 0.0071 0.4963 -0.8681
vn 0.2183 0.5853 -0.7809
vn 0.2280 0.5899 -0.7746
vn 0.3379 0.8089 0.4812
vn 0.3520 0.8116 0.4663
vn -0.2369 0.4201 -0.8760
vn -0.5193 0.3372 -0.7853
vn -0.5014 0.3418 -0.7948
vn -0.2358 0.4204 -0.8762
vn 0.1308 0.7574 0.6397
vn 0.1541 0.7638 0.6269
vn -0.7249 0.2870 -0.6262
vn -0.7060 0.2910 -0.6457
vn 0.1693 0.9595 0.2252
vn 0.1736 0.9597 0.2209
vn 0.0161 0.9416 0.3362
vn 0.0210 0.9425 0.3336
vn -0.1785 0.8942 0.4106
vn -0.1931 0.8895 0.4142
vn -0.7897 0.5925 -0.1590
vn -0.7915 0.5925 -0.1502
vn -0.7218 0.6045 -0.3370
vn -0.7111 0.6058 -0.3568
vn -0.5712 0.6178 -0.5404
vn -0.5756 0.6174 -0.5363
vn 0.2698 0.9601 0.0733
vn 0.3080 0.9366 -0.1671
vn 0.3060 0.9308 -0.2001
vn 0.2803 0.9588 0.0467
vn 0.2055 0.8679 -0.4523
vn 0.2061 0.8682 -0.4515
vn -0.3789 0.8187 0.4315
vn -0.3878 0.8150 0.4306
vn -0.5542 0.7466 0.3681
vn -0.5519 0.7476 0.3696
vn -0.7010 0.6772 0.2239
vn -0.7007 0.6773 0.2243
vn -0.7854 0.6186 0.0230
vn -0.7850 0.6189 0.0246
vn -0.2512 0.6743 -0.6944
vn -0.4205 0.6352 -0.6478
vn -0.4151 0.6361 -0.6504
vn -0.2218 0.6828 -0.6961
vn -0.0145 0.7657 -0.6430
vn -0.0040 0.7704 -0.6376
vn -0.3073 0.9408 -0.1432
vn -0.3058 0.9417 -0.1404
vn 0.2449 -0.9546 0.1695
vn 0.3022 -0.9442 0.1311
vn 0.3177 -0.9387 0.1341
vn -0.5045 0.8612 -0.0615
vn -0.5418 0.8379 -0.0666
vn -0.4926 0.8702 0.0096
vn -0.0203 -0.7699 0.6378
vn -0.1697 -0.8808 0.4420
vn -0.1225 -0.9004 0.4174
vn 0.0284 -0.7970 0.6033
vn 0.1134 0.9039 -0.4125
vn 0.1463 0.8909 -0.4300
vn 0.5055 0.8050 0.3106
vn 0.4988 0.7812 0.3755
vn 0.5538 0.5191 0.6511
vn 0.5667 0.4773 0.6716
vn -0.4775 -0.0968 -0.8733
vn -0.3009 0.3616 -0.8825
vn -0.3513 0.3138 -0.8821
vn -0.4788 -0.0487 -0.8766
vn -0.8440 -0.0776 -0.5307
vn -0.9337 0.1732 -0.3133
vn -0.9780 0.0984 -0.1838
vn -0.8577 -0.1843 -0.4801
vn 0.3569 -0.9284 0.1038
vn 0.2599 -0.9493 0.1771
vn 0.1092 -0.9928 -0.0503
vn 0.1998 -0.9735 -0.1114
vn -0.3695 0.9245 -0.0938
vn -0.2605 0.9492 -0.1766
vn 0.2537 0.8149 0.5212
vn 0.1615 0.8222 0.5458
vn 0.2925 0.6724 0.6800
vn 0.3744 0.6377 0.6732
vn -0.6115 0.0956 -0.7854
vn -0.5900 0.3510 -0.7271
vn -0.6526 0.3746 -0.6586
vn -0.6632 0.1470 -0.7339
vn 0.7604 -0.5760 -0.3000
vn 0.5580 -0.8269 -0.0699
vn 0.4389 -0.8579 -0.2671
vn 0.6352 -0.6269 -0.4511
vn -0.7646 0.5672 0.3060
vn -0.5905 0.8007 0.1016
vn 0.0237 0.7415 0.6706
vn -0.1878 0.5833 0.7902
vn 0.1138 0.4490 0.8862
vn 0.1940 0.6057 0.7717
vn -0.0690 0.9495 -0.3062
vn 0.4008 0.7914 0.4616
vn 0.4841 0.5867 0.6492
vn -0.7918 0.2931 -0.5358
vn -0.7620 0.0801 -0.6427
vn 0.0608 -0.9484 0.3113
vn -0.0703 -0.9939 0.0855
vn -0.4693 0.3130 -0.8257
vn -0.5283 0.0301 -0.8485
vn -0.2481 -0.9491 0.1942
vn 0.1692 -0.9557 0.2408
vn 0.1400 -0.9703 0.1975
vn 0.1285 -0.9663 0.2229
vn -0.4388 0.8945 0.0857
vn 0.3111 -0.1102 0.9440
vn 0.9323 0.1230 -0.3401
vn 0.8071 0.0986 -0.5822
vn 0.9409 0.2200 -0.2576
vn 0.2356 0.5817 -0.7786
vn -0.0055 0.6898 -0.7240
vn 0.1806 0.8758 -0.4476
vn 0.3518 0.7746 -0.5256
vn 0.8410 0.5272 -0.1215
vn 0.6864 0.7179 0.1162
vn 0.9331 0.3367 0.1264
vn 0.5509 0.0056 -0.8345
vn 0.1853 -0.0744 -0.9799
vn -0.0315 0.3232 -0.9458
vn 0.2961 0.2276 -0.9276
vn 0.5773 0.7695 -0.2731
vn 0.3940 0.9095 -0.1329
vn 0.9602 -0.1300 -0.2472
vn 0.9515 -0.3076 -0.0101
vn 0.7299 -0.6330 -0.2581
vn 0.8215 -0.3994 -0.4069
vn 0.9981 -0.0119 0.0612
vn 0.6605 -0.2948 -0.6905
vn 0.5118 -0.5493 -0.6605
vn 0.3782 -0.3527 -0.8559
vn 0.6477 -0.0335 -0.7612
vn -0.3818 0.7216 -0.5776
vn -0.1631 0.9557 -0.2449
vn 0.4397 0.7710 0.4606
vn 0.7345 0.3415 0.5864
vn -0.2909 -0.2223 -0.9306
vn -0.4455 0.2844 -0.8489
vn 0.0992 0.9860 0.1340
vn 0.5134 -0.8577 -0.0283
vn 0.2118 -0.8627 -0.4592
vn 0.8365 -0.1563 0.5252
vn 0.7514 -0.5661 0.3391
vn -0.0387 -0.6375 -0.7695
vn -0.5378 0.6834 -0.4937
vn -0.3287 0.9360 -0.1257
vn 0.2964 0.7590 0.5798
vn 0.5808 0.3095 0.7529
vn -0.4876 -0.2779 -0.8277
vn -0.6039 0.2640 -0.7521
vn -0.0265 0.9645 0.2628
vn 0.6291 -0.6369 0.4456
vn 0.4091 -0.9104 0.0618
vn 0.6936 -0.2308 0.6824
vn 0.0916 -0.9324 -0.3495
vn -0.2095 -0.7273 -0.6536
vn 0.0989 -0.9114 -0.3995
vn 0.0812 -0.9160 -0.3928
vn -0.0770 -0.9612 -0.2648
vn -0.0694 -0.9591 -0.2745
vn 0.6423 -0.7506 -0.1553
vn 0.7306 -0.6799 0.0631
vn 0.7285 -0.6832 0.0509
vn 0.6423 -0.7505 -0.1552
vn 0.4831 -0.8182 -0.3117
vn 0.4725 -0.8219 -0.3182
vn -0.0326 -0.8573 0.5138
vn 0.1419 -0.8247 0.5474
vn 0.1301 -0.8285 0.5447
vn -0.0364 -0.8574 0.5134
vn -0.1534 -0.8869 0.4357
vn -0.1537 -0.8870 0.4354
vn -0.1993 -0.9380 0.2836
vn -0.1994 -0.9366 0.2881
vn -0.1619 -0.9848 -0.0628
vn -0.1619 -0.9848 -0.0624
vn 0.6688 -0.5974 0.4426
vn 0.6570 -0.5987 0.4581
vn 0.7346 -0.6199 0.2758
vn 0.7365 -0.6244 0.2603
vn 0.5086 -0.6413 0.5745
vn 0.3171 -0.7386 0.5949
vn 0.3205 -0.7363 0.5960
vn 0.4981 -0.6451 0.5794
vn -0.1879 -0.9730 0.1336
vn -0.1867 -0.9746 0.1237
vn 0.2905 -0.8699 -0.3987
vn 0.2754 -0.8728 -0.4030
vn -0.7999 0.4712 0.3716
vn 0.1980 -0.9384 0.2833
vn -0.3067 -0.9274 0.2140
vn 0.4864 -0.8159 0.3125
vn 0.4019 -0.8318 0.3829
vn 0.8511 -0.5082 -0.1317
vn 0.6840 -0.7232 0.0956
vn 0.2106 -0.8395 0.5010
vn 0.8033 -0.4674 -0.3690
vn 0.9053 -0.3878 -0.1735
vn -0.2868 0.4830 0.8273
vn 0.1000 0.3534 0.9301
vn 0.6559 -0.5251 -0.5423
vn 0.9323 -0.2981 -0.2050
vn 0.8273 -0.3729 -0.4202
vn -0.8291 0.0396 0.5577
vn -0.8378 0.2432 0.4888
vn -0.3571 0.2730 0.8933
vn -0.2705 0.0676 0.9603
vn 0.1989 0.1954 0.9603
vn 0.2582 0.0860 0.9622
vn -0.9959 -0.0884 -0.0192
vn -0.7837 -0.3834 -0.4887
vn 0.6667 -0.4434 -0.5991
vn -0.9384 -0.3420 -0.0490
vn -0.7175 -0.5011 -0.4838
vt 0.371946 0.398499
vt 0.394544 0.397111
vt 0.394473 0.377904
vt 0.357835 0.381088
vt 0.394628 0.226985
vt 0.394593 0.212334
vt 0.374034 0.213696
vt 0.361427 0.231703
vt 0.342847 0.365838
vt 0.322932 0.384092
vt 0.339046 0.397000
vt 0.357864 0.410301
vt 0.414975 0.424164
vt 0.431315 0.410029
vt 0.417150 0.398333
vt 0.408484 0.419048
vt 0.431133 0.380824
vt 0.450026 0.396594
vt 0.466035 0.383579
vt 0.446015 0.365473
vt 0.498875 0.282844
vt 0.523318 0.293066
vt 0.529801 0.271020
vt 0.504007 0.265375
vt 0.303491 0.317995
vt 0.297991 0.301392
vt 0.273892 0.316183
vt 0.282528 0.335820
vt 0.515352 0.314670
vt 0.491683 0.301390
vt 0.484237 0.318413
vt 0.505339 0.336345
vt 0.295552 0.356011
vt 0.318009 0.338254
vt 0.470690 0.337707
vt 0.493192 0.355365
vt 0.330608 0.352558
vt 0.309338 0.371495
vt 0.479526 0.370902
vt 0.458169 0.352112
vt 0.420058 0.252910
vt 0.424860 0.263216
vt 0.440645 0.260203
vt 0.436393 0.246548
vt 0.356975 0.352687
vt 0.342556 0.341820
vt 0.375689 0.352507
vt 0.394399 0.355738
vt 0.394316 0.333122
vt 0.381884 0.330777
vt 0.413086 0.352373
vt 0.406731 0.330683
vt 0.464251 0.309674
vt 0.442668 0.298076
vt 0.436326 0.307799
vt 0.455604 0.323011
vt 0.450568 0.277031
vt 0.473092 0.283294
vt 0.474665 0.270490
vt 0.453444 0.265905
vt 0.313475 0.270946
vt 0.314992 0.282902
vt 0.337561 0.276564
vt 0.334796 0.266190
vt 0.323207 0.308487
vt 0.332936 0.323374
vt 0.352182 0.308160
vt 0.345230 0.297273
vt 0.431794 0.352419
vt 0.446105 0.341476
vt 0.435832 0.291043
vt 0.440916 0.275609
vt 0.426395 0.275586
vt 0.423280 0.287003
vt 0.470665 0.312881
vt 0.460427 0.327556
vt 0.383945 0.301745
vt 0.372579 0.294778
vt 0.363686 0.303684
vt 0.378789 0.314052
vt 0.316721 0.312091
vt 0.328112 0.327970
vt 0.362767 0.275702
vt 0.348322 0.275759
vt 0.353712 0.292099
vt 0.366195 0.288165
vt 0.352787 0.246769
vt 0.348571 0.260414
vt 0.364331 0.263397
vt 0.369121 0.253116
vt 0.372189 0.360877
vt 0.427747 0.231520
vt 0.410444 0.243238
vt 0.429162 0.346679
vt 0.417722 0.324675
vt 0.442968 0.336594
vt 0.427430 0.317278
vt 0.469863 0.296652
vt 0.447009 0.287921
vt 0.341887 0.289453
vt 0.319237 0.298664
vt 0.345672 0.336909
vt 0.361123 0.317550
vt 0.359577 0.346928
vt 0.370853 0.324855
vt 0.258819 0.271894
vt 0.265336 0.292868
vt 0.289446 0.282336
vt 0.284343 0.265887
vt 0.394559 0.317423
vt 0.410940 0.313848
vt 0.405855 0.301600
vt 0.394558 0.303662
vt 0.424736 0.304583
vt 0.415712 0.295517
vt 0.479789 0.284292
vt 0.476602 0.298212
vt 0.308334 0.283968
vt 0.311947 0.300199
vt 0.415126 0.213611
vt 0.419122 0.212685
vt 0.412035 0.194636
vt 0.407973 0.195933
vt 0.357683 0.228253
vt 0.348529 0.243360
vt 0.377079 0.194676
vt 0.370025 0.212779
vt 0.381153 0.195966
vt 0.440642 0.243130
vt 0.431474 0.228071
vt 0.376961 0.319443
vt 0.394568 0.322979
vt 0.360014 0.308031
vt 0.348823 0.294669
vt 0.428351 0.308903
vt 0.412777 0.319224
vt 0.343027 0.275912
vt 0.440774 0.293681
vt 0.446253 0.275745
vt 0.343581 0.258589
vt 0.445642 0.258354
vt 0.417978 0.264680
vt 0.418445 0.275074
vt 0.415451 0.283543
vt 0.378135 0.289122
vt 0.374054 0.284708
vt 0.370681 0.275224
vt 0.405455 0.249387
vt 0.413908 0.255712
vt 0.394700 0.246385
vt 0.394684 0.238282
vt 0.410140 0.289831
vt 0.402878 0.293939
vt 0.394551 0.295288
vt 0.386792 0.294122
vt 0.371212 0.264879
vt 0.375317 0.255920
vt 0.379858 0.243144
vt 0.383869 0.249483
vt 0.416636 0.360716
vt 0.394428 0.365422
vt 0.394568 0.195393
vt 0.910090 0.427388
vt 0.908529 0.419476
vt 0.866513 0.419424
vt 0.865415 0.426997
vt 0.865045 0.443849
vt 0.914175 0.443990
vt 0.914329 0.437138
vt 0.865260 0.438593
vt 0.910109 0.411568
vt 0.914373 0.401828
vt 0.865308 0.400252
vt 0.865434 0.411849
vt 0.785577 0.408545
vt 0.789946 0.394494
vt 0.775866 0.391517
vt 0.769677 0.404971
vt 0.813064 0.419358
vt 0.841035 0.419392
vt 0.840747 0.411276
vt 0.813270 0.409846
vt 0.813753 0.445687
vt 0.841987 0.444000
vt 0.841861 0.438964
vt 0.814234 0.440161
vt 0.813249 0.428868
vt 0.840726 0.427508
vt 0.841911 0.399822
vt 0.814285 0.398553
vt 0.784222 0.419343
vt 0.798704 0.419345
vt 0.797900 0.410141
vt 0.791580 0.449864
vt 0.802257 0.446448
vt 0.801160 0.440644
vt 0.789920 0.444131
vt 0.785602 0.430127
vt 0.797892 0.428542
vt 0.853023 0.443332
vt 0.853408 0.438126
vt 0.853410 0.426573
vt 0.801203 0.398032
vt 0.853973 0.419409
vt 0.853428 0.412243
vt 0.853455 0.400690
vt 0.394617 0.416790
vt 0.374312 0.424317
vt 0.380766 0.419151
vt 0.392786 0.277125
vt 0.394801 0.276878
vt 0.394801 0.274731
vt 0.391079 0.272587
vt 0.399207 0.267159
vt 0.400726 0.264936
vt 0.394801 0.262753
vt 0.394801 0.265265
vt 0.390316 0.269143
vt 0.386702 0.267712
vt 0.385630 0.272481
vt 0.398523 0.272587
vt 0.403973 0.272481
vt 0.402901 0.267712
vt 0.399287 0.269143
vt 0.390396 0.267159
vt 0.388877 0.264936
vt 0.392271 0.279418
vt 0.390295 0.280434
vt 0.394801 0.281696
vt 0.394801 0.279940
vt 0.387056 0.276918
vt 0.397332 0.279418
vt 0.399308 0.280434
vt 0.402546 0.276918
vt 0.396816 0.277125
vt 0.403124 0.260856
vt 0.394801 0.257590
vt 0.382169 0.266508
vt 0.380897 0.272821
vt 0.408705 0.272822
vt 0.407434 0.266508
vt 0.386479 0.260856
vt 0.394801 0.285587
vt 0.401696 0.283649
vt 0.382764 0.278485
vt 0.387906 0.283649
vt 0.406839 0.278485
vt 0.406861 0.256073
vt 0.394802 0.250717
vt 0.376860 0.264219
vt 0.375610 0.273198
vt 0.413992 0.273199
vt 0.412742 0.264220
vt 0.382742 0.256073
vt 0.385373 0.288171
vt 0.394801 0.290504
vt 0.378256 0.281164
vt 0.404230 0.288171
vt 0.411346 0.281164
vt 0.481564 0.270181
vt 0.306547 0.270734
vt 0.780202 0.384029
vt 0.791651 0.388753
vt 0.865106 0.394997
vt 0.914236 0.394976
vt 0.813819 0.393025
vt 0.842050 0.394787
vt 0.802323 0.392226
vt 0.853084 0.395484
vt 0.766344 0.419404
vt 0.769863 0.433693
vt 0.780117 0.454472
vt 0.775947 0.446969
vt 0.736429 0.439559
vt 0.753287 0.436873
vt 0.749699 0.419579
vt 0.733855 0.419796
vt 0.758618 0.467163
vt 0.765899 0.461309
vt 0.760306 0.451998
vt 0.749701 0.456864
vt 0.760176 0.386176
vt 0.752920 0.401724
vt 0.766149 0.376815
vt 0.735997 0.398969
vt 0.749187 0.381670
vt 0.759022 0.370784
s 1
usemtl 03_-_Default
f 2099/2786/2909 2159/2787/2910 2151/2788/2911 2000/2789/2912
f 2067/2790/2913 2105/2791/2914 2104/2792/2915 2043/2793/2916
f 1997/2794/2917 2003/2795/2918 2004/2796/2919 2000/2789/2920
f 2000/2789/2920 2004/2796/2919 2101/2797/2921 2099/2786/2922
f 2008/2798/2923 2103/2799/2924 2102/2800/2925 2001/2801/2923
f 1999/2802/2926 2005/2803/2927 2006/2804/2928 1998/2805/2929
f 2070/2806/2930 2010/2807/2931 2066/2808/2932 2160/2809/2933
f 2012/2810/2934 2181/2811/2935 2180/2812/2936 2013/2813/2937
f 2183/2814/2938 2182/2815/2939 2011/2816/2940 2051/2817/2941
f 2053/2818/2942 2015/2819/2943 2012/2810/2934 2013/2813/2937
f 2016/2820/2944 2017/2821/2945 2051/2817/2941 2011/2816/2940
f 2003/2795/2918 1997/2794/2917 2185/2822/2946 2184/2823/2947
f 2006/2804/2928 2187/2824/2948 2186/2825/2949 1998/2805/2929
f 2023/2826/2950 2188/2827/2951 2199/2828/2952 2045/2829/2953
f 2038/2830/2954 2190/2831/2955 2185/2822/2956 1997/2794/2957
f 2149/2832/2958 2019/2833/2959 2020/2834/2959 2040/2835/2960
f 2140/2836/2961 2055/2837/2962 2020/2834/2959 2019/2833/2959
f 2143/2838/2963 2058/2839/2964 2057/2840/2965 2142/2841/2966
f 2059/2842/2967 2144/2843/2968 2030/2844/2969 2060/2845/2970
f 2030/2846/2969 2145/2847/2971 2061/2848/2972 2060/2849/2970
f 2146/2850/2973 2147/2851/2974 2063/2852/2975 2062/2853/2976
f 2024/2854/2977 1998/2805/2978 2186/2825/2979 2192/2855/2980
f 2014/2856/2981 2052/2857/2982 2026/2858/2983 2028/2859/2984
f 2027/2860/2985 2025/2861/2986 2016/2820/2987 2011/2816/2988
f 2032/2862/2989 2189/2863/2990 2196/2864/2991 2048/2865/2989
f 2034/2866/2992 2012/2810/2993 2015/2819/2994 2036/2867/2995
f 2035/2868/2996 2018/2869/2997 2050/2870/2998 2033/2871/2999
f 2042/2872/3000 2198/2873/3001 2195/2874/3002 2037/2875/3003
f 2038/2830/2954 1997/2794/2957 2000/2789/2912 2039/2876/3004
f 2044/2877/3005 2022/2878/3006 2023/2826/2950 2045/2829/2953
f 2055/2837/2962 2140/2836/2961 2141/2879/3007 2056/2880/3008
f 2056/2880/3008 2141/2879/3007 2206/2881/3009 2200/2882/3010
f 2143/2838/2963 2191/2883/3011 2202/2884/3012 2058/2839/2964
f 2062/2853/2976 2201/2885/3013 2207/2886/3014 2146/2850/2973
f 2147/2851/2974 2204/2887/3015 2203/2888/3016 2063/2852/2975
f 2148/2889/3017 2149/2832/2958 2040/2835/2960 2064/2890/3018
f 2066/2891/2932 2009/2892/3019 2171/2893/3020 2160/2894/2933
f 2041/2895/3021 2049/2896/3022 2029/2897/3023 2031/2898/3024
f 2032/2862/2989 2048/2865/2989 2041/2895/3021 2031/2898/3024
f 2029/2897/3023 2049/2896/3022 2197/2899/3025 2194/2900/3026
f 2172/2901/3027 2205/2902/3028 2182/2815/3029 2070/2806/3027
f 2072/2903/3030 2171/2893/3030 2181/2811/3031 2193/2904/3032
f 2100/2905/3033 2103/2906/3034 2008/2907/3035 2047/2908/3035
f 2004/2909/3036 2003/2910/3037 2042/2872/3038 2043/2793/3039
f 2007/2911/3040 2101/2912/3041 2104/2792/3042 2046/2913/3040
f 2006/2914/3043 2005/2915/3044 2044/2877/3045 2045/2829/3046
f 2009/2916/3047 2066/2917/3048 2041/2895/3049 2048/2865/3050
f 2180/2918/3051 2196/2864/3052 2050/2870/3053 2013/2919/3054
f 2183/2920/3055 2197/2899/3056 2049/2896/3057 2010/2921/3058
f 2053/2922/3059 2013/2919/3054 2050/2870/3053 2018/2869/3060
f 2051/2923/3061 2017/2924/3062 2052/2857/3063 2014/2856/3064
f 2184/2925/3065 2198/2873/3066 2042/2872/3038 2003/2910/3037
f 2017/2924/3062 2187/2926/3067 2199/2828/3068 2052/2857/3063
f 2188/2827/3069 2200/2927/3070 2057/2928/3071 2026/2858/3072
f 2028/2859/3073 2026/2858/3072 2057/2928/3071 2058/2929/3074
f 2189/2863/3075 2201/2930/3076 2062/2931/3077 2033/2871/3078
f 2035/2868/3079 2033/2871/3078 2062/2931/3077 2063/2932/3080
f 2023/2826/3081 2022/2878/3082 2055/2933/3083 2056/2934/3084
f 2020/2935/3085 2055/2933/3083 2022/2878/3082 2054/2936/3086
f 2194/2900/3087 2202/2937/3088 2059/2938/3089 2029/2897/3090
f 2031/2898/3091 2029/2897/3090 2059/2938/3089 2060/2939/3092
f 2032/2862/3093 2031/2898/3091 2060/2939/3092 2061/2940/3094
f 2037/2875/3095 2195/2874/3096 2203/2941/3097 2064/2942/3098
f 2065/2943/3099 2037/2875/3095 2064/2942/3098 2040/2944/3100
f 2054/2936/3086 2065/2943/3099 2040/2944/3100 2020/2935/3085
f 2066/2917/3048 2010/2921/3058 2049/2896/3057 2041/2895/3049
f 2067/2790/2913 2043/2793/2916 2065/2943/3101 2054/2936/3102
f 2043/2793/2916 2042/2872/3000 2037/2875/3003 2065/2943/3101
f 1999/2802/3103 1998/2805/2978 2024/2854/2977 2021/2945/3104
f 2000/2789/2912 2151/2788/2911 2139/2946/3105 2039/2876/3004
f 2105/2791/2914 2100/2905/3106 2047/2908/3107 2068/2947/3108
f 2067/2790/2913 2054/2936/3102 2022/2878/3006 2044/2877/3005
f 2069/2948/3109 2162/2949/3110 2165/2950/3111 2075/2951/3112
f 2156/2952/3113 2153/2953/3114 2073/2954/3115 2081/2955/3116
f 2075/2951/3117 2081/2955/3116 2073/2954/3115 2069/2948/3118
f 2071/2956/3119 2074/2957/3120 2078/2958/3121 2076/2959/3122
f 2080/2960/3123 2082/2961/3124 2177/2962/3125 2174/2963/3126
f 2164/2964/3127 2163/2965/3128 2084/2966/3129 2088/2967/3130
f 2155/2968/3131 2154/2969/3132 2089/2970/3133 2085/2971/3134
f 2087/2972/3135 2085/2971/3134 2089/2970/3133 2083/2973/3136
f 2084/2966/3137 2086/2974/3138 2090/2975/3139 2088/2967/3140
f 2161/2976/3141 2166/2977/3142 2096/2978/3143 2080/2960/3144
f 2152/2979/3145 2157/2980/3146 2093/2981/3147 2077/2982/3148
f 2079/2983/3149 2077/2982/3148 2093/2981/3147 2095/2984/3150
f 2089/2970/3133 2154/2969/3132 2158/2985/3151 2097/2986/3152
f 2083/2973/3136 2089/2970/3133 2097/2986/3152 2091/2987/3153
f 2088/2967/3140 2090/2975/3139 2098/2988/3154 2096/2978/3155
f 2163/2965/3128 2167/2989/3156 2092/2990/3157 2084/2966/3129
f 2076/2959/3122 2078/2958/3121 2094/2991/3158 2092/2990/3159
f 2166/2977/3142 2164/2964/3127 2088/2967/3130 2096/2978/3143
f 2157/2980/3146 2155/2968/3131 2085/2971/3134 2093/2981/3147
f 2095/2984/3150 2093/2981/3147 2085/2971/3134 2087/2972/3135
f 2097/2986/3152 2158/2985/3151 2156/2952/3113 2081/2955/3116
f 2091/2987/3153 2097/2986/3152 2081/2955/3116 2075/2951/3117
f 2096/2978/3155 2098/2988/3154 2082/2961/3124 2080/2960/3123
f 2167/2989/3156 2165/2950/3111 2076/2959/3160 2092/2990/3157
f 2092/2990/3159 2094/2991/3158 2086/2974/3138 2084/2966/3137
f 2159/2787/2910 2150/2992/3161 2001/2801/3162 2102/2800/3163
f 2105/2791/2914 2068/2947/3108 2046/2913/3164 2104/2792/2915
f 2099/2786/2922 2101/2797/2921 2007/2993/3165 2002/2994/3165
f 2103/2799/2924 2005/2803/2927 1999/2802/2926 2102/2800/2925
f 2103/2906/3034 2100/2905/3033 2044/2877/3045 2005/2915/3044
f 2101/2912/3041 2004/2909/3036 2043/2793/3039 2104/2792/3042
f 2100/2905/3106 2105/2791/2914 2067/2790/2913 2044/2877/3005
f 2073/2995/3166 2153/2996/3167 2150/2997/3167 2002/2998/3168
f 2047/2999/3169 2111/3000/3170 2112/3001/3171 2068/3002/3172
f 2007/3003/3173 2108/3004/3174 2107/3005/3175 2002/2998/3168
f 2001/3006/3176 2106/3007/3177 2109/3008/3178 2008/3009/3179
f 2046/3010/3180 2110/3011/3181 2108/3004/3174 2007/3003/3173
f 2008/3009/3179 2109/3008/3178 2111/3000/3170 2047/2999/3169
f 2068/3002/3172 2112/3001/3171 2110/3011/3181 2046/3010/3180
f 2069/3012/3182 2113/3013/3183 2168/3014/3184 2162/3015/3185
f 2073/2995/3166 2115/3016/3186 2113/3013/3183 2069/3012/3182
f 2071/3017/3187 2114/3018/3188 2116/3019/3189 2074/3020/3190
f 2074/3020/3190 2116/3019/3189 2106/3007/3177 2001/3006/3176
f 2002/2998/3168 2107/3005/3175 2115/3016/3186 2073/2995/3166
f 2112/3001/3171 2111/3000/3170 2122/3021/3191 2123/3022/3192
f 2107/3005/3175 2108/3004/3174 2119/3023/3193 2118/3024/3194
f 2109/3008/3178 2106/3007/3177 2117/3025/3195 2120/3026/3196
f 2108/3004/3174 2110/3011/3181 2121/3027/3197 2119/3023/3193
f 2111/3000/3170 2109/3008/3178 2120/3026/3196 2122/3021/3191
f 2110/3011/3181 2112/3001/3171 2123/3022/3192 2121/3027/3197
f 2114/3018/3188 2168/3014/3184 2169/3028/3198 2125/3029/3199
f 2113/3013/3183 2115/3016/3186 2126/3030/3200 2124/3031/3201
f 2116/3019/3189 2114/3018/3188 2125/3029/3199 2127/3032/3202
f 2106/3007/3177 2116/3019/3189 2127/3032/3202 2117/3025/3195
f 2115/3016/3186 2107/3005/3175 2118/3024/3194 2126/3030/3200
f 2122/3021/3191 2133/3033/3203 2134/3034/3204 2123/3022/3192
f 2119/3023/3193 2130/3035/3205 2129/3036/3206 2118/3024/3194
f 2117/3025/3195 2128/3037/3207 2131/3038/3208 2120/3026/3196
f 2121/3027/3197 2132/3039/3209 2130/3035/3205 2119/3023/3193
f 2120/3026/3196 2131/3038/3208 2133/3033/3203 2122/3021/3191
f 2123/3022/3192 2134/3034/3204 2132/3039/3209 2121/3027/3197
f 2124/3031/3201 2135/3040/3210 2170/3041/3211 2169/3028/3198
f 2126/3030/3200 2137/3042/3212 2135/3040/3210 2124/3031/3201
f 2125/3029/3199 2136/3043/3213 2138/3044/3214 2127/3032/3202
f 2127/3032/3202 2138/3044/3214 2128/3037/3207 2117/3025/3195
f 2118/3024/3194 2129/3036/3206 2137/3042/3212 2126/3030/3200
f 2190/2831/3215 2204/2887/3216 2147/2851/3217 2036/2867/3218
f 2139/2946/3219 2021/2945/3220 2140/2836/3221 2019/2833/3222
f 2019/2833/3222 2149/2832/3223 2039/2876/3224 2139/2946/3219
f 2144/2843/3225 2191/2883/3226 2205/2902/3227 2172/2901/3228
f 2030/2844/3229 2144/2843/3225 2172/2901/3228 2178/3045/3230
f 2145/2847/3231 2030/2846/3229 2178/3046/3230 2072/2903/3232
f 2147/2851/3217 2146/2850/3233 2034/2866/3234 2036/2867/3218
f 2192/2855/3235 2206/2881/3236 2141/2879/3237 2024/2854/3238
f 2025/2861/3239 2027/2860/3240 2143/2838/3241 2142/2841/3242
f 2193/2904/3243 2207/2886/3244 2145/2847/3231 2072/2903/3232
f 2038/2830/3245 2039/2876/3224 2149/2832/3223 2148/2889/3246
f 2021/2945/3220 2024/2854/3238 2141/2879/3237 2140/2836/3221
f 2151/2788/2911 2159/2787/2910 2102/2800/3163 1999/2802/3103
f 2173/3047/3247 2177/2962/3125 2082/2961/3124 2152/3048/3145
f 2156/3049/3113 2078/2958/3121 2074/2957/3120 2153/3050/3114
f 2155/3051/3131 2090/2975/3139 2086/2974/3138 2154/3052/3132
f 2152/3048/3145 2082/2961/3124 2098/2988/3154 2157/3053/3146
f 2158/3054/3151 2154/3052/3132 2086/2974/3138 2094/2991/3158
f 2157/3053/3146 2098/2988/3154 2090/2975/3139 2155/3051/3131
f 2156/3049/3113 2158/3054/3151 2094/2991/3158 2078/2958/3121
f 2159/2787/2910 2099/2786/2909 2002/2994/3248 2150/2992/3161
f 2150/2997/3167 2153/2996/3167 2074/3020/3190 2001/3006/3176
f 2139/2946/3105 2151/2788/2911 1999/2802/3103 2021/2945/3104
f 2162/2949/3110 2071/2956/3249 2076/2959/3160 2165/2950/3111
f 2164/2964/3127 2087/2972/3250 2083/2973/3251 2163/2965/3128
f 2161/2976/3141 2079/2983/3252 2095/2984/3253 2166/2977/3142
f 2163/2965/3128 2083/2973/3251 2091/2987/3254 2167/2989/3156
f 2166/2977/3142 2095/2984/3253 2087/2972/3250 2164/2964/3127
f 2167/2989/3156 2091/2987/3254 2075/2951/3112 2165/2950/3111
f 2168/3014/3184 2114/3018/3188 2071/3017/3187 2162/3015/3185
f 2169/3028/3198 2168/3014/3184 2113/3013/3183 2124/3031/3201
f 2170/3041/3211 2136/3043/3213 2125/3029/3199 2169/3028/3198
f 2179/3055/3255 2175/3056/3256 2079/2983/3252 2161/2976/3141
f 2173/3057/3247 2152/2979/3145 2077/2982/3148 2176/3058/3257
f 2176/3058/3257 2077/2982/3148 2079/2983/3149 2175/3056/3258
f 2179/3055/3255 2161/2976/3141 2080/2960/3144 2174/2963/3259
f 2171/3059/3020 2209/3060/3260 2213/3061/3261 2160/3062/2933
f 2178/3063/3262 2212/3064/3263 2210/3065/3264 2072/3066/3265
f 2072/3066/3265 2210/3065/3264 2209/3060/3266 2171/3059/3267
f 2174/2963/3126 2177/2962/3125 2211/3067/3268 2208/3068/3269
f 2177/2962/3125 2173/3047/3247 2212/3069/3263 2211/3067/3268
f 2070/3070/2930 2160/3062/2933 2213/3061/3261 2208/3068/3270
f 2181/2811/2935 2171/2893/3020 2009/2892/3019 2180/2812/2936
f 2182/2815/2939 2183/2814/2938 2010/2807/2931 2070/2806/2930
f 2184/2823/2947 2185/2822/2946 2015/2819/2943 2053/2818/2942
f 2187/2824/2948 2017/2821/2945 2016/2820/2944 2186/2825/2949
f 2199/2828/2952 2188/2827/2951 2026/2858/2983 2052/2857/2982
f 2185/2822/2956 2190/2831/2955 2036/2867/2995 2015/2819/2994
f 2186/2825/2979 2016/2820/2987 2025/2861/2986 2192/2855/2980
f 2196/2864/2991 2189/2863/2990 2033/2871/2999 2050/2870/2998
f 2198/2873/3001 2018/2869/2997 2035/2868/2996 2195/2874/3002
f 2200/2882/3010 2206/2881/3009 2142/2841/2966 2057/2840/2965
f 2191/2883/3011 2144/2843/2968 2059/2842/2967 2202/2884/3012
f 2201/2885/3013 2061/2848/2972 2145/2847/2971 2207/2886/3014
f 2204/2887/3015 2148/2889/3017 2064/2890/3018 2203/2888/3016
f 2197/2899/3025 2014/2856/2981 2028/2859/2984 2194/2900/3026
f 2182/2815/3029 2205/2902/3028 2027/2860/2985 2011/2816/2988
f 2181/2811/3031 2012/2810/2993 2034/2866/2992 2193/2904/3032
f 2180/2918/3051 2009/2916/3047 2048/2865/3050 2196/2864/3052
f 2183/2920/3055 2051/2923/3061 2014/2856/3064 2197/2899/3056
f 2198/2873/3066 2184/2925/3065 2053/2922/3059 2018/2869/3060
f 2187/2926/3067 2006/2914/3043 2045/2829/3046 2199/2828/3068
f 2200/2927/3070 2188/2827/3069 2023/2826/3081 2056/2934/3084
f 2189/2863/3075 2032/2862/3093 2061/2940/3094 2201/2930/3076
f 2194/2900/3087 2028/2859/3073 2058/2929/3074 2202/2937/3088
f 2195/2874/3096 2035/2868/3079 2063/2932/3080 2203/2941/3097
f 2190/2831/3215 2038/2830/3245 2148/2889/3246 2204/2887/3216
f 2205/2902/3227 2191/2883/3226 2143/2838/3241 2027/2860/3240
f 2192/2855/3235 2025/2861/3239 2142/2841/3242 2206/2881/3236
f 2193/2904/3243 2034/2866/3234 2146/2850/3233 2207/2886/3244
f 2209/3060/3260 2175/3056/3256 2179/3055/3255 2213/3061/3261
f 2212/3064/3263 2173/3057/3247 2176/3058/3257 2210/3065/3264
f 2210/3065/3264 2176/3058/3257 2175/3056/3258 2209/3060/3266
f 2208/3068/3269 2211/3067/3268 2172/3071/3271 2070/3070/3272
f 2211/3067/3268 2212/3069/3263 2178/3072/3262 2172/3071/3271
f 2208/3068/3270 2213/3061/3261 2179/3055/3255 2174/2963/3259
o butt_low
v 12.766876 47.452747 -5.825726
v 20.293270 55.371262 -4.943400
v 16.484161 51.209808 -6.497987
v 24.417261 59.039787 2.256886
v 24.869900 58.882893 8.079614
v 23.635262 57.386860 13.059224
v -1.649488 61.145145 -11.271335
v 7.126436 61.623512 -11.909827
v 1.742497 57.130505 -11.019410
v 3.734448 65.638168 -12.161746
v 10.799711 57.182362 -11.046353
v 5.639843 52.765053 -10.185649
v 13.762426 53.534988 -9.747331
v 9.045694 49.211754 -8.927197
v 12.307730 66.205070 -8.660995
v 8.915741 70.219719 -8.912917
v 15.874260 61.555462 -7.901450
v 18.892340 72.872025 8.926409
v 18.008492 71.655121 1.434464
v 14.616495 75.669785 1.182544
v 15.500364 76.886673 8.674492
v 22.186800 68.068695 9.119024
v 21.390278 66.828911 1.866857
v 24.182400 62.316315 2.180713
v 24.630816 63.469109 9.137630
v 18.921593 57.507744 -6.960492
v 16.717299 71.446777 15.499438
v 13.325323 75.461418 15.247525
v 20.139246 66.626846 15.491325
v 22.906836 61.881340 15.157966
v 23.739832 57.083172 2.368382
v 23.546541 56.077408 6.566957
v 17.884201 50.880718 -3.287742
v 20.595842 54.220062 -3.086413
v 14.621157 55.691433 -1.637106
v 16.904980 57.594135 -1.510055
v 19.033016 59.539246 2.187633
v 18.497475 59.234531 5.098399
v 15.510382 48.482552 -1.633443
v 21.883600 54.318012 9.448648
v 16.813406 57.947693 7.420643
v 12.453098 53.962185 -0.155898
v 13.540636 54.950279 1.609666
v 15.816996 57.030968 5.565104
v 21.926332 56.666210 2.379884
v 21.869656 55.877716 5.475851
v 17.732231 52.068626 -1.735449
v 19.659031 54.583969 -1.567837
v 15.403385 50.220493 -0.147061
v 20.065830 54.495556 7.965102
v 7.282256 42.579979 7.180196
v 9.456432 43.742645 4.343985
v 6.257335 42.356140 0.601535
v 4.315460 41.682388 5.516903
v -6.066024 51.016865 -3.309588
v -9.458010 55.031506 -3.561513
v -1.902992 46.859428 -2.738154
v -11.633060 53.606266 3.011516
v -8.241072 49.591606 3.263433
v -4.060461 45.547668 3.625986
v 1.981034 43.680515 -1.951834
v -0.189220 42.611626 4.027966
v -7.357215 50.808510 10.755386
v -10.749203 54.823158 10.503462
v -5.048448 60.273224 20.598923
v -1.656453 56.258560 20.850843
v -3.154024 46.657368 10.886316
v 2.361992 51.930817 20.654625
v 0.132857 64.854767 23.847752
v 3.524834 60.840118 24.099670
v 7.326629 56.434006 23.791363
v 5.966270 48.054092 20.166592
v 10.679171 52.545742 22.912926
v 12.701200 49.355476 20.094501
v 8.060328 46.233212 18.407070
v 0.705457 43.245514 11.025393
v 3.848981 42.496292 11.293033
v 8.908777 65.333138 23.209259
v 5.516802 69.347778 22.957348
v 12.596413 60.721222 22.938820
v 15.842176 56.350101 22.133327
v 17.125721 52.290249 19.486485
v 4.889646 48.072201 7.971399
v 7.713447 44.224472 8.156698
v 6.757053 44.482437 11.171061
v 4.354107 47.767494 10.882175
v 8.765965 51.615299 14.706903
v 6.482143 49.712605 14.579864
v 9.024543 46.564823 15.118595
v 11.851194 48.033813 15.367680
v 14.177206 49.885086 13.779295
v 10.934067 53.344498 13.225667
v 6.573732 49.358971 5.649152
v 7.570143 50.275715 7.504693
v 9.846518 52.356415 11.460115
v 9.514729 45.610001 5.667165
v 15.829615 49.578075 15.426111
v 6.031288 42.816826 11.294046
v 12.943882 47.776112 17.035599
v 9.175434 45.680054 16.748686
vn 0.6860 -0.6397 -0.3466
vn 0.5790 -0.7876 -0.2110
vn 0.4078 -0.7728 -0.4863
vn 0.6082 -0.5442 -0.5779
vn -0.5622 -0.5756 -0.5937
vn -0.5935 -0.5390 -0.5977
vn -0.2648 -0.2816 -0.9223
vn -0.2325 -0.3175 -0.9193
vn 0.1497 0.0645 -0.9866
vn 0.1811 0.0264 -0.9831
vn 0.2407 -0.0528 -0.9692
vn -0.1609 -0.3939 -0.9050
vn 0.0457 -0.5836 -0.8108
vn 0.3828 -0.2591 -0.8867
vn 0.5297 0.3381 -0.7779
vn 0.5011 0.3744 -0.7802
vn 0.7081 0.5723 -0.4137
vn 0.7375 0.5367 -0.4099
vn 0.5727 0.2723 -0.7732
vn 0.7846 0.4759 -0.3973
vn 0.7579 0.6460 0.0905
vn 0.7889 0.6075 0.0932
vn 0.8440 0.5268 0.1009
vn 0.8990 0.2710 -0.3439
vn 0.9510 0.2880 0.1129
vn 0.9789 -0.1942 0.0638
vn 0.9556 -0.1172 -0.2702
vn 0.6770 0.0558 -0.7338
vn 0.8022 -0.2577 -0.5386
vn 0.6246 0.5019 0.5984
vn 0.5935 0.5390 0.5977
vn 0.6852 0.4187 0.5959
vn 0.2648 0.2816 0.9223
vn 0.2948 0.2437 0.9240
vn 0.3570 0.1618 0.9200
vn 0.5122 -0.0805 0.8551
vn 0.8176 0.1586 0.5536
vn 0.8815 -0.3272 0.3404
vn -0.0235 -0.0443 0.9987
vn -0.6825 -0.7043 -0.1955
vn -0.3344 -0.4464 -0.8300
vn -0.3339 -0.4460 -0.8304
vn -0.4396 -0.5288 -0.7261
vn -0.4392 -0.5284 -0.7266
vn -0.5759 -0.5388 0.6149
vn 0.6384 -0.7688 0.0370
vn 0.4266 0.3383 0.8388
vn 0.3690 0.2930 0.8820
vn 0.4265 0.3382 0.8389
vn -0.4873 -0.5644 -0.6663
vn 0.8214 -0.4300 -0.3747
vn 0.7895 -0.5946 0.1521
vn 0.8927 -0.4504 0.0137
vn 0.9127 -0.3481 -0.2139
vn 0.7105 -0.4922 0.5030
vn 0.6980 -0.5071 0.5056
vn 0.7647 -0.4121 0.4954
vn 0.7655 -0.4105 0.4954
vn 0.4931 -0.7343 0.4665
vn 0.4302 -0.7858 0.4443
vn 0.2343 -0.9663 0.1065
vn 0.2376 -0.9713 0.0123
vn 0.2544 -0.9190 -0.3013
vn 0.2501 -0.9262 -0.2822
vn 0.8011 -0.3836 0.4594
vn 0.8003 -0.3833 0.4611
vn 0.2635 -0.8823 -0.3901
vn 0.2636 -0.8830 -0.3883
vn 0.5323 0.4211 0.7344
vn 0.5322 0.4210 0.7345
vn 0.2784 -0.9588 0.0558
vn 0.0264 -0.9996 -0.0035
vn 0.1892 -0.9439 -0.2705
vn 0.4470 -0.8909 -0.0807
vn -0.4888 -0.6506 -0.5812
vn -0.7250 -0.6830 -0.0885
vn -0.7579 -0.6460 -0.0905
vn -0.6529 -0.7524 -0.0869
vn -0.2552 -0.8192 -0.5137
vn -0.4329 -0.8978 -0.0813
vn -0.6778 -0.6074 0.4143
vn -0.7081 -0.5723 0.4137
vn -0.4700 -0.4087 0.7823
vn -0.5011 -0.3744 0.7802
vn -0.6247 -0.6652 0.4090
vn -0.4129 -0.4617 0.7851
vn -0.1172 -0.1020 0.9879
vn -0.1497 -0.0645 0.9866
vn -0.0500 -0.1731 0.9836
vn -0.2222 -0.6068 0.7631
vn 0.0818 -0.8013 0.5926
vn 0.3886 -0.6564 0.6466
vn 0.1279 -0.3564 0.9255
vn -0.4399 -0.8187 0.3690
vn -0.0728 -0.9428 0.3254
vn 0.6580 -0.5022 0.5611
vn 0.7836 0.5876 0.2019
vn 0.1220 -0.0744 -0.9897
vn 0.6644 0.4323 -0.6097
vn 0.5796 0.4579 0.6741
vn -0.2777 -0.4002 -0.8733
vn 0.6552 -0.6998 0.2847
vn 0.1609 -0.9472 0.2774
vn 0.4858 -0.7690 0.4155
vn 0.2548 -0.8633 0.4357
vn 0.8430 -0.3884 0.3721
vn 0.8512 -0.3872 0.3544
vn 0.9123 -0.4061 0.0526
vn 0.9123 -0.4084 -0.0316
vn 0.7192 -0.5867 -0.3723
vn 0.4019 -0.8073 -0.4321
vn 0.3840 -0.8175 -0.4292
vn 0.6510 -0.6476 -0.3960
vn 0.2960 -0.8568 -0.4222
vn 0.2979 -0.8562 -0.4221
vt 0.489244 0.143108
vt 0.499431 0.144563
vt 0.498460 0.158918
vt 0.484967 0.152046
vt 0.541988 0.215114
vt 0.544961 0.240012
vt 0.482075 0.238380
vt 0.485385 0.214043
vt 0.447232 0.230625
vt 0.452825 0.205494
vt 0.462088 0.178235
vt 0.490155 0.190517
vt 0.495421 0.173785
vt 0.476083 0.164406
vt 0.428075 0.153445
vt 0.436010 0.186245
vt 0.412309 0.190961
vt 0.405399 0.156232
vt 0.404513 0.099622
vt 0.426923 0.101490
vt 0.450556 0.149190
vt 0.449280 0.104779
vt 0.409839 0.064992
vt 0.433472 0.068627
vt 0.459729 0.075441
vt 0.466297 0.109280
vt 0.474840 0.089741
vt 0.483521 0.101070
vt 0.474419 0.113381
vt 0.466720 0.144191
vt 0.474778 0.139362
vt 0.482936 0.038432
vt 0.449660 0.047501
vt 0.443729 0.021477
vt 0.479809 0.013253
vt 0.487804 0.062655
vt 0.542379 0.015061
vt 0.539244 0.038916
vt 0.534588 0.062312
vt 0.529045 0.080614
vt 0.493536 0.080610
vt 0.496429 0.094676
vt 0.382804 0.151490
vt 0.394120 0.160671
vt 0.386473 0.166966
vt 0.377063 0.158814
vt 0.357042 0.151469
vt 0.362746 0.158735
vt 0.353125 0.166503
vt 0.345507 0.160183
vt 0.341480 0.112858
vt 0.355786 0.113490
vt 0.355895 0.141863
vt 0.341901 0.142719
vt 0.377130 0.171276
vt 0.361844 0.171170
vt 0.377230 0.142170
vt 0.383956 0.141817
vt 0.362534 0.142220
vt 0.397945 0.142699
vt 0.397120 0.153274
vt 0.342828 0.153214
vt 0.479881 0.136004
vt 0.497086 0.108038
vt 0.487569 0.109258
vt 0.479021 0.116217
vt 0.490161 0.138103
vt 0.499505 0.138145
vt 0.483770 0.132885
vt 0.483038 0.119029
vt 0.488436 0.113949
vt 0.528207 0.139009
vt 0.528108 0.145107
vt 0.496923 0.114245
vt 0.383898 0.113469
vt 0.398206 0.112765
vt 0.537678 0.143818
vt 0.541976 0.152250
vt 0.528876 0.158861
vt 0.537166 0.190763
vt 0.575455 0.206162
vt 0.581080 0.232212
vt 0.565579 0.177841
vt 0.531796 0.173560
vt 0.551011 0.164230
vt 0.598555 0.151256
vt 0.621462 0.152885
vt 0.616274 0.188149
vt 0.592207 0.184609
vt 0.596928 0.099060
vt 0.619333 0.096009
vt 0.575824 0.148126
vt 0.574615 0.103548
vt 0.588688 0.066399
vt 0.612212 0.061539
vt 0.562687 0.074558
vt 0.557643 0.108986
vt 0.549595 0.113640
vt 0.539525 0.101245
vt 0.548046 0.089460
vt 0.559456 0.143942
vt 0.551264 0.139628
vt 0.576903 0.022340
vt 0.571653 0.047240
vt 0.526169 0.094663
vt 0.382848 0.103710
vt 0.377063 0.096309
vt 0.386573 0.088092
vt 0.394284 0.094457
vt 0.356881 0.103735
vt 0.345211 0.094959
vt 0.352892 0.088559
vt 0.362626 0.096383
vt 0.377136 0.083743
vt 0.361722 0.083844
vt 0.377242 0.113070
vt 0.362517 0.113094
vt 0.397438 0.101992
vt 0.342313 0.102106
vt 0.525353 0.108605
vt 0.546080 0.136700
vt 0.535505 0.109953
vt 0.545054 0.116879
vt 0.536719 0.139223
vt 0.542092 0.134053
vt 0.541150 0.120179
vt 0.534703 0.115073
vt 0.525351 0.115156
s 1
usemtl 03_-_Default
f 2246/3073/3273 2252/3074/3274 2214/3075/3275 2216/3076/3276
f 2268/3077/3277 2269/3078/3278 2220/3079/3279 2222/3080/3280
f 2222/3080/3280 2220/3079/3279 2223/3081/3281 2221/3082/3282
f 2224/3083/3283 2225/3084/3284 2222/3080/3280 2221/3082/3282
f 2227/3085/3285 2226/3086/3286 2216/3076/3276 2214/3075/3275
f 2225/3084/3284 2224/3083/3283 2226/3086/3286 2227/3085/3285
f 2228/3087/3287 2221/3088/3282 2223/3089/3281 2229/3090/3288
f 2229/3090/3288 2233/3091/3289 2232/3092/3290 2228/3087/3287
f 2230/3093/3291 2224/3083/3283 2221/3088/3282 2228/3087/3287
f 2230/3093/3291 2228/3087/3287 2232/3092/3290 2236/3094/3292
f 2232/3092/3290 2233/3091/3289 2234/3095/3293 2231/3096/3294
f 2235/3097/3295 2236/3094/3292 2232/3092/3290 2231/3096/3294
f 2237/3098/3296 2238/3099/3297 2218/3100/3298 2217/3101/3299
f 2236/3094/3292 2235/3097/3295 2238/3099/3297 2237/3098/3296
f 2237/3098/3296 2239/3102/3300 2230/3093/3291 2236/3094/3292
f 2226/3086/3286 2239/3102/3300 2215/3103/3301 2216/3076/3276
f 2224/3083/3283 2230/3093/3291 2239/3102/3300 2226/3086/3286
f 2240/3104/3302 2231/3105/3294 2234/3106/3293 2241/3107/3303
f 2242/3108/3304 2235/3097/3295 2231/3105/3294 2240/3104/3302
f 2241/3107/3303 2292/3109/3305 2291/3110/3306 2240/3104/3302
f 2293/3111/3307 2294/3112/3308 2243/3113/3309 2242/3108/3304
f 2238/3099/3297 2243/3113/3309 2219/3114/3310 2218/3100/3298
f 2235/3097/3295 2242/3108/3304 2243/3113/3309 2238/3099/3297
f 2248/3115/3311 2260/3116/3311 2261/3117/3311 2249/3118/3311
f 2251/3119/3312 2250/3120/3312 2258/3121/3312 2259/3122/3312
f 2304/3123/3313 2305/3124/3314 2254/3125/3315 2263/3126/3316
f 2250/3120/3317 2249/3118/3317 2261/3127/3317 2258/3128/3317
f 2248/3115/3318 2249/3118/3318 2256/3129/3318 2255/3130/3318
f 2249/3118/3318 2250/3120/3318 2257/3131/3318 2256/3129/3318
f 2257/3131/3318 2250/3120/3318 2251/3119/3318 2254/3125/3318
f 2262/3132/3319 2260/3133/3320 2248/3115/3320 2255/3130/3321
f 2251/3119/3322 2259/3134/3322 2263/3126/3316 2254/3125/3315
f 2215/3103/3301 2247/3135/3323 2246/3073/3273 2216/3076/3276
f 2219/3114/3310 2253/3136/3324 2245/3137/3325 2218/3100/3298
f 2217/3101/3299 2218/3100/3298 2245/3137/3325 2244/3138/3326
f 2217/3101/3299 2244/3138/3326 2247/3135/3323 2215/3103/3301
f 2239/3102/3300 2237/3098/3296 2217/3101/3299 2215/3103/3301
f 2246/3073/3327 2260/3139/3328 2262/3140/3329 2252/3074/3330
f 2247/3135/3331 2261/3141/3332 2260/3139/3328 2246/3073/3327
f 2258/3142/3333 2244/3138/3334 2245/3137/3335 2259/3143/3336
f 2261/3141/3332 2247/3135/3331 2244/3138/3334 2258/3142/3333
f 2252/3074/3330 2262/3140/3329 2309/3144/3337 2265/3145/3338
f 2253/3136/3339 2263/3146/3340 2259/3143/3336 2245/3137/3335
f 2242/3108/3304 2240/3104/3302 2291/3110/3306 2293/3111/3307
f 2255/3130/3321 2306/3147/3341 2309/3148/3342 2262/3132/3319
f 2264/3149/3343 2267/3150/3344 2266/3151/3345 2265/3145/3346
f 2268/3077/3277 2222/3080/3280 2225/3084/3284 2270/3152/3347
f 2268/3077/3277 2272/3153/3348 2271/3154/3349 2269/3078/3278
f 2273/3155/3350 2272/3153/3348 2268/3077/3277 2270/3152/3347
f 2274/3156/3351 2266/3151/3345 2267/3150/3344 2275/3157/3352
f 2270/3152/3347 2274/3156/3351 2275/3157/3352 2273/3155/3350
f 2276/3158/3353 2277/3159/3354 2271/3160/3349 2272/3161/3348
f 2279/3162/3355 2278/3163/3356 2277/3159/3354 2276/3158/3353
f 2280/3164/3357 2276/3158/3353 2272/3161/3348 2273/3155/3350
f 2280/3164/3357 2281/3165/3358 2279/3162/3355 2276/3158/3353
f 2279/3162/3355 2283/3166/3359 2282/3167/3360 2278/3163/3356
f 2284/3168/3361 2283/3166/3359 2279/3162/3355 2281/3165/3358
f 2285/3169/3362 2288/3170/3363 2287/3171/3364 2286/3172/3365
f 2281/3165/3358 2285/3169/3362 2286/3172/3365 2284/3168/3361
f 2280/3164/3357 2289/3173/3366 2285/3169/3362 2281/3165/3358
f 2275/3157/3352 2267/3150/3344 2290/3174/3367 2289/3173/3366
f 2273/3155/3350 2275/3157/3352 2289/3173/3366 2280/3164/3357
f 2291/3110/3306 2292/3109/3305 2282/3175/3360 2283/3176/3359
f 2293/3111/3307 2291/3110/3306 2283/3176/3359 2284/3168/3361
f 2294/3112/3308 2295/3177/3368 2219/3114/3310 2243/3113/3309
f 2286/3172/3365 2287/3171/3364 2295/3177/3368 2294/3112/3308
f 2284/3168/3361 2286/3172/3365 2294/3112/3308 2293/3111/3307
f 2296/3178/3369 2299/3179/3369 2298/3180/3369 2297/3181/3369
f 2300/3182/3370 2303/3183/3370 2302/3184/3370 2301/3185/3370
f 2298/3186/3371 2299/3179/3371 2301/3185/3371 2302/3187/3371
f 2307/3188/3318 2299/3179/3318 2296/3178/3318 2306/3147/3318
f 2308/3189/3318 2301/3185/3318 2299/3179/3318 2307/3188/3318
f 2308/3189/3318 2305/3124/3318 2300/3182/3318 2301/3185/3318
f 2309/3148/3342 2306/3147/3341 2296/3178/3372 2297/3190/3372
f 2304/3123/3313 2303/3191/3373 2300/3182/3373 2305/3124/3314
f 2310/3192/3374 2253/3136/3324 2219/3114/3310 2295/3177/3368
f 2264/3149/3343 2311/3193/3375 2290/3174/3367 2267/3150/3344
f 2312/3194/3376 2310/3192/3374 2295/3177/3368 2287/3171/3364
f 2288/3170/3363 2313/3195/3377 2312/3194/3376 2287/3171/3364
f 2311/3193/3375 2313/3195/3377 2288/3170/3363 2290/3174/3367
f 2288/3170/3363 2285/3169/3362 2289/3173/3366 2290/3174/3367
f 2264/3149/3378 2265/3145/3338 2309/3144/3337 2297/3196/3379
f 2311/3193/3380 2264/3149/3378 2297/3196/3379 2298/3197/3381
f 2302/3198/3382 2303/3199/3383 2312/3194/3384 2313/3195/3385
f 2298/3197/3381 2302/3198/3382 2313/3195/3385 2311/3193/3380
f 2310/3192/3386 2312/3194/3384 2303/3199/3383 2304/3200/3387
f 2227/3085/3285 2214/3075/3275 2266/3151/3345 2274/3156/3351
f 2225/3084/3284 2227/3085/3285 2274/3156/3351 2270/3152/3347
f 2256/3129/3318 2307/3188/3318 2306/3147/3318 2255/3130/3318
f 2257/3131/3318 2308/3189/3318 2307/3188/3318 2256/3129/3318
f 2257/3131/3318 2254/3125/3318 2305/3124/3318 2308/3189/3318
f 2214/3075/3275 2252/3074/3274 2265/3145/3346 2266/3151/3345
f 2253/3136/3339 2310/3192/3386 2304/3200/3387 2263/3146/3340
o rotorwing_low
v -57.070141 88.318283 38.731522
v -58.471142 88.943207 37.723618
v -60.302353 89.056572 37.778591
v -61.706932 88.605324 38.870720
v -62.027657 87.800606 40.488983
v -61.114460 87.018959 41.876179
v -59.394634 86.626122 42.383221
v -57.672909 86.805908 41.772861
v -56.754894 87.474190 40.330692
v -56.929001 90.144302 39.667522
v -58.330002 90.769234 38.659622
v -60.161213 90.882599 38.714596
v -61.565792 90.431351 39.806725
v -61.886517 89.626633 41.424988
v -60.973320 88.844986 42.812183
v -59.253494 88.452148 43.319225
v -57.531769 88.631935 42.708862
v -56.613754 89.300217 41.266693
v -50.024391 87.972443 37.483307
v -50.237782 87.619133 36.863503
v -52.776440 90.608826 33.472706
v -52.342579 91.353310 34.361046
v -66.093513 91.107750 33.789776
v -66.386948 90.424301 33.826099
v -68.806488 89.378220 38.290638
v -68.521103 90.582382 38.304596
v -62.134418 83.426582 48.177776
v -61.753250 82.837669 47.927956
v -56.602158 83.389595 48.133400
v -57.095982 84.357361 48.726025
v -54.806515 88.774040 36.402504
v -55.919441 88.911171 34.968231
v -57.099609 91.706245 35.172413
v -56.198498 91.662331 35.990147
v -64.860512 88.742210 37.980640
v -65.523361 87.511482 39.147034
v -65.621201 88.957176 41.820484
v -65.385071 89.811668 40.985802
v -58.607601 84.701958 44.919796
v -56.956856 84.177979 44.358521
v -55.165535 86.578178 44.884987
v -56.221466 86.819595 45.441181
v -56.785080 88.875801 36.915337
v -58.201225 89.265457 36.209587
v -58.864239 91.496399 37.019253
v -57.491821 91.228516 37.431442
v -63.497688 88.131378 39.379810
v -63.493263 87.323944 40.795231
v -63.181355 88.966766 42.605225
v -63.440552 89.675598 41.358002
v -57.953167 85.711617 43.264385
v -56.556355 85.936539 42.455864
v -55.731014 88.198196 42.981167
v -56.835194 87.874252 43.876175
v -52.729599 88.633682 36.455711
v -53.617725 88.884895 34.324074
v -55.385872 91.529335 33.619705
v -54.680405 92.052948 34.647709
v -65.798409 89.683861 36.377594
v -67.175446 88.258919 37.589642
v -67.678963 88.819763 40.759422
v -67.346680 90.081436 40.403851
v -59.737953 84.012863 46.527149
v -57.639122 83.034599 46.343643
v -54.975105 84.905418 46.480198
v -55.810883 85.733200 47.147205
v -59.163925 90.782135 41.498184
v -57.947201 90.609085 40.599701
v -58.701668 90.945618 40.056923
v -59.687813 91.006668 40.086529
v -60.444206 90.763664 40.674664
v -60.616920 90.330307 41.546127
v -60.125149 89.909370 42.293159
v -59.198986 89.697823 42.566212
v -58.271801 89.794640 42.237522
v -57.777431 90.154526 41.460884
v -59.405197 87.660645 39.898140
vn 0.8647 0.1745 -0.4709
vn 0.6424 0.3097 -0.7010
vn 0.4521 0.8199 -0.3512
vn 0.8045 0.5524 -0.2183
vn -0.6765 0.2931 -0.6756
vn -0.8632 0.2815 -0.4190
vn -0.7419 0.6482 -0.1719
vn -0.5054 0.7256 -0.4670
vn -0.9822 0.1400 -0.1250
vn -0.7575 0.5870 0.2857
vn -0.3063 -0.4977 0.8114
vn -0.0015 -0.4561 0.8899
vn 0.0293 -0.0119 0.9995
vn -0.3514 -0.0055 0.9362
vn 0.3398 -0.4497 0.8260
vn 0.4288 0.1889 0.8834
vn 0.9636 -0.0448 -0.2637
vn 0.9386 0.3373 0.0728
vn -0.1050 -0.9687 -0.2249
vn -0.1160 -0.9771 -0.1786
vn -0.1294 -0.9843 -0.1200
vn -0.6711 0.0941 -0.7353
vn -0.6494 0.0351 -0.7597
vn 0.0664 0.9200 0.3862
vn 0.0393 0.9583 0.2832
vn 0.0492 0.9458 0.3211
vn 0.6345 -0.1757 0.7527
vn 0.5555 0.0462 0.8302
vn 0.5780 -0.0078 0.8160
vn 0.1616 -0.8348 -0.5262
vn 0.2073 -0.8206 -0.5326
vn 0.2639 -0.8000 -0.5388
vn -0.2975 -0.6635 0.6865
vn -0.3102 -0.7065 0.6361
vn 0.0038 0.8711 0.4911
vn -0.0785 0.8277 0.5557
vn -0.0486 0.8447 0.5330
vn 0.3544 0.5996 -0.7176
vn 0.3894 0.7551 -0.5275
vn 0.3830 0.7213 -0.5770
vn -0.2562 -0.7788 -0.5726
vn -0.2882 -0.7504 -0.5949
vn -0.3274 -0.7122 -0.6209
vn 0.9075 -0.2219 -0.3568
vn 0.8856 -0.2850 -0.3666
vn 0.1351 0.8646 0.4839
vn 0.2414 0.8304 0.5022
vn 0.2030 0.8441 0.4963
vn -0.9415 0.1889 0.2790
vn -0.8508 0.4159 0.3212
vn -0.8779 0.3627 0.3127
vn -0.1369 -0.9905 -0.0142
vn -0.2888 -0.9516 0.1046
vn -0.0793 -0.9936 -0.0806
vn -0.1022 -0.9915 -0.0802
vn -0.3119 -0.3902 -0.8663
vn -0.0336 -0.4677 -0.8832
vn -0.5204 -0.2386 -0.8199
vn -0.5581 -0.1680 -0.8126
vn 0.0305 0.9128 -0.4073
vn 0.0035 0.9293 -0.3692
vn -0.0697 0.9960 0.0568
vn -0.0760 0.9961 0.0459
vn 0.3553 0.3570 0.8639
vn 0.1164 0.5619 0.8189
vn 0.1890 0.5117 0.8381
vn 0.3905 0.3148 0.8651
vn 0.3558 -0.7500 -0.5576
vn 0.5158 -0.7324 -0.4445
vn 0.2742 -0.7605 -0.5887
vn 0.2852 -0.7700 -0.5708
vn -0.4348 -0.8912 0.1296
vn -0.5623 -0.8182 -0.1198
vn -0.3401 -0.8636 0.3722
vn -0.3368 -0.8297 0.4451
vn -0.6236 0.4150 0.6626
vn -0.5842 0.4340 0.6858
vn -0.2208 0.6768 0.7023
vn -0.2267 0.6678 0.7090
vn 0.4215 0.8883 -0.1825
vn 0.4405 0.8875 0.1349
vn 0.4356 0.8990 0.0454
vn 0.4179 0.8772 -0.2363
vn -0.4031 -0.6438 -0.6504
vn -0.3951 -0.4923 -0.7756
vn -0.3851 -0.7075 -0.5925
vn -0.3731 -0.6989 -0.6102
vn 0.5898 -0.7483 -0.3037
vn 0.4272 -0.8967 -0.1158
vn 0.7327 -0.5509 -0.3996
vn 0.7803 -0.4864 -0.3932
vn 0.7222 0.3426 0.6009
vn 0.7160 0.3873 0.5807
vn 0.4768 0.7384 0.4768
vn 0.4879 0.7331 0.4738
vn -0.6255 0.7109 0.3214
vn -0.3758 0.8932 0.2470
vn -0.4498 0.8497 0.2751
vn -0.6643 0.6722 0.3268
vn -0.3969 -0.8975 0.1922
vn 0.1586 -0.4983 -0.8524
vn 0.1948 0.7607 -0.6192
vn 0.0466 0.6054 0.7946
vn 0.6241 -0.7000 -0.3471
vn -0.6226 -0.7289 -0.2847
vn -0.8314 0.2751 0.4828
vn 0.4419 0.8700 0.2187
vn -0.3789 -0.3643 -0.8507
vn 0.2953 -0.9552 0.0184
vn 0.7203 0.0480 0.6920
vn -0.3028 0.9277 0.2185
vn 0.2137 0.9764 0.0316
vn 0.4457 0.8729 0.1985
vn -0.0895 0.9952 0.0407
vn -0.3220 0.9204 0.2215
vn -0.3751 0.7872 0.4895
vn -0.2240 0.6578 0.7191
vn 0.0608 0.5927 0.8031
vn 0.3459 0.6225 0.7020
vn 0.4979 0.7332 0.4633
vn 0.0686 0.8878 0.4551
vn -0.0143 -0.8586 -0.5125
vn 0.0144 -0.8831 -0.4690
vn 0.0043 -0.9084 -0.4182
vn -0.0398 -0.9225 -0.3839
vn -0.0972 -0.9190 -0.3821
vn -0.1412 -0.8994 -0.4138
vn -0.1511 -0.8729 -0.4640
vn -0.1223 -0.8519 -0.5093
vn -0.0683 -0.8462 -0.5284
vt 0.074326 0.208500
vt 0.075225 0.223247
vt 0.056313 0.218174
vt 0.058029 0.206974
vt 0.088414 0.232529
vt 0.102462 0.229910
vt 0.109287 0.244786
vt 0.093244 0.250292
vt 0.114784 0.221759
vt 0.119700 0.240505
vt 0.116229 0.205695
vt 0.106936 0.194838
vt 0.116407 0.181488
vt 0.129198 0.192630
vt 0.093715 0.188243
vt 0.106423 0.174987
vt 0.079081 0.195024
vt 0.061282 0.190326
vt 0.065090 0.233147
vt 0.058647 0.219888
vt 0.073378 0.253959
vt 0.090517 0.100319
vt 0.102430 0.104862
vt 0.095324 0.114473
vt 0.078535 0.108760
vt 0.096728 0.085313
vt 0.111308 0.086486
vt 0.128426 0.225587
vt 0.120163 0.237798
vt 0.142308 0.208002
vt 0.053539 0.097191
vt 0.043648 0.105236
vt 0.038878 0.094278
vt 0.052219 0.082595
vt 0.063428 0.110072
vt 0.055124 0.122112
vt 0.090208 0.174514
vt 0.104915 0.175563
vt 0.068039 0.171285
vt 0.074737 0.066730
vt 0.072715 0.054138
vt 0.084593 0.055489
vt 0.088038 0.072887
vt 0.058631 0.068853
vt 0.052357 0.055636
vt 0.023767 0.223727
vt 0.025343 0.204090
vt 0.041414 0.213413
vt 0.042714 0.229088
vt 0.029232 0.251295
vt 0.050128 0.254460
vt 0.133805 0.113380
vt 0.133121 0.123775
vt 0.115399 0.119088
vt 0.118218 0.109711
vt 0.127379 0.085307
vt 0.143748 0.081220
vt 0.140930 0.266091
vt 0.123132 0.274547
vt 0.123171 0.255963
vt 0.136099 0.246998
vt 0.162076 0.247572
vt 0.154368 0.227889
vt 0.020587 0.128149
vt 0.011927 0.122360
vt 0.024845 0.109356
vt 0.031557 0.116485
vt 0.048110 0.136618
vt 0.043466 0.152836
vt 0.119032 0.143432
vt 0.135254 0.154616
vt 0.119141 0.163875
vt 0.104914 0.157162
vt 0.092421 0.134380
vt 0.079230 0.150897
vt 0.064407 0.022699
vt 0.073754 0.018095
vt 0.078554 0.035791
vt 0.069021 0.038037
vt 0.043300 0.042303
vt 0.031576 0.030166
vt 0.005565 0.190349
vt 0.008104 0.184268
vt 0.010033 0.235522
vt 0.151815 0.107649
vt 0.153933 0.117389
vt 0.163565 0.068142
vt 0.121121 0.298549
vt 0.114584 0.299393
vt 0.158014 0.272089
vt 0.016547 0.146610
vt 0.007054 0.143575
vt 0.044885 0.176535
vt 0.157045 0.144356
vt 0.161044 0.149596
vt 0.115684 0.125638
vt 0.050437 0.009963
vt 0.057815 0.003258
vt 0.010337 0.019537
vt 0.081375 0.094178
vt 0.083319 0.087324
vt 0.094270 0.086152
vt 0.075480 0.098179
vt 0.063932 0.107524
vt 0.068392 0.097455
vt 0.063428 0.092344
vt 0.062910 0.085239
vt 0.060590 0.070565
vt 0.067081 0.079462
vt 0.073989 0.077719
vt 0.080402 0.080823
vt 0.072931 0.088080
vt 0.094575 0.211083
s 1
usemtl 03_-_Default
f 2314/3201/3388 2315/3202/3389 2324/3203/3390 2323/3204/3391
f 2316/3205/3392 2317/3206/3393 2326/3207/3394 2325/3208/3395
f 2317/3206/3393 2318/3209/3396 2327/3210/3397 2326/3207/3394
f 2319/3211/3398 2320/3212/3399 2329/3213/3400 2328/3214/3401
f 2320/3212/3399 2321/3215/3402 2330/3216/3403 2329/3213/3400
f 2322/3217/3404 2314/3201/3388 2323/3204/3391 2331/3218/3405
f 2315/3202/3406 2316/3205/3406 2357/3219/3407 2356/3220/3408
f 2316/3205/3392 2325/3208/3395 2358/3221/3409 2357/3219/3410
f 2324/3222/3411 2359/3223/3412 2358/3224/3413 2325/3225/3411
f 2324/3222/3414 2315/3226/3414 2356/3227/3415 2359/3223/3416
f 2318/3209/3417 2319/3211/3417 2361/3228/3418 2360/3229/3419
f 2319/3211/3398 2328/3214/3401 2362/3230/3420 2361/3228/3421
f 2327/3231/3422 2363/3232/3423 2362/3233/3424 2328/3234/3422
f 2327/3231/3425 2318/3235/3425 2360/3236/3426 2363/3232/3427
f 2321/3215/3428 2322/3217/3428 2365/3237/3429 2364/3238/3430
f 2322/3217/3404 2331/3218/3405 2366/3239/3431 2365/3237/3432
f 2330/3240/3433 2367/3241/3434 2366/3242/3435 2331/3243/3433
f 2330/3240/3436 2321/3244/3436 2364/3245/3437 2367/3241/3438
f 2369/3246/3439 2368/3247/3440 2344/3248/3441 2345/3249/3442
f 2370/3250/3443 2369/3246/3444 2345/3249/3445 2346/3251/3446
f 2371/3252/3447 2370/3253/3448 2346/3254/3449 2347/3255/3450
f 2344/3256/3451 2368/3257/3452 2371/3252/3453 2347/3255/3454
f 2373/3258/3455 2372/3259/3456 2348/3260/3457 2349/3261/3458
f 2374/3262/3459 2373/3258/3460 2349/3261/3461 2350/3263/3462
f 2375/3264/3463 2374/3265/3464 2350/3266/3465 2351/3267/3466
f 2348/3268/3467 2372/3269/3468 2375/3264/3469 2351/3267/3470
f 2377/3270/3471 2376/3271/3472 2352/3272/3473 2353/3273/3474
f 2378/3274/3475 2377/3270/3476 2353/3273/3477 2354/3275/3478
f 2379/3276/3479 2378/3277/3480 2354/3278/3481 2355/3279/3482
f 2352/3280/3483 2376/3281/3484 2379/3276/3485 2355/3279/3486
f 2345/3249/3442 2344/3248/3441 2356/3220/3408 2357/3219/3407
f 2346/3251/3446 2345/3249/3445 2357/3219/3410 2358/3221/3409
f 2359/3223/3412 2347/3255/3450 2346/3254/3449 2358/3224/3413
f 2344/3256/3451 2347/3255/3454 2359/3223/3416 2356/3227/3415
f 2349/3261/3458 2348/3260/3457 2360/3229/3419 2361/3228/3418
f 2350/3263/3462 2349/3261/3461 2361/3228/3421 2362/3230/3420
f 2363/3232/3423 2351/3267/3466 2350/3266/3465 2362/3233/3424
f 2348/3268/3467 2351/3267/3470 2363/3232/3427 2360/3236/3426
f 2353/3273/3474 2352/3272/3473 2364/3238/3430 2365/3237/3429
f 2354/3275/3478 2353/3273/3477 2365/3237/3432 2366/3239/3431
f 2367/3241/3434 2355/3279/3482 2354/3278/3481 2366/3242/3435
f 2352/3280/3483 2355/3279/3486 2367/3241/3438 2364/3245/3437
f 2333/3282/3487 2332/3283/3487 2368/3247/3440 2369/3246/3439
f 2334/3284/3488 2333/3282/3488 2369/3246/3444 2370/3250/3443
f 2335/3285/3489 2334/3286/3489 2370/3253/3448 2371/3252/3447
f 2368/3257/3452 2332/3287/3490 2335/3285/3490 2371/3252/3453
f 2337/3288/3491 2336/3289/3491 2372/3259/3456 2373/3258/3455
f 2338/3290/3492 2337/3288/3492 2373/3258/3460 2374/3262/3459
f 2339/3291/3493 2338/3292/3493 2374/3265/3464 2375/3264/3463
f 2372/3269/3468 2336/3293/3494 2339/3291/3494 2375/3264/3469
f 2341/3294/3495 2340/3295/3495 2376/3271/3472 2377/3270/3471
f 2342/3296/3496 2341/3294/3496 2377/3270/3476 2378/3274/3475
f 2343/3297/3497 2342/3298/3497 2378/3277/3480 2379/3276/3479
f 2376/3281/3484 2340/3299/3498 2343/3297/3498 2379/3276/3485
f 2324/3222/3390 2382/3300/3499 2381/3301/3500 2323/3302/3391
f 2325/3225/3395 2383/3303/3501 2382/3300/3499 2324/3222/3390
f 2326/3304/3394 2384/3305/3502 2383/3303/3501 2325/3225/3395
f 2327/3231/3397 2385/3306/3503 2384/3305/3502 2326/3304/3394
f 2328/3234/3401 2386/3307/3504 2385/3306/3503 2327/3231/3397
f 2329/3308/3400 2387/3309/3505 2386/3307/3504 2328/3234/3401
f 2330/3240/3403 2388/3310/3506 2387/3309/3505 2329/3308/3400
f 2331/3243/3405 2389/3311/3507 2388/3310/3506 2330/3240/3403
f 2331/3243/3405 2323/3302/3391 2381/3301/3500 2389/3311/3507
f 2382/3300/3499 2380/3312/3508 2381/3301/3500
f 2383/3303/3501 2380/3312/3508 2382/3300/3499
f 2384/3305/3502 2380/3312/3508 2383/3303/3501
f 2385/3306/3503 2380/3312/3508 2384/3305/3502
f 2386/3307/3504 2380/3312/3508 2385/3306/3503
f 2387/3309/3505 2380/3312/3508 2386/3307/3504
f 2388/3310/3506 2380/3312/3508 2387/3309/3505
f 2389/3311/3507 2380/3312/3508 2388/3310/3506
f 2381/3301/3500 2380/3312/3508 2389/3311/3507
f 2315/3202/3509 2314/3201/3509 2390/3313/3509
f 2314/3201/3510 2322/3217/3510 2390/3313/3510
f 2322/3217/3511 2321/3215/3511 2390/3313/3511
f 2321/3215/3512 2320/3212/3512 2390/3313/3512
f 2320/3212/3513 2319/3211/3513 2390/3313/3513
f 2319/3211/3514 2318/3209/3514 2390/3313/3514
f 2318/3209/3515 2317/3206/3515 2390/3313/3515
f 2317/3206/3516 2316/3205/3516 2390/3313/3516
f 2316/3205/3517 2315/3202/3517 2390/3313/3517
o leg_low
v -28.108406 51.293880 -8.497196
v -22.570175 52.188828 -11.155141
v -18.196369 35.874264 -6.032772
v -14.801408 39.904324 -9.287745
v -26.907820 51.708923 1.909606
v -18.039761 38.079269 5.006246
v -8.083954 26.780962 -1.770861
v -8.614439 28.829956 5.612344
v -4.274887 25.157061 0.844739
v -5.096254 26.894056 6.442390
v -21.350334 40.161980 -6.958557
v -24.700788 45.517860 -7.796921
v -19.787996 48.102715 -11.220847
v -16.894791 43.499733 -10.513109
v -21.508921 42.797680 4.369063
v -24.379440 47.355057 3.622458
v -13.255346 30.326921 -3.945858
v -13.480206 32.841438 5.039170
v -29.668640 51.013950 -3.198515
v -19.801521 35.618153 -0.386327
v -9.335229 27.079712 2.252653
v -5.061188 25.167337 3.547667
v -23.156284 40.104546 -1.186953
v -26.440975 45.371437 -2.007582
v -14.856347 30.388250 0.752989
v -22.849209 54.521862 -6.529960
v -19.590281 53.441067 -10.796992
v -13.450895 39.705853 -4.291243
v -12.421506 41.885941 -9.010754
v -24.023556 52.935055 4.226303
v -16.024582 39.820808 7.033933
v -5.402729 29.426325 -0.700567
v -7.888317 30.164225 7.316541
v -2.360939 26.562620 1.603456
v -4.463688 27.344387 6.950723
v -16.592037 43.975586 -5.212318
v -19.928505 49.309109 -6.047183
v -17.166340 49.761440 -10.924720
v -14.380309 45.293602 -10.228715
v -19.200188 44.788551 6.508106
v -21.929647 49.144413 5.824548
v -9.410702 33.105385 -2.392478
v -12.275016 34.346565 7.064001
v -24.398270 54.239326 -1.222540
v -15.027900 39.452927 1.259813
v -6.432816 29.169439 3.372016
v -3.138544 26.574678 4.284033
v -18.368446 43.920601 0.461226
v -21.639463 49.165569 -0.355988
v -10.987157 33.167976 2.225979
v -14.532317 46.338505 -4.514477
v -19.712437 55.425316 -5.589204
v -21.279955 55.162735 -0.237904
v -16.295559 46.269402 1.147322
v -16.623196 53.954327 -4.820347
v -14.401263 50.235806 -4.353556
v -16.131790 50.091045 1.313224
v -18.303915 53.774231 0.703932
vn -0.6483 -0.4689 -0.5999
vn -0.1432 -0.1716 -0.9747
vn -0.0757 -0.2760 -0.9582
vn -0.6101 -0.5319 -0.5872
vn -0.8278 -0.5510 0.1054
vn -0.8664 -0.4878 0.1064
vn -0.5111 -0.8360 0.1997
vn -0.4508 -0.8680 0.2081
vn -0.4619 -0.6448 0.6090
vn -0.5082 -0.6287 0.5886
vn -0.6787 -0.4563 -0.5755
vn -0.2148 -0.1571 -0.9639
vn -0.0834 -0.3513 -0.9325
vn -0.6425 -0.6270 -0.4405
vn -0.7673 -0.6283 0.1280
vn -0.7689 -0.2313 0.5961
vn -0.8793 -0.4732 0.0548
vn -0.7192 -0.2608 0.6440
vn -0.6012 -0.7786 -0.1800
vn -0.4455 -0.8893 -0.1030
vn -0.6530 -0.7400 0.1611
vn -0.5813 -0.5419 0.6069
vn -0.6338 -0.4352 0.6395
vn -0.6776 -0.3600 0.6413
vn -0.3712 -0.9259 -0.0699
vn 0.7072 0.5470 0.4480
vn 0.7351 0.4988 0.4591
vn 0.7376 0.4947 0.4596
vn 0.7251 0.5743 0.3801
vn 0.9245 0.2463 0.2910
vn 0.8828 -0.3850 0.2693
vn 0.8808 -0.3899 0.2686
vn 0.9251 0.2438 0.2911
vn 0.6239 0.7796 0.0543
vn 0.6041 0.7867 0.1274
vn 0.6246 0.7718 0.1189
vn 0.6556 0.7542 0.0367
vn 0.7516 0.4702 0.4626
vn 0.7527 0.5843 0.3033
vn 0.6882 0.5790 0.4371
vn 0.8097 0.5751 0.1165
vn 0.8011 0.5750 0.1662
vn 0.8586 0.5106 0.0454
vn 0.8702 0.4902 0.0495
vn 0.8557 0.5156 0.0443
vn 0.6036 0.7731 0.1950
vn 0.7137 0.6609 0.2320
vn 0.7331 0.6641 0.1463
vn 0.8211 0.5650 0.0806
vn 0.7704 0.6337 0.0695
vn 0.8316 0.5529 0.0528
vn 0.5857 0.7891 0.1854
vn 0.6307 0.7448 0.2181
vn 0.0635 0.9958 0.0657
vn 0.0659 0.9956 0.0664
vn 0.6296 0.7458 0.2178
vn 0.1143 0.0084 -0.9934
vn 0.2002 -0.1200 -0.9724
vn 0.3684 -0.8111 0.4542
vn 0.4827 -0.8311 0.2762
vn 0.4582 -0.8298 0.3186
vn -0.4286 -0.5563 0.7119
vn -0.4823 -0.5395 0.6902
vn -0.3295 0.8348 -0.4410
vn -0.4424 0.8685 -0.2237
vn -0.3729 0.9058 -0.2012
vn 0.0766 0.0761 -0.9942
vn 0.6530 -0.7290 -0.2054
vn 0.2520 -0.1855 -0.9498
vn -0.5179 0.8554 0.0026
vn -0.5514 0.8073 0.2104
vn -0.4518 0.8913 0.0376
vn -0.5948 -0.1365 0.7922
vn -0.6313 -0.0435 0.7743
vn 0.4258 -0.0736 -0.9018
vn 0.3777 -0.0202 -0.9257
vn 0.3784 -0.0180 -0.9255
vn 0.4456 -0.1023 -0.8894
vn -0.5280 -0.4622 0.7124
vn -0.5339 -0.3365 0.7757
vn -0.5464 -0.2453 0.8008
vn 0.4948 -0.1772 -0.8507
vn 0.5420 -0.8248 0.1609
vn 0.3756 -0.0263 -0.9264
vn 0.2885 0.0303 -0.9570
vn 0.2805 0.0473 -0.9587
vn 0.2869 0.0395 -0.9572
vn 0.2696 0.0624 -0.9610
vn 0.2768 0.0567 -0.9593
vn -0.3015 -0.0007 0.9535
vn -0.2921 -0.0140 0.9563
vn -0.2952 -0.0058 0.9554
vn -0.2852 -0.0289 0.9580
vn -0.2866 -0.0209 0.9578
vn 0.7030 -0.6789 0.2121
vt 0.583691 0.379853
vt 0.608211 0.387046
vt 0.613302 0.364478
vt 0.587194 0.356201
vt 0.563678 0.354801
vt 0.562261 0.378031
vt 0.562472 0.279010
vt 0.560751 0.260151
vt 0.546882 0.259609
vt 0.546666 0.277375
vt 0.578537 0.399756
vt 0.600093 0.407415
vt 0.614980 0.345378
vt 0.589531 0.333334
vt 0.564642 0.332673
vt 0.543604 0.400008
vt 0.564286 0.397888
vt 0.538667 0.378452
vt 0.583131 0.301896
vt 0.578505 0.277172
vt 0.564317 0.304233
vt 0.543730 0.303735
vt 0.539481 0.332260
vt 0.538395 0.356481
vt 0.572432 0.258154
vt 0.708631 0.286839
vt 0.708636 0.311298
vt 0.682955 0.313177
vt 0.682801 0.284106
vt 0.657053 0.316182
vt 0.657073 0.300388
vt 0.681535 0.300002
vt 0.681503 0.316102
vt 0.643585 0.180149
vt 0.657157 0.175751
vt 0.657351 0.195600
vt 0.637855 0.199982
vt 0.705407 0.331339
vt 0.681965 0.340615
vt 0.682698 0.259321
vt 0.705459 0.268151
vt 0.655413 0.284322
vt 0.656103 0.258352
vt 0.654450 0.312969
vt 0.654472 0.339812
vt 0.630471 0.329974
vt 0.626278 0.309054
vt 0.676799 0.196575
vt 0.679400 0.222806
vt 0.657058 0.223817
vt 0.629025 0.257950
vt 0.633820 0.227744
vt 0.627006 0.285161
vt 0.670101 0.175479
vt 0.681101 0.334071
vt 0.680573 0.348529
vt 0.657548 0.348090
vt 0.657269 0.333999
vt 0.621286 0.390694
vt 0.626669 0.367514
vt 0.556540 0.250732
vt 0.544069 0.256554
vt 0.543273 0.257611
vt 0.536809 0.276313
vt 0.579393 0.423924
vt 0.607302 0.422366
vt 0.614872 0.409805
vt 0.628769 0.342271
vt 0.615981 0.321854
vt 0.628899 0.348769
vt 0.529948 0.411549
vt 0.554685 0.418743
vt 0.523158 0.379053
vt 0.526780 0.398622
vt 0.601167 0.290940
vt 0.591185 0.267603
vt 0.531825 0.302599
vt 0.525232 0.330975
vt 0.522703 0.356712
vt 0.579620 0.249580
vt 0.568832 0.247213
vt 0.615771 0.321589
vt 0.685922 0.236119
vt 0.687282 0.207079
vt 0.711393 0.218808
vt 0.700396 0.233032
vt 0.689699 0.179730
vt 0.704490 0.184851
vt 0.712668 0.198785
vt 0.680218 0.362539
vt 0.657383 0.362107
vt 0.686862 0.234797
vt 0.687245 0.207957
vt 0.711631 0.218574
vt 0.702156 0.231209
vt 0.688639 0.179327
vt 0.702796 0.183734
vt 0.712359 0.198627
vt 0.656911 0.287159
vt 0.681435 0.286754
s 1
usemtl 03_-_Default
f 2402/3314/3518 2403/3315/3519 2404/3316/3520 2401/3317/3521
f 2401/3317/3521 2413/3318/3522 2414/3319/3523 2402/3314/3518
f 2411/3320/3524 2412/3321/3525 2400/3322/3526 2398/3323/3527
f 2402/3314/3518 2391/3324/3528 2392/3325/3529 2403/3315/3519
f 2394/3326/3530 2393/3327/3531 2401/3317/3521 2404/3316/3520
f 2393/3327/3531 2410/3328/3532 2413/3318/3522 2401/3317/3521
f 2395/3329/3533 2409/3330/3534 2414/3319/3523 2406/3331/3535
f 2407/3332/3536 2397/3333/3537 2411/3320/3524 2415/3334/3538
f 2408/3335/3539 2396/3336/3540 2410/3328/3532 2415/3334/3538
f 2413/3318/3522 2405/3337/3541 2406/3331/3535 2414/3319/3523
f 2397/3333/3537 2399/3338/3542 2412/3321/3525 2411/3320/3524
f 2396/3336/3540 2405/3337/3541 2413/3318/3522 2410/3328/3532
f 2409/3330/3534 2391/3324/3528 2402/3314/3518 2414/3319/3523
f 2398/3323/3527 2408/3335/3539 2415/3334/3538 2411/3320/3524
f 2393/3327/3531 2407/3332/3536 2415/3334/3538 2410/3328/3532
f 2429/3339/3543 2428/3340/3544 2427/3341/3545 2426/3342/3546
f 2447/3343/3547 2444/3344/3548 2441/3345/3549 2446/3346/3550
f 2425/3347/3551 2437/3348/3552 2436/3349/3553 2423/3350/3554
f 2417/3351/3555 2416/3352/3555 2427/3341/3545 2428/3340/3544
f 2426/3342/3546 2418/3353/3556 2419/3354/3557 2429/3339/3543
f 2438/3355/3558 2435/3356/3559 2418/3353/3556 2426/3342/3546
f 2439/3357/3560 2434/3358/3561 2420/3359/3561 2431/3360/3562
f 2436/3349/3553 2422/3361/3563 2432/3362/3564 2440/3363/3565
f 2435/3356/3559 2421/3364/3566 2433/3365/3567 2440/3363/3565
f 2431/3360/3562 2430/3366/3568 2438/3355/3558 2439/3357/3560
f 2437/3348/3552 2424/3367/3569 2422/3361/3563 2436/3349/3553
f 2438/3355/3558 2430/3366/3568 2421/3364/3566 2435/3356/3559
f 2445/3368/3570 2442/3369/3571 2443/3370/3572 2448/3371/3573
f 2440/3363/3565 2433/3365/3567 2423/3350/3554 2436/3349/3553
f 2440/3363/3565 2432/3362/3564 2418/3353/3556 2435/3356/3559
f 2404/3316/3520 2403/3315/3519 2428/3372/3574 2429/3373/3575
f 2400/3322/3576 2412/3321/3577 2437/3374/3578 2425/3375/3576
f 2398/3323/3527 2400/3322/3526 2425/3376/3579 2423/3377/3580
f 2392/3325/3581 2391/3324/3582 2416/3378/3583 2417/3379/3581
f 2403/3315/3519 2392/3325/3529 2417/3380/3584 2428/3372/3574
f 2393/3327/3585 2394/3326/3585 2419/3381/3585 2418/3382/3585
f 2394/3326/3530 2404/3316/3520 2429/3373/3575 2419/3383/3586
f 2409/3330/3587 2395/3329/3588 2420/3384/3588 2434/3385/3589
f 2395/3329/3533 2406/3331/3535 2431/3386/3590 2420/3387/3591
f 2397/3333/3592 2407/3332/3593 2432/3388/3594 2422/3389/3595
f 2396/3336/3540 2408/3335/3539 2433/3390/3596 2421/3391/3597
f 2406/3331/3535 2405/3337/3541 2430/3392/3598 2431/3386/3590
f 2399/3338/3599 2397/3333/3592 2422/3389/3595 2424/3393/3599
f 2412/3321/3577 2399/3338/3600 2424/3394/3600 2437/3374/3578
f 2405/3337/3541 2396/3336/3540 2421/3391/3597 2430/3392/3598
f 2391/3324/3582 2409/3330/3587 2434/3385/3589 2416/3378/3583
f 2408/3335/3539 2398/3323/3527 2423/3377/3580 2433/3390/3596
f 2407/3332/3593 2393/3327/3601 2418/3395/3601 2432/3388/3594
f 2426/3396/3602 2427/3397/3603 2446/3398/3604 2441/3399/3602
f 2427/3397/3603 2416/3400/3605 2442/3401/3605 2445/3402/3606
f 2416/3403/3583 2434/3404/3589 2443/3370/3572 2442/3369/3571
f 2434/3405/3607 2439/3406/3608 2448/3407/3609 2443/3408/3607
f 2439/3406/3608 2438/3409/3610 2444/3410/3610 2447/3411/3611
f 2438/3412/3612 2426/3413/3612 2441/3345/3549 2444/3344/3548
f 2427/3397/3603 2445/3402/3606 2446/3398/3604
f 2439/3406/3608 2447/3411/3611 2448/3407/3609
f 2446/3346/3550 2445/3368/3570 2448/3371/3573 2447/3343/3547
o plug_low
v 16.525444 57.800713 1.622828
v 18.307705 59.508507 4.841070
v 29.019444 46.648342 5.496818
v 17.666836 59.057480 6.282600
v 28.362385 46.196949 6.915081
v 16.439533 58.045830 6.685629
v 27.156181 45.189804 7.336474
v 14.612295 56.302826 3.511793
v 12.830031 54.595036 0.293552
v 23.869232 41.782116 1.302827
v 13.470874 55.046036 -1.148025
v 24.543755 42.235168 -0.093997
v 14.698206 56.057709 -1.551006
v 25.730877 43.239140 -0.534797
v 30.557854 43.694252 4.753062
v 29.997150 42.975639 6.016379
v 29.717121 42.138783 2.628749
v 28.725712 42.259785 6.562047
v 27.854927 40.680790 4.467404
v 26.313965 39.954086 2.291084
v 27.193554 40.295334 1.051494
v 28.146111 41.388554 0.482099
v 22.693138 46.704182 4.144724
v 24.650982 48.233818 2.204971
v 24.224052 47.030731 0.840519
v 22.281372 45.509720 2.758644
v 24.706379 45.400005 0.049632
v 22.774170 43.887192 1.957420
v 25.914337 43.968258 0.140451
v 23.984207 42.457077 2.046184
v 27.379337 43.276730 1.085390
v 25.456493 41.771244 2.983931
v 28.543011 43.594955 2.503085
v 26.618851 42.083996 4.422153
v 28.966633 44.794250 3.896683
v 27.044037 43.288971 5.794976
v 28.482716 46.423721 4.689143
v 26.552839 44.912735 6.594627
v 25.342800 46.342854 6.505864
v 27.274755 47.855473 4.598322
v 23.868921 47.027435 5.569689
v 25.811348 48.548252 3.651812
v 26.099979 50.287262 5.418948
v 20.622303 45.373795 0.871429
v 25.459126 49.836258 6.860510
v 24.231804 48.824593 7.263507
v 21.263165 45.824810 -0.570115
v 22.490475 46.836472 -0.973129
v 23.210800 49.924431 2.099003
v 21.261871 48.404919 4.031864
v 27.568661 48.548973 5.528021
v 22.090984 43.635502 0.980503
v 26.927813 48.097965 6.969588
v 25.700489 47.086296 7.372581
v 22.731850 44.086517 -0.461038
v 23.959160 45.098175 -0.864055
v 28.945450 41.221096 3.559918
v 8.360718 51.720566 14.662327
v 9.588022 52.732216 14.259298
v 17.378784 43.509796 14.838716
v 16.151464 42.498127 15.241714
v 10.228891 53.183239 12.817768
v 18.019634 43.960808 13.397154
v 6.619391 49.732449 6.425689
v 5.392060 48.720772 6.828673
v 13.182821 39.498352 7.408092
v 14.410134 40.510010 7.005076
v 4.751220 48.269768 8.270249
v 12.541962 39.047337 8.849637
v 20.645369 35.933327 14.540254
v 19.075949 38.863136 15.314627
v 20.282043 39.870491 14.893287
v 21.916807 36.649181 13.994586
v 20.938992 40.322090 13.475078
v 22.477512 37.367790 12.731268
v 20.065767 35.062096 8.460305
v 17.650187 36.912949 7.443263
v 16.463413 35.908710 7.884209
v 19.113213 33.968872 9.029700
v 15.789241 35.455391 9.281176
v 18.233624 33.627625 10.269290
v 16.573296 41.912685 10.187212
v 14.612337 40.374115 12.116727
v 15.789707 40.701862 13.546780
v 17.732140 42.222675 11.628902
v 17.263586 40.017281 14.482950
v 19.195547 41.529896 12.575416
v 18.473627 38.587162 14.571716
v 18.964828 36.963394 13.772066
v 20.887421 38.468681 11.873775
v 20.403503 40.098148 12.666235
v 18.530869 35.756001 12.388674
v 20.472393 37.271660 10.490919
v 17.377281 35.445671 10.961021
v 15.904997 36.131500 10.023273
v 17.835125 37.642685 8.117542
v 19.300129 36.951153 9.062480
v 16.627171 39.074432 8.026722
v 14.694960 37.561619 9.934509
v 14.202160 39.184143 10.735735
v 16.144842 40.705154 8.817608
v 19.774586 34.354328 12.445610
v 20.865108 34.894634 11.538124
v 6.533482 49.977558 11.488491
v 13.181352 42.071930 12.001678
v 15.132949 43.606312 10.083317
v 21.636778 35.812325 10.606955
v 17.620146 40.759834 15.350787
v 18.847471 41.771503 14.947794
v 19.488319 42.222511 13.506228
v 14.651508 37.760059 7.517169
v 15.878817 38.771721 7.114150
v 14.010647 37.309040 8.958712
v 8.446630 51.475449 9.599524
vn 0.4450 0.4254 0.7881
vn 0.4450 0.4254 0.7880
vn 0.6572 0.5851 0.4752
vn 0.6571 0.5851 0.4752
vn 0.1579 0.1941 0.9682
vn -0.4450 -0.4254 -0.7880
vn -0.6572 -0.5851 -0.4752
vn -0.1579 -0.1941 -0.9682
vn 0.8183 0.2882 0.4973
vn 0.7700 0.4026 0.4951
vn 0.5725 0.2525 0.7801
vn 0.6439 0.1288 0.7542
vn 0.3091 0.0418 0.9501
vn 0.3910 -0.0463 0.9192
vn -0.3899 -0.7926 -0.4687
vn -0.4865 -0.7318 -0.4772
vn -0.2868 -0.5877 -0.7565
vn -0.1896 -0.6668 -0.7207
vn -0.0318 -0.3758 -0.9261
vn 0.0334 -0.4612 -0.8867
vn 0.6445 -0.7631 0.0482
vn 0.6449 -0.7627 0.0488
vn 0.2611 -0.8677 -0.4231
vn -0.2236 -0.6407 -0.7345
vn -0.6222 -0.1692 -0.7643
vn -0.7835 0.3678 -0.5008
vn -0.6442 0.7635 -0.0459
vn -0.6450 0.7628 -0.0472
vn -0.2601 0.8673 0.4244
vn 0.2243 0.6401 0.7348
vn 0.6227 0.1684 0.7642
vn 0.7831 -0.3682 0.5012
vn 0.5523 -0.8280 -0.0972
vn 0.6590 -0.7221 -0.2104
vn 0.7513 -0.6563 -0.0699
vn 0.6446 -0.7630 0.0479
vn 0.6150 0.4823 -0.6239
vn 0.6207 0.4878 -0.6138
vn 0.6190 0.4898 -0.6140
vn 0.6094 0.4820 -0.6295
vn -0.6363 -0.4898 0.5959
vn -0.6272 -0.4800 0.6134
vn -0.6242 -0.4836 0.6136
vn -0.6339 -0.4913 0.5974
vn 0.6105 0.4569 -0.6470
vn 0.6266 0.4541 -0.6334
vn 0.6289 0.4550 -0.6304
vn 0.6122 0.4559 -0.6460
vn -0.6133 -0.5185 0.5959
vn -0.6013 -0.5102 0.6149
vn -0.6012 -0.5102 0.6150
vn -0.6156 -0.5194 0.5927
vn 0.6408 0.4634 -0.6120
vn 0.6408 0.4634 -0.6121
vn 0.6510 0.4773 -0.5903
vn 0.6498 0.4749 -0.5935
vn -0.5914 -0.4787 0.6489
vn -0.5905 -0.4956 0.6370
vn -0.5917 -0.4982 0.6338
vn -0.5917 -0.4781 0.6491
vn 0.6373 0.5040 -0.5829
vn 0.6260 0.5016 -0.5971
vn 0.6271 0.4990 -0.5982
vn 0.6362 0.5040 -0.5842
vn 0.4715 0.3932 0.7893
vn 0.6805 0.5538 0.4798
vn 0.1856 0.1663 0.9684
vn -0.4096 -0.4659 -0.7843
vn -0.6210 -0.6213 -0.4779
vn -0.1298 -0.2368 -0.9629
vn -0.6398 -0.5026 0.5814
vn -0.6397 -0.5012 0.5827
vn -0.6168 -0.4711 0.6306
vn -0.6158 -0.4739 0.6295
vn -0.6044 -0.4680 0.6447
vn -0.6057 -0.4681 0.6435
vn 0.6264 0.4932 -0.6037
vn 0.6031 0.4706 -0.6441
vn 0.6033 0.4719 -0.6429
vn 0.6070 0.4833 -0.6308
vn -0.6319 -0.5163 0.5780
vn -0.6301 -0.5173 0.5791
vn 0.6496 0.4933 -0.5785
vn 0.6494 0.4938 -0.5783
vn 0.8190 -0.5691 0.0729
vn 0.7152 -0.6722 0.1913
vn 0.6161 0.4932 -0.6141
vn -0.6166 -0.4802 0.6239
vn -0.6224 -0.4857 0.6137
vn -0.6282 -0.4912 0.6034
vn 0.5860 -0.7515 0.3029
vn 0.5144 -0.8417 0.1639
vn 0.4261 -0.9045 0.0196
vn 0.1579 0.1942 0.9682
vn 0.6572 0.5850 0.4752
vn -0.1579 -0.1942 -0.9682
vn -0.4450 -0.4254 -0.7881
vn -0.6572 -0.5850 -0.4752
vn 0.3091 0.0417 0.9501
vn -0.4865 -0.7319 -0.4772
vn 0.6449 -0.7628 0.0478
vn 0.2615 -0.8673 -0.4235
vn 0.6453 -0.7624 0.0484
vn -0.7827 0.3685 -0.5016
vn -0.6441 0.7634 -0.0481
vn -0.6434 0.7641 -0.0468
vn -0.6225 -0.4856 0.6137
vn -0.6282 -0.4910 0.6036
vn -0.6336 -0.4912 0.5978
vn 0.6190 0.4898 -0.6139
vn 0.6160 0.4934 -0.6141
vn 0.6066 0.4833 -0.6313
vn 0.6091 0.4819 -0.6299
vn -0.6315 -0.5155 0.5792
vn -0.6298 -0.5164 0.5802
vn -0.6135 -0.5177 0.5963
vn -0.6158 -0.5186 0.5932
vn 0.6291 0.4542 -0.6308
vn 0.6267 0.4532 -0.6339
vn 0.6414 0.4627 -0.6119
vn 0.6414 0.4627 -0.6120
vn -0.5913 -0.4954 0.6363
vn -0.6019 -0.5096 0.6149
vn -0.6019 -0.5095 0.6149
vn -0.5926 -0.4979 0.6332
vn 0.6504 0.4936 -0.5773
vn 0.6502 0.4942 -0.5771
vn 0.6506 0.4745 -0.5929
vn 0.6518 0.4770 -0.5896
vn -0.6050 -0.4687 0.6437
vn -0.6062 -0.4688 0.6425
vn -0.6159 -0.4742 0.6291
vn -0.6169 -0.4715 0.6302
vn 0.6024 0.4700 -0.6451
vn 0.6026 0.4714 -0.6439
vn 0.6261 0.5021 -0.5966
vn 0.6272 0.4993 -0.5978
vn 0.6378 0.5046 -0.5819
vn 0.6367 0.5046 -0.5831
vn -0.6168 -0.4802 0.6237
vn -0.6391 -0.5008 0.5837
vn -0.6392 -0.5021 0.5825
vn -0.6359 -0.4898 0.5964
vn 0.6117 0.4550 -0.6471
vn 0.6100 0.4559 -0.6481
vn -0.5926 -0.4786 0.6480
vn -0.5923 -0.4791 0.6478
vn -0.6271 -0.4802 0.6134
vn 0.6208 0.4877 -0.6138
vn 0.6265 0.4932 -0.6035
vn 0.6150 0.4821 -0.6240
vt 0.627947 0.083794
vt 0.703282 0.083604
vt 0.702530 0.096251
vt 0.627840 0.096357
vt 0.772418 0.067619
vt 0.847057 0.067831
vt 0.847821 0.080485
vt 0.772479 0.080184
vt 0.772480 0.005896
vt 0.847828 0.005597
vt 0.847055 0.018250
vt 0.772418 0.018462
vt 0.627887 0.145594
vt 0.702594 0.145694
vt 0.703372 0.158340
vt 0.628016 0.158161
vt 0.747032 0.106373
vt 0.730008 0.098346
vt 0.735648 0.087014
vt 0.758252 0.099376
vt 0.902877 0.064609
vt 0.880290 0.077083
vt 0.874620 0.065781
vt 0.891645 0.057684
vt 0.891642 0.028291
vt 0.875767 0.020679
vt 0.881710 0.009509
vt 0.902925 0.021392
vt 0.758579 0.142628
vt 0.737259 0.154442
vt 0.731358 0.143248
vt 0.747329 0.135722
vt 0.952307 0.148138
vt 0.917620 0.148145
vt 0.917790 0.132623
vt 0.952177 0.132666
vt 0.917900 0.118976
vt 0.952102 0.119019
vt 0.917934 0.106590
vt 0.918015 0.092943
vt 0.952051 0.092985
vt 0.952099 0.106633
vt 0.917943 0.077369
vt 0.952161 0.077514
vt 0.918046 0.062013
vt 0.917993 0.048365
vt 0.952162 0.048394
vt 0.952086 0.062041
vt 0.952191 0.036008
vt 0.917985 0.035979
vt 0.917904 0.022332
vt 0.952296 0.022361
vt 0.750099 0.121015
vt 0.765173 0.120957
vt 0.627723 0.120974
vt 0.691701 0.120977
vt 0.853312 0.032079
vt 0.850247 0.043108
vt 0.836436 0.043094
vt 0.728052 0.138092
vt 0.735538 0.131068
vt 0.894268 0.042988
vt 0.882788 0.043056
vt 0.879806 0.032897
vt 0.738653 0.121117
vt 0.735283 0.110996
vt 0.872433 0.060284
vt 0.879829 0.053209
vt 0.717428 0.103405
vt 0.708670 0.109993
vt 0.716248 0.096391
vt 0.952456 0.006889
vt 0.917768 0.006917
vt 0.718797 0.084092
vt 0.860831 0.067723
vt 0.863373 0.080016
vt 0.863389 0.006088
vt 0.860820 0.018358
vt 0.716370 0.145559
vt 0.718935 0.157837
vt 0.862035 0.025477
vt 0.853304 0.054135
vt 0.862026 0.060716
vt 0.717583 0.138436
vt 0.708754 0.131820
vt 0.872442 0.025822
vt 0.727829 0.103862
vt 0.705379 0.120946
vt 0.772365 0.043041
vt 0.909430 0.042998
vt 0.702367 0.068020
vt 0.703088 0.080675
vt 0.627746 0.080235
vt 0.627729 0.067670
vt 0.848139 0.082894
vt 0.847383 0.095544
vt 0.772682 0.095654
vt 0.772801 0.083090
vt 0.847385 0.145000
vt 0.848154 0.157648
vt 0.772809 0.157458
vt 0.772686 0.144893
vt 0.703333 0.005789
vt 0.702525 0.018440
vt 0.627887 0.018513
vt 0.627985 0.005947
vt 0.746982 0.057952
vt 0.758193 0.064898
vt 0.735570 0.077332
vt 0.729936 0.066019
vt 0.903205 0.098685
vt 0.891993 0.105633
vt 0.874928 0.097595
vt 0.880568 0.086277
vt 0.891993 0.135001
vt 0.903259 0.141921
vt 0.882000 0.153746
vt 0.876082 0.142560
vt 0.758386 0.021681
vt 0.747082 0.028559
vt 0.731232 0.020920
vt 0.737206 0.009759
vt 0.959135 0.147825
vt 0.959258 0.132353
vt 0.993645 0.132292
vt 0.993823 0.147814
vt 0.959326 0.118705
vt 0.993528 0.118645
vt 0.993488 0.106259
vt 0.959323 0.106319
vt 0.959363 0.092671
vt 0.993399 0.092611
vt 0.959246 0.077200
vt 0.993463 0.077038
vt 0.993353 0.061682
vt 0.959313 0.061727
vt 0.959230 0.048080
vt 0.993400 0.048034
vt 0.959195 0.035694
vt 0.959084 0.022047
vt 0.993476 0.022001
vt 0.993401 0.035648
vt 0.764818 0.043301
vt 0.749656 0.043262
vt 0.691854 0.043207
vt 0.627755 0.043091
vt 0.836496 0.120219
vt 0.850189 0.120205
vt 0.853541 0.131126
vt 0.727890 0.026054
vt 0.735232 0.033140
vt 0.880187 0.130346
vt 0.883300 0.120249
vt 0.894753 0.120316
vt 0.735181 0.053454
vt 0.738150 0.043226
vt 0.872757 0.103101
vt 0.880207 0.110160
vt 0.717358 0.060934
vt 0.716140 0.067937
vt 0.708657 0.054336
vt 0.958915 0.006575
vt 0.993603 0.006586
vt 0.718643 0.080235
vt 0.863671 0.083368
vt 0.861134 0.095669
vt 0.861129 0.144870
vt 0.863699 0.157148
vt 0.718894 0.006306
vt 0.716289 0.018572
vt 0.862338 0.137745
vt 0.853536 0.109285
vt 0.862327 0.102682
vt 0.717483 0.025692
vt 0.708738 0.032280
vt 0.872769 0.137407
vt 0.727765 0.060520
vt 0.705651 0.043264
vt 0.772545 0.120273
vt 0.909874 0.120305
s 1
usemtl 03_-_Default
f 2452/3414/3613 2493/3415/3614 2491/3416/3615 2450/3417/3616
f 2454/3418/3617 2494/3419/3617 2493/3420/3614 2452/3421/3613
f 2459/3422/3618 2495/3423/3618 2492/3424/3619 2457/3425/3619
f 2461/3426/3620 2496/3427/3620 2495/3428/3618 2459/3429/3618
f 2463/3430/3621 2451/3431/3622 2453/3432/3623 2464/3433/3624
f 2464/3434/3624 2453/3435/3623 2455/3436/3625 2466/3437/3626
f 2468/3438/3627 2458/3439/3628 2460/3440/3629 2469/3441/3630
f 2469/3442/3630 2460/3443/3629 2462/3444/3631 2470/3445/3632
f 2471/3446/3633 2472/3447/3634 2490/3448/3635 2489/3449/3635
f 2489/3449/3635 2490/3448/3635 2488/3450/3636 2487/3451/3636
f 2485/3452/3637 2483/3453/3638 2484/3454/3638 2486/3455/3637
f 2483/3453/3638 2481/3456/3639 2482/3457/3640 2484/3454/3638
f 2479/3458/3641 2477/3459/3642 2478/3460/3642 2480/3461/3641
f 2476/3462/3643 2475/3463/3643 2473/3464/3644 2474/3465/3644
f 2469/3442/3645 2470/3445/3646 2465/3466/3647 2505/3467/3648
f 2461/3426/3649 2449/3468/3650 2497/3469/3651 2496/3427/3652
f 2474/3470/3653 2471/3471/3654 2498/3472/3655 2492/3424/3656
f 2477/3473/3657 2479/3474/3658 2470/3445/3659 2462/3444/3660
f 2468/3438/3661 2467/3475/3662 2482/3476/3663 2480/3477/3664
f 2465/3466/3665 2481/3478/3666 2483/3479/3667 2463/3430/3668
f 2486/3480/3669 2484/3481/3670 2466/3437/3671 2455/3436/3672
f 2488/3482/3673 2490/3483/3674 2491/3416/3675 2499/3484/3676
f 2488/3450/3636 2485/3452/3637 2486/3455/3637 2487/3451/3636
f 2481/3456/3639 2479/3458/3641 2480/3461/3641 2482/3457/3640
f 2478/3460/3642 2477/3459/3642 2475/3463/3643 2476/3462/3643
f 2471/3485/3633 2474/3465/3644 2473/3464/3644 2472/3486/3634
f 2501/3487/3677 2499/3484/3678 2491/3416/3615 2493/3415/3614
f 2502/3488/3679 2501/3489/3677 2493/3420/3614 2494/3419/3617
f 2503/3490/3680 2500/3491/3681 2492/3424/3619 2495/3423/3618
f 2504/3492/3682 2503/3493/3680 2495/3428/3618 2496/3427/3620
f 2476/3494/3683 2474/3470/3653 2492/3424/3656 2500/3491/3684
f 2498/3472/3655 2471/3471/3654 2489/3495/3685 2494/3419/3686
f 2487/3496/3687 2486/3480/3669 2455/3436/3672 2502/3488/3688
f 2449/3468/3650 2450/3417/3689 2491/3416/3675 2497/3469/3651
f 2475/3497/3690 2504/3492/3691 2496/3427/3652 2473/3498/3692
f 2478/3499/3693 2458/3439/3694 2468/3438/3661 2480/3477/3664
f 2484/3481/3670 2482/3476/3663 2467/3475/3662 2466/3437/3671
f 2481/3478/3666 2465/3466/3665 2470/3445/3659 2479/3474/3658
f 2483/3479/3667 2485/3500/3695 2451/3431/3696 2463/3430/3668
f 2465/3466/3647 2463/3430/3697 2464/3433/3698 2505/3467/3648
f 2491/3416/3675 2490/3483/3674 2472/3501/3699 2497/3469/3651
f 2472/3501/3699 2473/3498/3692 2496/3427/3652 2497/3469/3651
f 2454/3418/3700 2456/3502/3701 2498/3472/3655 2494/3419/3686
f 2456/3502/3701 2457/3425/3702 2492/3424/3656 2498/3472/3655
f 2453/3432/3623 2451/3431/3622 2499/3484/3678 2501/3487/3677
f 2455/3436/3625 2453/3435/3623 2501/3489/3677 2502/3488/3679
f 2460/3440/3629 2458/3439/3628 2500/3491/3681 2503/3490/3680
f 2462/3444/3631 2460/3443/3629 2503/3493/3680 2504/3492/3682
f 2494/3419/3686 2489/3495/3685 2487/3496/3687 2502/3488/3688
f 2458/3439/3694 2478/3499/3693 2476/3494/3683 2500/3491/3684
f 2451/3431/3696 2485/3500/3695 2488/3482/3673 2499/3484/3676
f 2475/3497/3690 2477/3473/3657 2462/3444/3660 2504/3492/3691
f 2464/3434/3698 2466/3437/3703 2467/3475/3704 2505/3503/3648
f 2467/3475/3704 2468/3438/3705 2469/3441/3645 2505/3503/3648
f 2509/3504/3706 2508/3505/3614 2507/3506/3614 2506/3507/3706
f 2508/3508/3614 2511/3509/3615 2510/3510/3707 2507/3511/3614
f 2515/3512/3708 2514/3513/3618 2513/3514/3709 2512/3515/3708
f 2514/3516/3618 2517/3517/3619 2516/3518/3710 2513/3519/3709
f 2518/3520/3626 2521/3521/3624 2520/3522/3623 2519/3523/3711
f 2521/3524/3624 2523/3525/3621 2522/3526/3622 2520/3527/3623
f 2524/3528/3632 2527/3529/3630 2526/3530/3629 2525/3531/3631
f 2527/3532/3630 2529/3533/3627 2528/3534/3712 2526/3535/3629
f 2530/3536/3713 2533/3537/3714 2532/3538/3714 2531/3539/3715
f 2533/3537/3714 2535/3540/3636 2534/3541/3636 2532/3538/3714
f 2536/3542/3637 2539/3543/3637 2538/3544/3716 2537/3545/3716
f 2537/3545/3716 2538/3544/3716 2541/3546/3717 2540/3547/3718
f 2542/3548/3641 2545/3549/3641 2544/3550/3642 2543/3551/3642
f 2546/3552/3643 2549/3553/3644 2548/3554/3644 2547/3555/3643
f 2527/3532/3645 2551/3556/3648 2550/3557/3704 2529/3533/3705
f 2553/3558/3655 2552/3559/3719 2516/3518/3720 2517/3517/3721
f 2554/3560/3722 2530/3561/3723 2549/3562/3724 2515/3512/3725
f 2543/3563/3726 2528/3534/3727 2529/3533/3728 2542/3564/3729
f 2524/3528/3730 2545/3565/3731 2541/3566/3732 2555/3567/3733
f 2537/3568/3734 2540/3569/3735 2550/3557/3736 2518/3520/3737
f 2539/3570/3738 2522/3526/3739 2523/3525/3740 2538/3571/3741
f 2534/3572/3742 2556/3573/3743 2509/3504/3744 2532/3574/3745
f 2534/3541/3636 2535/3540/3636 2539/3543/3637 2536/3542/3637
f 2540/3547/3718 2541/3546/3717 2545/3549/3641 2542/3548/3641
f 2544/3550/3642 2546/3552/3643 2547/3555/3643 2543/3551/3642
f 2530/3575/3713 2531/3576/3715 2548/3554/3644 2549/3553/3644
f 2509/3504/3706 2556/3573/3679 2557/3577/3677 2508/3505/3614
f 2508/3508/3614 2557/3578/3677 2558/3579/3678 2511/3509/3615
f 2515/3512/3708 2560/3580/3682 2559/3581/3680 2514/3513/3618
f 2514/3516/3618 2559/3582/3680 2561/3583/3681 2517/3517/3619
f 2546/3584/3746 2560/3580/3747 2515/3512/3725 2549/3562/3724
f 2533/3585/3748 2530/3561/3723 2554/3560/3722 2511/3509/3749
f 2535/3586/3750 2558/3579/3751 2522/3526/3739 2539/3570/3738
f 2509/3504/3744 2506/3507/3752 2552/3559/3719 2553/3558/3655
f 2517/3517/3721 2561/3583/3753 2547/3587/3754 2548/3588/3755
f 2524/3528/3730 2525/3531/3756 2544/3589/3757 2545/3565/3731
f 2538/3571/3741 2523/3525/3740 2555/3567/3733 2541/3566/3732
f 2529/3533/3728 2550/3557/3736 2540/3569/3735 2542/3564/3729
f 2537/3568/3734 2518/3520/3737 2519/3523/3758 2536/3590/3759
f 2550/3557/3704 2551/3556/3648 2521/3521/3698 2518/3520/3703
f 2509/3504/3744 2553/3558/3655 2531/3591/3760 2532/3574/3745
f 2517/3517/3721 2548/3588/3755 2531/3591/3760 2553/3558/3655
f 2554/3560/3722 2562/3592/3761 2510/3510/3762 2511/3509/3749
f 2515/3512/3725 2512/3515/3763 2562/3592/3761 2554/3560/3722
f 2556/3573/3679 2519/3523/3711 2520/3522/3623 2557/3577/3677
f 2557/3578/3677 2520/3527/3623 2522/3526/3622 2558/3579/3678
f 2560/3580/3682 2525/3531/3631 2526/3530/3629 2559/3581/3680
f 2559/3582/3680 2526/3535/3629 2528/3534/3712 2561/3583/3681
f 2535/3586/3750 2533/3585/3748 2511/3509/3749 2558/3579/3751
f 2546/3584/3746 2544/3589/3757 2525/3531/3756 2560/3580/3747
f 2534/3572/3742 2536/3590/3759 2519/3523/3758 2556/3573/3743
f 2547/3587/3754 2561/3583/3753 2528/3534/3727 2543/3563/3726
f 2521/3524/3698 2551/3593/3648 2555/3567/3647 2523/3525/3697
f 2527/3529/3645 2524/3528/3646 2555/3567/3647 2551/3593/3648
